
#if defined(LV_LVGL_H_INCLUDE_SIMPLE)
#include "lvgl.h"
#elif defined(LV_BUILD_TEST)
#include "../lvgl.h"
#else
#include "lvgl/lvgl.h"
#endif


#ifndef LV_ATTRIBUTE_MEM_ALIGN
#define LV_ATTRIBUTE_MEM_ALIGN
#endif

#ifndef LV_ATTRIBUTE_EMOJI_1F60E_64
#define LV_ATTRIBUTE_EMOJI_1F60E_64
#endif

static const
LV_ATTRIBUTE_MEM_ALIGN LV_ATTRIBUTE_LARGE_CONST LV_ATTRIBUTE_EMOJI_1F60E_64
uint8_t emoji_1f60e_64_map[] = {

    0x01,0x00,0x00,0x00,0x87,0xf0,0x00,0x00,0x00,0x25,0x02,0x00,0xbf,0xa0,0xfe,0xa0,
    0xfe,0xa0,0xfe,0xa0,0xfe,0xa0,0xfe,0xa0,0xfe,0xa0,0xfe,0xa0,0xfe,0xa0,0xfe,0xa0,
    0xfe,0xa0,0xfe,0xa0,0xfe,0xa0,0xfe,0xa0,0xfe,0xa0,0xfe,0xc0,0xfe,0xc0,0xfe,0xc0,
    0xfe,0xc0,0xfe,0xc0,0xfe,0xc0,0xfe,0xc0,0xfe,0xc0,0xfe,0xc0,0xfe,0xa0,0xfe,0xa0,
    0xfe,0xa0,0xfe,0xa0,0xfe,0xa0,0xfe,0xa0,0xfe,0xa0,0xfe,0xa0,0xfe,0xa0,0xfe,0xa0,
    0xfe,0xa0,0xfe,0xa0,0xfe,0xa0,0xfe,0xa0,0xfe,0xa0,0xfe,0xc0,0xfe,0xc0,0xfe,0xc0,
    0xfe,0xc0,0xfe,0xc0,0xfe,0xc0,0xfe,0xa0,0xfe,0xc0,0xfe,0xc0,0xfe,0xa0,0xfe,0xa0,
    0xfe,0xa0,0xfe,0xa0,0xfe,0xa0,0xfe,0xc0,0xfe,0xc0,0xfe,0xc0,0xfe,0xc0,0xfe,0xa0,
    0xfe,0xa0,0xfe,0xa0,0xfe,0xa0,0xfe,0xa0,0xfe,0xc0,0xfe,0x14,0xc0,0xfe,0xb9,0xa0,
    0xfe,0xa0,0xfe,0xa0,0xfe,0xa0,0xfe,0xa0,0xfe,0xa0,0xfe,0xa0,0xfe,0xc0,0xfe,0xc0,
    0xfe,0xc0,0xfe,0xc0,0xfe,0xc0,0xfe,0xc0,0xfe,0xc0,0xfe,0xc0,0xfe,0xc0,0xfe,0xc0,
    0xfe,0xc0,0xfe,0xc0,0xfe,0xc0,0xfe,0xc0,0xfe,0xa0,0xfe,0xa0,0xfe,0xa0,0xfe,0xa0,
    0xfe,0xa0,0xfe,0xc0,0xfe,0xa0,0xfe,0xc0,0xfe,0xc0,0xfe,0xc0,0xfe,0xc0,0xfe,0xc0,
    0xfe,0xc0,0xfe,0xa0,0xfe,0xa0,0xfe,0xa0,0xfe,0xa0,0xfe,0xa0,0xfe,0xa0,0xfe,0xa0,
    0xfe,0xa0,0xfe,0xc0,0xfe,0xa0,0xfe,0xc0,0xfe,0xa0,0xfe,0xa0,0xfe,0xa0,0xfe,0xa0,
    0xfe,0xa0,0xfe,0xa0,0xfe,0xa0,0xfe,0xa0,0xfe,0xa0,0xfe,0xa0,0xfe,0xa0,0xfe,0xc0,
    0xfe,0x12,0xc0,0xfe,0xc2,0xa0,0xfe,0xa0,0xfe,0xa0,0xfe,0xc0,0xfe,0xc0,0xfe,0xc0,
    0xfe,0xa0,0xfe,0xa0,0xfe,0xa0,0xfe,0xa0,0xfe,0xa0,0xfe,0xa0,0xfe,0xa0,0xfe,0xa0,
    0xfe,0xa0,0xfe,0xc0,0xfe,0xc0,0xfe,0xc0,0xfe,0xc0,0xfe,0xa0,0xfe,0xa0,0xfe,0xa0,
    0xfe,0xa0,0xfe,0xc0,0xfe,0xa0,0xfe,0xa0,0xfe,0xa0,0xfe,0xa0,0xfe,0xc0,0xfe,0xa0,
    0xfe,0xa0,0xfe,0xa0,0xfe,0xc0,0xfe,0xc0,0xfe,0xc0,0xfe,0xc0,0xfe,0xa0,0xfe,0xa0,
    0xfe,0xa0,0xfe,0xa0,0xfe,0xc0,0xfe,0xc0,0xfe,0xc0,0xfe,0xc0,0xfe,0xc0,0xfe,0xc0,
    0xfe,0xc0,0xfe,0xc0,0xfe,0xc0,0xfe,0xc0,0xfe,0xc0,0xfe,0xa0,0xfe,0xa0,0xfe,0xa0,
    0xfe,0xa0,0xfe,0xa0,0xfe,0xa0,0xfe,0xa0,0xfe,0xa0,0xfe,0xa0,0xfe,0xa0,0xfe,0xa0,
    0xfe,0xc0,0xfe,0xc0,0xfe,0xc0,0xfe,0xa0,0xfe,0x15,0xa0,0xfe,0x84,0xc0,0xfe,0xc0,
    0xfe,0xc0,0xfe,0xa0,0xfe,0x1c,0xa0,0xfe,0xa2,0xc0,0xfe,0xc0,0xfe,0xc0,0xfe,0xc0,
    0xfe,0xc0,0xfe,0xc0,0xfe,0xc0,0xfe,0xc0,0xfe,0xc0,0xfe,0xc0,0xfe,0xa0,0xfe,0xa0,
    0xfe,0xa0,0xfe,0xa0,0xfe,0xa0,0xfe,0xa0,0xfe,0xa0,0xfe,0xa0,0xfe,0xa0,0xfe,0xa0,
    0xfe,0xa0,0xfe,0xa0,0xfe,0xa0,0xfe,0xa0,0xfe,0xa0,0xfe,0xa0,0xfe,0xc0,0xfe,0xc0,
    0xfe,0xc0,0xfe,0xc0,0xfe,0xc0,0xfe,0xc0,0xfe,0xc0,0xfe,0xa0,0xfe,0x12,0xa0,0xfe,
    0xc9,0xc0,0xfe,0xc0,0xfe,0xc0,0xfe,0xc0,0xfe,0xc0,0xfe,0xc0,0xfe,0xc0,0xfe,0xa0,
    0xfe,0xa0,0xfe,0xa0,0xfe,0xa0,0xfe,0xa0,0xfe,0xc0,0xfe,0xc0,0xfe,0xc0,0xfe,0xc0,
    0xfe,0xc0,0xfe,0xa0,0xfe,0xa0,0xfe,0xc0,0xfe,0xc0,0xfe,0xc0,0xfe,0xc0,0xfe,0xa0,
    0xfe,0xc0,0xfe,0xc0,0xfe,0xc0,0xfe,0xc0,0xfe,0xc0,0xfe,0xc0,0xfe,0xc0,0xfe,0xc0,
    0xfe,0xc0,0xfe,0xc0,0xfe,0xc0,0xfe,0xc0,0xfe,0xc0,0xfe,0xc0,0xfe,0xc0,0xfe,0xa0,
    0xfe,0xc0,0xfe,0xc0,0xfe,0xa0,0xfe,0xa0,0xfe,0xa0,0xfe,0xa0,0xfe,0xa0,0xfe,0xa0,
    0xfe,0xa0,0xfe,0xa0,0xfe,0xa0,0xfe,0xa0,0xfe,0xc0,0xfe,0xc0,0xfe,0xc0,0xfe,0xc0,
    0xfe,0xc0,0xfe,0xc0,0xfe,0xa0,0xfe,0xc0,0xfe,0xc0,0xfe,0xc0,0xfe,0xc0,0xfe,0xc0,
    0xfe,0xa0,0xfe,0xa0,0xfe,0xa0,0xfe,0xa0,0xfe,0xa0,0xfe,0xa0,0xfe,0xa0,0xfe,0xc0,
    0xfe,0xa0,0xfe,0x19,0xa0,0xfe,0xee,0xc0,0xfe,0xc0,0xfe,0xc0,0xfe,0xc0,0xfe,0xc0,
    0xfe,0xc0,0xfe,0xc0,0xfe,0xa0,0xfe,0xc0,0xfe,0xa0,0xfe,0xa0,0xfe,0xc0,0xfe,0xc0,
    0xfe,0xc0,0xfe,0xc0,0xfe,0xc0,0xfe,0xc0,0xfe,0xc0,0xfe,0xc0,0xfe,0xc0,0xfe,0xc0,
    0xfe,0xa0,0xfe,0xc0,0xfe,0xc0,0xfe,0xc0,0xfe,0xc0,0xfe,0xc0,0xfe,0xa0,0xfe,0xa0,
    0xfe,0xa0,0xfe,0xa0,0xfe,0xa0,0xfe,0xa0,0xfe,0xa0,0xfe,0xa0,0xfe,0xc0,0xfe,0xc0,
    0xfe,0xa0,0xfe,0xa0,0xfe,0xa0,0xfe,0xa0,0xfe,0xa0,0xfe,0xa0,0xfe,0xa0,0xfe,0xa0,
    0xfe,0xa0,0xfe,0xa0,0xfe,0xa0,0xfe,0xc0,0xfe,0xc0,0xfe,0xa0,0xfe,0xc0,0xfe,0xc0,
    0xfe,0xc0,0xfe,0xa0,0xfe,0xa0,0xfe,0xa0,0xfe,0xa0,0xfe,0xa0,0xfe,0xc0,0xfe,0xc0,
    0xfe,0xc0,0xfe,0xc0,0xfe,0xc0,0xfe,0xc0,0xfe,0xc0,0xfe,0xc0,0xfe,0xc0,0xfe,0xc0,
    0xfe,0xc0,0xfe,0xa0,0xfe,0xa0,0xfe,0xa0,0xfe,0xa0,0xfe,0xa0,0xfe,0xa0,0xfe,0xa0,
    0xfe,0xa0,0xfe,0xa0,0xfe,0xa0,0xfe,0xa0,0xfe,0xa0,0xfe,0xc0,0xfe,0xc0,0xfe,0xc0,
    0xfe,0xc0,0xfe,0xa0,0xfe,0xa0,0xfe,0xa0,0xfe,0xa0,0xfe,0xa0,0xfe,0xa0,0xfe,0xa0,
    0xfe,0xa0,0xfe,0xa0,0xfe,0xa0,0xfe,0xc0,0xfe,0xa0,0xfe,0xa0,0xfe,0xa0,0xfe,0xa0,
    0xfe,0xa0,0xfe,0xa0,0xfe,0xa0,0xfe,0xa0,0xfe,0xa0,0xfe,0xa0,0xfe,0xc0,0xfe,0xc0,
    0xfe,0xa0,0xfe,0x1b,0xa0,0xfe,0x9e,0xc0,0xfe,0xc0,0xfe,0xc0,0xfe,0xc0,0xfe,0xc0,
    0xfe,0xc0,0xfe,0xc0,0xfe,0xc0,0xfe,0xc0,0xfe,0xc0,0xfe,0xc0,0xfe,0xa0,0xfe,0xa0,
    0xfe,0xa0,0xfe,0xc0,0xfe,0xa0,0xfe,0xa0,0xfe,0xa0,0xfe,0xa0,0xfe,0xa0,0xfe,0xa0,
    0xfe,0xa0,0xfe,0xa0,0xfe,0xa0,0xfe,0xa0,0xfe,0xa0,0xfe,0xa0,0xfe,0xc0,0xfe,0xc0,
    0xfe,0xa0,0xfe,0x16,0xa0,0xfe,0x95,0xc0,0xfe,0xc0,0xfe,0xc0,0xfe,0xc0,0xfe,0xc0,
    0xfe,0xc0,0xfe,0xc0,0xfe,0xa0,0xfe,0xa0,0xfe,0xa0,0xfe,0xa0,0xfe,0xa0,0xfe,0xc0,
    0xfe,0xa0,0xfe,0xc0,0xfe,0xc0,0xfe,0xc0,0xfe,0xc0,0xfe,0xc0,0xfe,0xa0,0xfe,0xc0,
    0xfe,0x17,0xc0,0xfe,0x97,0xa0,0xfe,0xa0,0xfe,0xc0,0xfe,0xc0,0xfe,0xa0,0xfe,0xa0,
    0xfe,0xa0,0xfe,0xa0,0xfe,0xa0,0xfe,0xa0,0xfe,0xa0,0xfe,0xa0,0xfe,0xc0,0xfe,0xc0,
    0xfe,0xc0,0xfe,0xc0,0xfe,0xc0,0xfe,0xc0,0xfe,0xc0,0xfe,0xc0,0xfe,0xc0,0xfe,0xc0,
    0xfe,0xa0,0xfe,0x21,0xa0,0xfe,0xf1,0xc0,0xfe,0xc0,0xfe,0xc0,0xfe,0xc0,0xfe,0xc0,
    0xfe,0xc0,0xfe,0xc0,0xfe,0xc0,0xfe,0xc0,0xfe,0xc0,0xfe,0xc0,0xfe,0xc0,0xfe,0xc0,
    0xfe,0xc0,0xfe,0xa0,0xfe,0xc0,0xfe,0xc0,0xfe,0xc0,0xfe,0xc0,0xfe,0xc0,0xfe,0xc0,
    0xfe,0xc0,0xfe,0xc0,0xfe,0xc0,0xfe,0xc0,0xfe,0xc0,0xfe,0xa0,0xfe,0xa0,0xfe,0xa0,
    0xfe,0xa0,0xfe,0xa0,0xfe,0xa0,0xfe,0xa0,0xfe,0xc0,0xfe,0xc0,0xfe,0xa0,0xfe,0xa0,
    0xfe,0xa0,0xfe,0xc0,0xfe,0xc0,0xfe,0xc0,0xfe,0xa0,0xfe,0xa0,0xfe,0xa0,0xfe,0xa0,
    0xfe,0xa0,0xfe,0xc0,0xfe,0xa0,0xfe,0xa0,0xfe,0xa0,0xfe,0xc0,0xfe,0xc0,0xfe,0xc0,
    0xfe,0xa0,0xfe,0xa0,0xfe,0xa0,0xfe,0xa0,0xfe,0xc0,0xfe,0xc0,0xfe,0xc0,0xfe,0xc0,
    0xfe,0xa0,0xfe,0xa0,0xfe,0xa0,0xfe,0xa0,0xfe,0xc0,0xfe,0xc0,0xfe,0xc0,0xfe,0xc0,
    0xfe,0xa0,0xfe,0xa0,0xfe,0xa0,0xfe,0xa0,0xfe,0xa0,0xfe,0xa0,0xfe,0xa0,0xfe,0xa0,
    0xfe,0xa0,0xfe,0xa0,0xfe,0xa0,0xfe,0xc0,0xfe,0xc0,0xfe,0xc0,0xfe,0xc0,0xfe,0xa0,
    0xfe,0xc0,0xfe,0xa0,0xfe,0xc0,0xfe,0xa0,0xfe,0xa0,0xfe,0xa0,0xfe,0xa0,0xfe,0xa0,
    0xfe,0xa0,0xfe,0xc0,0xfe,0xa0,0xfe,0xc0,0xfe,0xc0,0xfe,0xa0,0xfe,0xa0,0xfe,0xa0,
    0xfe,0xa0,0xfe,0xa0,0xfe,0xa0,0xfe,0xa0,0xfe,0xa0,0xfe,0xa0,0xfe,0xa0,0xfe,0xa0,
    0xfe,0xa0,0xfe,0xa0,0xfe,0xc0,0xfe,0xa0,0xfe,0x18,0xa0,0xfe,0x8b,0xc0,0xfe,0xc0,
    0xfe,0xc0,0xfe,0xc0,0xfe,0xc0,0xfe,0xc0,0xfe,0xc0,0xfe,0xc0,0xfe,0xc0,0xfe,0xc0,
    0xfe,0xa0,0xfe,0x29,0xa0,0xfe,0xb0,0xc0,0xfe,0xc0,0xfe,0xc0,0xfe,0xc0,0xfe,0xa0,
    0xfe,0xa0,0xfe,0xa0,0xfe,0xa0,0xfe,0xa0,0xfe,0xa0,0xfe,0xa0,0xfe,0xa0,0xfe,0xa0,
    0xfe,0xa0,0xfe,0xa0,0xfe,0xa0,0xfe,0xc0,0xfe,0xa0,0xfe,0xa0,0xfe,0xc0,0xfe,0xa0,
    0xfe,0xa0,0xfe,0xa0,0xfe,0xa0,0xfe,0xa0,0xfe,0xa0,0xfe,0xa0,0xfe,0xc0,0xfe,0xc0,
    0xfe,0xc0,0xfe,0xc0,0xfe,0xc0,0xfe,0xc0,0xfe,0xc0,0xfe,0xa0,0xfe,0xa0,0xfe,0xa0,
    0xfe,0xa0,0xfe,0xa0,0xfe,0xa0,0xfe,0xa0,0xfe,0xa0,0xfe,0xa0,0xfe,0xa0,0xfe,0xa0,
    0xfe,0xa0,0xfe,0xc0,0xfe,0xa0,0xfe,0x39,0xa0,0xfe,0xb0,0xc0,0xfe,0xa0,0xfe,0xa0,
    0xfe,0xa0,0xfe,0xa0,0xfe,0xa0,0xfe,0xa0,0xfe,0xa0,0xfe,0xa0,0xfe,0xa0,0xfe,0xa0,
    0xfe,0xa0,0xfe,0xc0,0xfe,0xc0,0xfe,0xc0,0xfe,0xc0,0xfe,0xc0,0xfe,0xc0,0xfe,0xa0,
    0xfe,0xa0,0xfe,0xa0,0xfe,0xa0,0xfe,0xa0,0xfe,0xa0,0xfe,0xa0,0xfe,0xa0,0xfe,0xc0,
    0xfe,0xc0,0xfe,0xc0,0xfe,0xa0,0xfe,0xa0,0xfe,0xa0,0xfe,0xa0,0xfe,0xa0,0xfe,0xa0,
    0xfe,0xa0,0xfe,0xa0,0xfe,0xa0,0xfe,0xa0,0xfe,0xa0,0xfe,0xa0,0xfe,0xa0,0xfe,0xa0,
    0xfe,0xa0,0xfe,0xa0,0xfe,0xc0,0xfe,0xc0,0xfe,0xa0,0xfe,0x23,0xa0,0xfe,0x83,0xc0,
    0xfe,0xc0,0xfe,0xa0,0xfe,0x18,0xa0,0xfe,0x82,0xc0,0xfe,0xa0,0xfe,0x16,0xa0,0xfe,
    0x82,0xc0,0xfe,0xa0,0xfe,0x25,0xa0,0xfe,0x84,0x80,0xfe,0xa0,0xfe,0x80,0xfe,0xa0,
    0xfe,0x20,0xa0,0xfe,0x89,0xc0,0xfe,0xa0,0xfe,0xc0,0xfe,0xc0,0xfe,0xc0,0xfe,0xc0,
    0xfe,0xc0,0xfe,0xc0,0xfe,0xa0,0xfe,0x53,0xa0,0xfe,0x86,0xc0,0xfe,0xc0,0xfe,0xc0,
    0xfe,0xc0,0xfe,0xc0,0xfe,0xa0,0xfe,0x74,0xa0,0xfe,0x8b,0xc0,0xfe,0xa0,0xfe,0xa0,
    0xfe,0xa0,0xfe,0xa0,0xfe,0xa0,0xfe,0xa0,0xfe,0xa0,0xfe,0xc0,0xfe,0xc0,0xfe,0xa0,
    0xfe,0x1a,0xa0,0xfe,0x8e,0x80,0xfe,0xa0,0xfe,0xa0,0xfe,0x80,0xfe,0xa0,0xfe,0xa0,
    0xfe,0xa0,0xfe,0xa0,0xfe,0xa0,0xfe,0xa0,0xfe,0xa0,0xfe,0xa0,0xfe,0xc0,0xfe,0xa0,
    0xfe,0x11,0xa0,0xfe,0x98,0xc0,0xfe,0xa0,0xfe,0xa0,0xfe,0xa0,0xfe,0xa0,0xfe,0xa0,
    0xfe,0xc0,0xfe,0xc0,0xfe,0xc0,0xfe,0xc0,0xfe,0xc0,0xfe,0xc0,0xfe,0xc0,0xfe,0xa0,
    0xfe,0xa0,0xfe,0xa0,0xfe,0xa0,0xfe,0xa0,0xfe,0xa0,0xfe,0xa0,0xfe,0xa0,0xfe,0xa0,
    0xfe,0xc0,0xfe,0xa0,0xfe,0x38,0xa0,0xfe,0x98,0xc0,0xfe,0xa0,0xfe,0xa0,0xfe,0xa0,
    0xfe,0xa0,0xfe,0xa0,0xfe,0xa0,0xfe,0xa0,0xfe,0xa0,0xfe,0xa0,0xfe,0xa0,0xfe,0xa0,
    0xfe,0xa0,0xfe,0xa0,0xfe,0xa0,0xfe,0xa0,0xfe,0xa0,0xfe,0xa0,0xfe,0xc0,0xfe,0xc0,
    0xfe,0xc0,0xfe,0xc0,0xfe,0xc0,0xfe,0xa0,0xfe,0x7c,0xa0,0xfe,0x83,0xc0,0xfe,0xc0,
    0xfe,0xa0,0xfe,0x40,0xa0,0xfe,0x95,0xc0,0xfe,0xa0,0xfe,0xa0,0xfe,0xc0,0xfe,0xc0,
    0xfe,0xc0,0xfe,0xc0,0xfe,0xa0,0xfe,0xa0,0xfe,0xa0,0xfe,0xa0,0xfe,0xa0,0xfe,0xc0,
    0xfe,0xa0,0xfe,0xc0,0xfe,0xc0,0xfe,0xa0,0xfe,0xc0,0xfe,0xc0,0xfe,0xc0,0xfe,0xa0,
    0xfe,0x35,0xa0,0xfe,0xcd,0xc0,0xfe,0xa0,0xfe,0xa0,0xfe,0xa0,0xfe,0xa0,0xfe,0xa0,
    0xfe,0xa0,0xfe,0xa0,0xfe,0xa0,0xfe,0xa0,0xfe,0xc0,0xfe,0xc0,0xfe,0xc0,0xfe,0xa0,
    0xfe,0xc0,0xfe,0xc0,0xfe,0xc0,0xfe,0xc0,0xfe,0xc0,0xfe,0xc0,0xfe,0xc0,0xfe,0xc0,
    0xfe,0xa0,0xfe,0xa0,0xfe,0xa0,0xfe,0xa0,0xfe,0xa0,0xfe,0xa0,0xfe,0xa0,0xfe,0xa0,
    0xfe,0xc0,0xfe,0xc0,0xfe,0xc0,0xfe,0xa0,0xfe,0xa0,0xfe,0xa0,0xfe,0xa0,0xfe,0xa0,
    0xfe,0xa0,0xfe,0xa0,0xfe,0xa0,0xfe,0xa0,0xfe,0xc0,0xfe,0xc0,0xfe,0xc0,0xfe,0xa0,
    0xfe,0xa0,0xfe,0xa0,0xfe,0xa0,0xfe,0xa0,0xfe,0xa0,0xfe,0xc0,0xfe,0xc0,0xfe,0xc0,
    0xfe,0xc0,0xfe,0xa0,0xfe,0xa0,0xfe,0xa0,0xfe,0xa0,0xfe,0xa0,0xfe,0xa0,0xfe,0xa0,
    0xfe,0xc0,0xfe,0xa0,0xfe,0xa0,0xfe,0xa0,0xfe,0xa0,0xfe,0xa0,0xfe,0xa0,0xfe,0xa0,
    0xfe,0xc0,0xfe,0xa0,0xfe,0xa0,0xfe,0xa0,0xfe,0xc0,0xfe,0xc0,0xfe,0xa0,0xfe,0x46,
    0xa0,0xfe,0x84,0xc0,0xfe,0xc0,0xfe,0xc0,0xfe,0xa0,0xfe,0x42,0xa0,0xfe,0x92,0xc0,
    0xfe,0xa0,0xfe,0xa0,0xfe,0xa0,0xfe,0xa0,0xfe,0xa0,0xfe,0xa0,0xfe,0xa0,0xfe,0xa0,
    0xfe,0xa0,0xfe,0xa0,0xfe,0xa0,0xfe,0xa0,0xfe,0xc0,0xfe,0xc0,0xfe,0xa0,0xfe,0xc0,
    0xfe,0xa0,0xfe,0x3e,0xa0,0xfe,0xad,0xc0,0xfe,0xc0,0xfe,0xc0,0xfe,0xa0,0xfe,0xa0,
    0xfe,0xa0,0xfe,0xc0,0xfe,0xa0,0xfe,0xa0,0xfe,0xa0,0xfe,0xa0,0xfe,0xa0,0xfe,0xc0,
    0xfe,0xa0,0xfe,0xa0,0xfe,0xa0,0xfe,0xa0,0xfe,0xa0,0xfe,0xa0,0xfe,0xa0,0xfe,0xa0,
    0xfe,0xa0,0xfe,0xc0,0xfe,0xa0,0xfe,0xc0,0xfe,0xa0,0xfe,0xa0,0xfe,0xa0,0xfe,0xa0,
    0xfe,0xa0,0xfe,0xa0,0xfe,0xa0,0xfe,0xa0,0xfe,0xa0,0xfe,0xa0,0xfe,0xc0,0xfe,0xa0,
    0xfe,0xa0,0xfe,0xc0,0xfe,0xc0,0xfe,0xa0,0xfe,0xa0,0xfe,0xa0,0xfe,0xc0,0xfe,0xa0,
    0xfe,0x5d,0xa0,0xfe,0x84,0xc0,0xfe,0xc0,0xfe,0xc0,0xfe,0xa0,0xfe,0x7f,0xa0,0xfe,
    0x7f,0xa0,0xfe,0x1b,0xa0,0xfe,0x87,0xc0,0xfe,0xa0,0xfe,0xa0,0xfe,0xc0,0xfe,0xc0,
    0xfe,0xc0,0xfe,0xa0,0xfe,0x7f,0xa0,0xfe,0x7f,0xa0,0xfe,0x1b,0xa0,0xfe,0x88,0xc0,
    0xfe,0xa0,0xfe,0xa0,0xfe,0xc0,0xfe,0xc0,0xfe,0xc0,0xfe,0xc0,0xfe,0xa0,0xfe,0x54,
    0xa0,0xfe,0x82,0xc0,0xfe,0xa0,0xfe,0x7f,0xa0,0xfe,0x2b,0xa0,0xfe,0x82,0x80,0xfe,
    0xa0,0xfe,0x19,0xa0,0xfe,0x92,0xc0,0xfe,0xc0,0xfe,0xc0,0xfe,0xa0,0xfe,0xa0,0xfe,
    0xa0,0xfe,0xa0,0xfe,0xa0,0xfe,0xa0,0xfe,0xa0,0xfe,0x80,0xfe,0x80,0xfe,0xa0,0xfe,
    0xa0,0xfe,0xa0,0xfe,0xa0,0xfe,0x80,0xfe,0xa0,0xfe,0x7f,0xa0,0xfe,0x7f,0xa0,0xfe,
    0x1b,0xa0,0xfe,0x88,0x80,0xfe,0x80,0xfe,0x80,0xfe,0x80,0xfe,0x80,0xfe,0x80,0xfe,
    0x80,0xfe,0xa0,0xfe,0x7f,0xa0,0xfe,0x7f,0xa0,0xfe,0xa6,0xa0,0xfe,0xa0,0xfe,0xa0,
    0xfe,0xa0,0xfe,0xa0,0xfe,0xa0,0xfe,0xa0,0xfe,0xa0,0xfe,0xa0,0xfe,0xa0,0xfe,0xa0,
    0xfe,0xa0,0xfe,0xa0,0xfe,0xa0,0xfe,0x80,0xfe,0xa0,0xfe,0xa0,0xfe,0xa0,0xfe,0xa0,
    0xfe,0xa0,0xfe,0xa0,0xfe,0xa0,0xfe,0xa0,0xfe,0xa0,0xfe,0xa0,0xfe,0x80,0xfe,0x80,
    0xfe,0x80,0xfe,0x80,0xfe,0xa0,0xfe,0x80,0xfe,0x80,0xfe,0x80,0xfe,0xa0,0xfe,0x80,
    0xfe,0x80,0xfe,0x80,0xfe,0xa0,0xfe,0x7f,0xa0,0xfe,0x6e,0xa0,0xfe,0x84,0x80,0xfe,
    0xa0,0xfe,0x80,0xfe,0xa0,0xfe,0x17,0xa0,0xfe,0x9a,0x80,0xfe,0xa0,0xfe,0xa0,0xfe,
    0xa0,0xfe,0xa0,0xfe,0xa0,0xfe,0xa0,0xfe,0xa0,0xfe,0xa0,0xfe,0xa0,0xfe,0xa0,0xfe,
    0x80,0xfe,0x80,0xfe,0x80,0xfe,0x80,0xfe,0x80,0xfe,0x80,0xfe,0x80,0xfe,0xa0,0xfe,
    0x80,0xfe,0x80,0xfe,0x80,0xfe,0x80,0xfe,0x80,0xfe,0x80,0xfe,0xa0,0xfe,0x7f,0xa0,
    0xfe,0x6c,0xa0,0xfe,0x82,0x80,0xfe,0xa0,0xfe,0x19,0xa0,0xfe,0x9e,0x80,0xfe,0x80,
    0xfe,0xa0,0xfe,0xa0,0xfe,0xa0,0xfe,0xa0,0xfe,0xa0,0xfe,0xa0,0xfe,0xa0,0xfe,0xa0,
    0xfe,0xa0,0xfe,0xa0,0xfe,0xa0,0xfe,0x80,0xfe,0xa0,0xfe,0x80,0xfe,0x80,0xfe,0x80,
    0xfe,0x80,0xfe,0xa0,0xfe,0x80,0xfe,0x80,0xfe,0xa0,0xfe,0xa0,0xfe,0xa0,0xfe,0xa0,
    0xfe,0xa0,0xfe,0xa0,0xfe,0x80,0xfe,0xa0,0xfe,0x7f,0xa0,0xfe,0x1c,0xa0,0xfe,0x82,
    0xc0,0xfe,0xa0,0xfe,0x49,0xa0,0xfe,0x83,0x80,0xfe,0x80,0xfe,0xa0,0xfe,0x19,0xa0,
    0xfe,0x9d,0x80,0xfe,0x80,0xfe,0xa0,0xfe,0xa0,0xfe,0xa0,0xfe,0xa0,0xfe,0xa0,0xfe,
    0xa0,0xfe,0xa0,0xfe,0xa0,0xfe,0xa0,0xfe,0xa0,0xfe,0xa0,0xfe,0x80,0xfe,0xa0,0xfe,
    0x80,0xfe,0x80,0xfe,0x80,0xfe,0x80,0xfe,0x80,0xfe,0xa0,0xfe,0xa0,0xfe,0xa0,0xfe,
    0xa0,0xfe,0xa0,0xfe,0xa0,0xfe,0xa0,0xfe,0x80,0xfe,0xa0,0xfe,0x7f,0xa0,0xfe,0x1b,
    0xa0,0xfe,0x83,0xc0,0xfe,0xc0,0xfe,0xa0,0xfe,0x4a,0xa0,0xfe,0x85,0x80,0xfe,0x80,
    0xfe,0xa0,0xfe,0x80,0xfe,0xa0,0xfe,0x17,0xa0,0xfe,0x9d,0x80,0xfe,0x80,0xfe,0x80,
    0xfe,0xa0,0xfe,0xa0,0xfe,0xa0,0xfe,0xa0,0xfe,0xa0,0xfe,0xa0,0xfe,0xa0,0xfe,0xa0,
    0xfe,0xa0,0xfe,0xa0,0xfe,0xa0,0xfe,0xa0,0xfe,0x80,0xfe,0x80,0xfe,0xa0,0xfe,0xa0,
    0xfe,0xa0,0xfe,0xa0,0xfe,0xa0,0xfe,0xa0,0xfe,0xa0,0xfe,0xa0,0xfe,0xa0,0xfe,0xa0,
    0xfe,0x80,0xfe,0xa0,0xfe,0x7f,0xa0,0xfe,0x67,0xa0,0xfe,0x82,0x80,0xfe,0xa0,0xfe,
    0x14,0xa0,0xfe,0xa4,0xc0,0xfe,0xa0,0xfe,0xa0,0xfe,0xa0,0xfe,0xa0,0xfe,0xa0,0xfe,
    0xa0,0xfe,0x80,0xfe,0x80,0xfe,0x80,0xfe,0xa0,0xfe,0xa0,0xfe,0xa0,0xfe,0xa0,0xfe,
    0xa0,0xfe,0xa0,0xfe,0xa0,0xfe,0xa0,0xfe,0xa0,0xfe,0xa0,0xfe,0xa0,0xfe,0xa0,0xfe,
    0xa0,0xfe,0xa0,0xfe,0x80,0xfe,0x80,0xfe,0xa0,0xfe,0xa0,0xfe,0xa0,0xfe,0xa0,0xfe,
    0xa0,0xfe,0xa0,0xfe,0x80,0xfe,0xa0,0xfe,0x80,0xfe,0xa0,0xfe,0x7f,0xa0,0xfe,0x5d,
    0xa0,0xfe,0x82,0x80,0xfe,0xa0,0xfe,0x25,0xa0,0xfe,0x93,0x80,0xfe,0x80,0xfe,0xa0,
    0xfe,0xa0,0xfe,0xa0,0xfe,0xa0,0xfe,0xa0,0xfe,0xa0,0xfe,0xa0,0xfe,0xa0,0xfe,0xa0,
    0xfe,0xa0,0xfe,0xa0,0xfe,0xa0,0xfe,0xa0,0xfe,0xa0,0xfe,0x80,0xfe,0x80,0xfe,0xa0,
    0xfe,0x74,0xa0,0xfe,0x82,0x80,0xfe,0xa0,0xfe,0x7f,0xa0,0xfe,0x18,0xa0,0xfe,0x83,
    0x80,0xfe,0x80,0xfe,0xa0,0xfe,0x17,0xa0,0xfe,0x84,0x80,0xfe,0x80,0xfe,0x80,0xfe,
    0xa0,0xfe,0x7f,0xa0,0xfe,0x7f,0xa0,0xfe,0x86,0xa0,0xfe,0xa0,0xfe,0xa0,0xfe,0xa0,
    0xfe,0x80,0xfe,0xa0,0xfe,0x17,0xa0,0xfe,0x85,0x80,0xfe,0x80,0xfe,0xa0,0xfe,0x80,
    0xfe,0xa0,0xfe,0x7f,0xa0,0xfe,0x16,0xa0,0xfe,0x82,0x80,0xfe,0xa0,0xfe,0x16,0xa0,
    0xfe,0x8a,0x80,0xfe,0xa0,0xfe,0xa0,0xfe,0xa0,0xfe,0xa0,0xfe,0xa0,0xfe,0xa0,0xfe,
    0xa0,0xfe,0xc0,0xfe,0xa0,0xfe,0x4b,0xa0,0xfe,0x82,0x80,0xfe,0xa0,0xfe,0x16,0xa0,
    0xfe,0x87,0x80,0xfe,0x80,0xfe,0x80,0xfe,0x80,0xfe,0x80,0xfe,0x80,0xfe,0xa0,0xfe,
    0x6f,0xa0,0xfe,0x82,0x80,0xfe,0xa0,0xfe,0x22,0xa0,0xfe,0x94,0x80,0xfe,0x80,0xfe,
    0xa0,0xfe,0xa0,0xfe,0xa0,0xfe,0xa0,0xfe,0xa0,0xfe,0xa0,0xfe,0xa0,0xfe,0xa0,0xfe,
    0xa0,0xfe,0xa0,0xfe,0xa0,0xfe,0xa0,0xfe,0xa0,0xfe,0xa0,0xfe,0xa0,0xfe,0xa0,0xfe,
    0x80,0xfe,0xa0,0xfe,0x34,0xa0,0xfe,0x82,0x80,0xfe,0xa0,0xfe,0x22,0xa0,0xfe,0xa0,
    0xc0,0xfe,0xa0,0xfe,0x80,0xfe,0xa0,0xfe,0xa0,0xfe,0xa0,0xfe,0xa0,0xfe,0xa0,0xfe,
    0xa0,0xfe,0xa0,0xfe,0xa0,0xfe,0xa0,0xfe,0xa0,0xfe,0xa0,0xfe,0x80,0xfe,0x80,0xfe,
    0xa0,0xfe,0xa0,0xfe,0xa0,0xfe,0xa0,0xfe,0xa0,0xfe,0xa0,0xfe,0xa0,0xfe,0xa0,0xfe,
    0xa0,0xfe,0xa0,0xfe,0xa0,0xfe,0x80,0xfe,0x80,0xfe,0x80,0xfe,0x80,0xfe,0xa0,0xfe,
    0x7f,0xa0,0xfe,0x7f,0xa0,0xfe,0xa1,0xa0,0xfe,0xa0,0xfe,0xc0,0xfe,0xc0,0xfe,0x80,
    0xfe,0xa0,0xfe,0xa0,0xfe,0xa0,0xfe,0xa0,0xfe,0xa0,0xfe,0xa0,0xfe,0xa0,0xfe,0xa0,
    0xfe,0xa0,0xfe,0xa0,0xfe,0xa0,0xfe,0x80,0xfe,0xa0,0xfe,0xa0,0xfe,0xa0,0xfe,0xa0,
    0xfe,0xa0,0xfe,0xa0,0xfe,0xa0,0xfe,0xa0,0xfe,0xa0,0xfe,0xa0,0xfe,0xa0,0xfe,0xa0,
    0xfe,0x80,0xfe,0xa0,0xfe,0x80,0xfe,0xa0,0xfe,0x7f,0xa0,0xfe,0x7f,0xa0,0xfe,0x87,
    0xa0,0xfe,0xa0,0xfe,0xa0,0xfe,0xc0,0xfe,0xc0,0xfe,0x80,0xfe,0xa0,0xfe,0x18,0xa0,
    0xfe,0x83,0x80,0xfe,0x80,0xfe,0xa0,0xfe,0x7f,0xa0,0xfe,0x7f,0xa0,0xfe,0x87,0xa0,
    0xfe,0xa0,0xfe,0xa0,0xfe,0xc0,0xfe,0xc0,0xfe,0x80,0xfe,0xa0,0xfe,0x7f,0xa0,0xfe,
    0x7f,0xa0,0xfe,0x1e,0xa0,0xfe,0x92,0xc0,0xfe,0xc0,0xfe,0x80,0xfe,0xa0,0xfe,0xa0,
    0xfe,0xa0,0xfe,0xa0,0xfe,0xa0,0xfe,0xa0,0xfe,0xa0,0xfe,0xa0,0xfe,0xa0,0xfe,0xa0,
    0xfe,0xa0,0xfe,0xa0,0xfe,0xa0,0xfe,0x80,0xfe,0xa0,0xfe,0x2a,0xa0,0xfe,0x84,0xc0,
    0xfe,0xa0,0xfe,0xc0,0xfe,0xa0,0xfe,0x7f,0xa0,0xfe,0x60,0xa0,0xfe,0x9a,0xc0,0xfe,
    0xc0,0xfe,0xc0,0xfe,0xa0,0xfe,0xa0,0xfe,0xa0,0xfe,0xa0,0xfe,0xa0,0xfe,0xa0,0xfe,
    0xa0,0xfe,0xa0,0xfe,0xa0,0xfe,0xa0,0xfe,0xa0,0xfe,0xa0,0xfe,0xa0,0xfe,0x80,0xfe,
    0x80,0xfe,0xa0,0xfe,0x80,0xfe,0x80,0xfe,0xa0,0xfe,0xa0,0xfe,0xa0,0xfe,0x80,0xfe,
    0xa0,0xfe,0x23,0xa0,0xfe,0x96,0xc0,0xfe,0xa0,0xfe,0xc0,0xfe,0xc0,0xfe,0xa0,0xfe,
    0xa0,0xfe,0xa0,0xfe,0xa0,0xfe,0xa0,0xfe,0xa0,0xfe,0xa0,0xfe,0xa0,0xfe,0xa0,0xfe,
    0xa0,0xfe,0xa0,0xfe,0xa0,0xfe,0xa0,0xfe,0xa0,0xfe,0xa0,0xfe,0xa0,0xfe,0xc0,0xfe,
    0xa0,0xfe,0x22,0xa0,0xfe,0x83,0xc0,0xfe,0xc0,0xfe,0xa0,0xfe,0x18,0xa0,0xfe,0x82,
    0xc0,0xfe,0xa0,0xfe,0x1c,0xa0,0xfe,0x82,0xc0,0xfe,0xa0,0xfe,0x23,0xa0,0xfe,0x8a,
    0xc0,0xfe,0xa0,0xfe,0xa0,0xfe,0xa0,0xfe,0xa0,0xfe,0xa0,0xfe,0xa0,0xfe,0xc0,0xfe,
    0xc0,0xfe,0xa0,0xfe,0x44,0xa0,0xfe,0x92,0xc0,0xfe,0xc0,0xfe,0xa0,0xfe,0xa0,0xfe,
    0xa0,0xfe,0xa0,0xfe,0xa0,0xfe,0xa0,0xfe,0xa0,0xfe,0xa0,0xfe,0xa0,0xfe,0xa0,0xfe,
    0xa0,0xfe,0xa0,0xfe,0xa0,0xfe,0xa0,0xfe,0x80,0xfe,0xa0,0xfe,0x25,0xa0,0xfe,0x82,
    0xc0,0xfe,0xa0,0xfe,0x3e,0xa0,0xfe,0x9a,0xc0,0xfe,0xa0,0xfe,0xa0,0xfe,0xa0,0xfe,
    0xa0,0xfe,0xa0,0xfe,0xa0,0xfe,0xa0,0xfe,0xa0,0xfe,0xa0,0xfe,0xa0,0xfe,0xa0,0xfe,
    0xa0,0xfe,0xa0,0xfe,0xa0,0xfe,0xa0,0xfe,0xc0,0xfe,0xa0,0xfe,0xa0,0xfe,0xa0,0xfe,
    0xc0,0xfe,0xa0,0xfe,0xa0,0xfe,0xc0,0xfe,0xc0,0xfe,0xa0,0xfe,0x41,0xa0,0xfe,0x90,
    0xc0,0xfe,0xc0,0xfe,0xa0,0xfe,0xa0,0xfe,0xc0,0xfe,0xa0,0xfe,0xa0,0xfe,0xc0,0xfe,
    0xa0,0xfe,0xa0,0xfe,0xc0,0xfe,0xc0,0xfe,0xc0,0xfe,0xa0,0xfe,0xc0,0xfe,0xa0,0xfe,
    0x3e,0xa0,0xfe,0x92,0xc0,0xfe,0xc0,0xfe,0xa0,0xfe,0xa0,0xfe,0xa0,0xfe,0xa0,0xfe,
    0xa0,0xfe,0xa0,0xfe,0xa0,0xfe,0xa0,0xfe,0xa0,0xfe,0xa0,0xfe,0xa0,0xfe,0xa0,0xfe,
    0xa0,0xfe,0xa0,0xfe,0x80,0xfe,0xa0,0xfe,0x29,0xa0,0xfe,0x87,0xc0,0xfe,0xa0,0xfe,
    0xa0,0xfe,0xa0,0xfe,0xa0,0xfe,0xc0,0xfe,0xa0,0xfe,0x35,0xa0,0xfe,0x82,0xc0,0xfe,
    0xa0,0xfe,0x11,0xa0,0xfe,0x82,0xc0,0xfe,0xa0,0xfe,0x4d,0xa0,0xfe,0x89,0xc0,0xfe,
    0xc0,0xfe,0xa0,0xfe,0xa0,0xfe,0xa0,0xfe,0xc0,0xfe,0xc0,0xfe,0xc0,0xfe,0xa0,0xfe,
    0x3e,0xa0,0xfe,0x96,0xc0,0xfe,0xa0,0xfe,0xa0,0xfe,0xa0,0xfe,0xa0,0xfe,0xa0,0xfe,
    0xa0,0xfe,0xa0,0xfe,0xa0,0xfe,0xa0,0xfe,0xa0,0xfe,0xa0,0xfe,0xa0,0xfe,0xa0,0xfe,
    0xa0,0xfe,0xa0,0xfe,0x80,0xfe,0xa0,0xfe,0xa0,0xfe,0xa0,0xfe,0x80,0xfe,0xa0,0xfe,
    0x27,0xa0,0xfe,0x82,0xc0,0xfe,0xa0,0xfe,0x37,0xa0,0xfe,0x99,0xc0,0xfe,0xc0,0xfe,
    0xa0,0xfe,0xa0,0xfe,0xa0,0xfe,0xa0,0xfe,0xa0,0xfe,0xa0,0xfe,0xa0,0xfe,0xa0,0xfe,
    0xa0,0xfe,0xa0,0xfe,0xa0,0xfe,0xa0,0xfe,0xa0,0xfe,0xc0,0xfe,0xa0,0xfe,0xa0,0xfe,
    0xc0,0xfe,0xc0,0xfe,0xc0,0xfe,0xc0,0xfe,0xc0,0xfe,0xc0,0xfe,0xa0,0xfe,0x29,0xa0,
    0xfe,0x82,0xc0,0xfe,0xa0,0xfe,0x1a,0xa0,0xfe,0x91,0xc0,0xfe,0xc0,0xfe,0xc0,0xfe,
    0xa0,0xfe,0xc0,0xfe,0xc0,0xfe,0xc0,0xfe,0xc0,0xfe,0xa0,0xfe,0xc0,0xfe,0xc0,0xfe,
    0xa0,0xfe,0xc0,0xfe,0xa0,0xfe,0xa0,0xfe,0xc0,0xfe,0xa0,0xfe,0x4b,0xa0,0xfe,0x87,
    0x80,0xfe,0xa0,0xfe,0xa0,0xfe,0xa0,0xfe,0xa0,0xfe,0x80,0xfe,0xa0,0xfe,0x26,0xa0,
    0xfe,0x82,0xc0,0xfe,0xa0,0xfe,0x46,0xa0,0xfe,0x8b,0xc0,0xfe,0xc0,0xfe,0xc0,0xfe,
    0xc0,0xfe,0xc0,0xfe,0xc0,0xfe,0xc0,0xfe,0xc0,0xfe,0xc0,0xfe,0xc0,0xfe,0xa0,0xfe,
    0x28,0xa0,0xfe,0x82,0xc0,0xfe,0xa0,0xfe,0x1b,0xa0,0xfe,0x88,0xc0,0xfe,0xc0,0xfe,
    0xc0,0xfe,0xc0,0xfe,0xa0,0xfe,0xa0,0xfe,0xc0,0xfe,0xa0,0xfe,0x7f,0xa0,0xfe,0x4c,
    0xa0,0xfe,0x89,0xc0,0xfe,0xc0,0xfe,0xc0,0xfe,0xc0,0xfe,0xc0,0xfe,0xc0,0xfe,0xc0,
    0xfe,0xc0,0xfe,0xa0,0xfe,0x27,0xa0,0xfe,0x82,0xc0,0xfe,0xa0,0xfe,0x76,0xa0,0xfe,
    0x83,0x80,0xfe,0x80,0xfe,0xa0,0xfe,0x77,0xa0,0xfe,0x86,0xc0,0xfe,0xc0,0xfe,0xa0,
    0xfe,0xc0,0xfe,0xc0,0xfe,0xa0,0xfe,0x12,0xa0,0xfe,0x83,0x80,0xfe,0x80,0xfe,0xa0,
    0xfe,0x13,0xa0,0xfe,0x83,0xc0,0xfe,0xc0,0xfe,0xa0,0xfe,0x4e,0xa0,0xfe,0x82,0x80,
    0xfe,0xa0,0xfe,0x25,0xa0,0xfe,0x82,0x80,0xfe,0xa0,0xfe,0x78,0xa0,0xfe,0x82,0xc0,
    0xfe,0xa0,0xfe,0x7f,0xa0,0xfe,0x3f,0xa0,0xfe,0x8b,0x80,0xfe,0xa0,0xfe,0xa0,0xfe,
    0xa0,0xfe,0xa0,0xfe,0x80,0xfe,0xa0,0xfe,0xa0,0xfe,0x80,0xfe,0x80,0xfe,0xa0,0xfe,
    0x12,0xa0,0xfe,0x82,0x80,0xfe,0xa0,0xfe,0x58,0xa0,0xfe,0x86,0x80,0xfe,0x80,0xfe,
    0xa0,0xfe,0x80,0xfe,0x80,0xfe,0xa0,0xfe,0x1f,0xa0,0xfe,0x82,0x80,0xfe,0xa0,0xfe,
    0x5c,0xa0,0xfe,0xc6,0xc0,0xfe,0xa0,0xfe,0xa0,0xfe,0xa0,0xfe,0xa0,0xfe,0xa0,0xfe,
    0xa0,0xfe,0xa0,0xfe,0xa0,0xfe,0xa0,0xfe,0xa0,0xfe,0xa0,0xfe,0x80,0xfe,0xa0,0xfe,
    0xa0,0xfe,0xa0,0xfe,0xa0,0xfe,0xa0,0xfe,0xa0,0xfe,0xa0,0xfe,0xa0,0xfe,0xa0,0xfe,
    0xa0,0xfe,0xa0,0xfe,0xa0,0xfe,0xa0,0xfe,0xa0,0xfe,0xa0,0xfe,0xa0,0xfe,0xa0,0xfe,
    0x80,0xfe,0x80,0xfe,0xa0,0xfe,0xa0,0xfe,0xa0,0xfe,0xa0,0xfe,0xa0,0xfe,0xa0,0xfe,
    0x80,0xfe,0x80,0xfe,0xa0,0xfe,0xa0,0xfe,0xa0,0xfe,0x80,0xfe,0x80,0xfe,0xa0,0xfe,
    0x80,0xfe,0x80,0xfe,0x80,0xfe,0xa0,0xfe,0xa0,0xfe,0xa0,0xfe,0xa0,0xfe,0xa0,0xfe,
    0xa0,0xfe,0xa0,0xfe,0xa0,0xfe,0xa0,0xfe,0xa0,0xfe,0xa0,0xfe,0xa0,0xfe,0xa0,0xfe,
    0xa0,0xfe,0xa0,0xfe,0x80,0xfe,0xa0,0xfe,0x80,0xfe,0x80,0xfe,0x80,0xfe,0xa0,0xfe,
    0x57,0xa0,0xfe,0x87,0x80,0xfe,0x80,0xfe,0x80,0xfe,0x80,0xfe,0xa0,0xfe,0x80,0xfe,
    0xa0,0xfe,0x1c,0xa0,0xfe,0x90,0x80,0xfe,0x80,0xfe,0x80,0xfe,0x80,0xfe,0x80,0xfe,
    0xa0,0xfe,0xa0,0xfe,0xa0,0xfe,0xa0,0xfe,0xa0,0xfe,0xa0,0xfe,0xa0,0xfe,0x80,0xfe,
    0x80,0xfe,0x80,0xfe,0xa0,0xfe,0x70,0xa0,0xfe,0xb5,0x80,0xfe,0x80,0xfe,0xa0,0xfe,
    0xa0,0xfe,0xa0,0xfe,0xa0,0xfe,0xa0,0xfe,0xa0,0xfe,0xa0,0xfe,0xa0,0xfe,0xa0,0xfe,
    0xa0,0xfe,0xa0,0xfe,0x80,0xfe,0x80,0xfe,0x80,0xfe,0xa0,0xfe,0xa0,0xfe,0xa0,0xfe,
    0xa0,0xfe,0xa0,0xfe,0xa0,0xfe,0xa0,0xfe,0xa0,0xfe,0xa0,0xfe,0xa0,0xfe,0xa0,0xfe,
    0xa0,0xfe,0xa0,0xfe,0xa0,0xfe,0xa0,0xfe,0xa0,0xfe,0xa0,0xfe,0x80,0xfe,0x80,0xfe,
    0x80,0xfe,0xa0,0xfe,0xa0,0xfe,0xa0,0xfe,0xa0,0xfe,0xa0,0xfe,0xa0,0xfe,0xa0,0xfe,
    0x80,0xfe,0xa0,0xfe,0xa0,0xfe,0xa0,0xfe,0xa0,0xfe,0xa0,0xfe,0xa0,0xfe,0xa0,0xfe,
    0x80,0xfe,0xa0,0xfe,0x49,0xa0,0xfe,0x86,0x80,0xfe,0x80,0xfe,0x80,0xfe,0x80,0xfe,
    0x80,0xfe,0xa0,0xfe,0x1b,0xa0,0xfe,0x91,0x80,0xfe,0x80,0xfe,0x80,0xfe,0x80,0xfe,
    0x80,0xfe,0x80,0xfe,0xa0,0xfe,0xa0,0xfe,0xa0,0xfe,0xa0,0xfe,0xa0,0xfe,0xa0,0xfe,
    0x80,0xfe,0x80,0xfe,0x80,0xfe,0x80,0xfe,0xa0,0xfe,0x1b,0xa0,0xfe,0x83,0x80,0xfe,
    0x80,0xfe,0xa0,0xfe,0x44,0xa0,0xfe,0x9e,0x80,0xfe,0x80,0xfe,0xa0,0xfe,0xa0,0xfe,
    0xa0,0xfe,0xa0,0xfe,0xa0,0xfe,0xa0,0xfe,0xa0,0xfe,0xa0,0xfe,0xa0,0xfe,0xa0,0xfe,
    0xa0,0xfe,0x80,0xfe,0x80,0xfe,0x80,0xfe,0x80,0xfe,0xa0,0xfe,0xa0,0xfe,0xa0,0xfe,
    0xa0,0xfe,0xa0,0xfe,0xa0,0xfe,0x80,0xfe,0x80,0xfe,0xa0,0xfe,0x80,0xfe,0x80,0xfe,
    0x80,0xfe,0xa0,0xfe,0x11,0xa0,0xfe,0x96,0x80,0xfe,0x80,0xfe,0x80,0xfe,0x80,0xfe,
    0x80,0xfe,0x80,0xfe,0x80,0xfe,0xa0,0xfe,0xa0,0xfe,0xa0,0xfe,0xa0,0xfe,0x80,0xfe,
    0xa0,0xfe,0xa0,0xfe,0x80,0xfe,0x80,0xfe,0x80,0xfe,0x80,0xfe,0x80,0xfe,0x80,0xfe,
    0x80,0xfe,0xa0,0xfe,0x46,0xa0,0xfe,0x82,0x80,0xfe,0xa0,0xfe,0x1e,0xa0,0xfe,0x92,
    0x80,0xfe,0x80,0xfe,0x80,0xfe,0x80,0xfe,0x80,0xfe,0x80,0xfe,0x80,0xfe,0x80,0xfe,
    0x80,0xfe,0x80,0xfe,0xa0,0xfe,0xa0,0xfe,0xa0,0xfe,0x80,0xfe,0x80,0xfe,0x80,0xfe,
    0x80,0xfe,0xa0,0xfe,0x1c,0xa0,0xfe,0x95,0x80,0xfe,0x80,0xfe,0xa0,0xfe,0xa0,0xfe,
    0xa0,0xfe,0xa0,0xfe,0xa0,0xfe,0xa0,0xfe,0xa0,0xfe,0xa0,0xfe,0xa0,0xfe,0xa0,0xfe,
    0xa0,0xfe,0xa0,0xfe,0xa0,0xfe,0xa0,0xfe,0x80,0xfe,0xa0,0xfe,0xa0,0xfe,0x80,0xfe,
    0xa0,0xfe,0x31,0xa0,0xfe,0xdb,0x80,0xfe,0x80,0xfe,0x80,0xfe,0x80,0xfe,0xa0,0xfe,
    0xa0,0xfe,0xa0,0xfe,0xa0,0xfe,0xa0,0xfe,0xa0,0xfe,0xa0,0xfe,0xa0,0xfe,0xa0,0xfe,
    0x80,0xfe,0x80,0xfe,0x80,0xfe,0x80,0xfe,0x80,0xfe,0xa0,0xfe,0xa0,0xfe,0xa0,0xfe,
    0xa0,0xfe,0xa0,0xfe,0x80,0xfe,0x80,0xfe,0x80,0xfe,0x80,0xfe,0x80,0xfe,0x80,0xfe,
    0x80,0xfe,0x80,0xfe,0x80,0xfe,0xa0,0xfe,0x80,0xfe,0xa0,0xfe,0xa0,0xfe,0xa0,0xfe,
    0xa0,0xfe,0xa0,0xfe,0xa0,0xfe,0x80,0xfe,0x80,0xfe,0xa0,0xfe,0xa0,0xfe,0xa0,0xfe,
    0xa0,0xfe,0xa0,0xfe,0x80,0xfe,0x80,0xfe,0x80,0xfe,0x80,0xfe,0x80,0xfe,0x80,0xfe,
    0x80,0xfe,0x80,0xfe,0x80,0xfe,0xa0,0xfe,0xa0,0xfe,0x80,0xfe,0x80,0xfe,0xa0,0xfe,
    0x80,0xfe,0x80,0xfe,0x80,0xfe,0x80,0xfe,0x80,0xfe,0x80,0xfe,0x80,0xfe,0x80,0xfe,
    0xa0,0xfe,0xa0,0xfe,0x80,0xfe,0x80,0xfe,0xa0,0xfe,0xa0,0xfe,0xa0,0xfe,0xa0,0xfe,
    0x80,0xfe,0xa0,0xfe,0xa0,0xfe,0xa0,0xfe,0xa0,0xfe,0xa0,0xfe,0xa0,0xfe,0xa0,0xfe,
    0xa0,0xfe,0x80,0xfe,0x80,0xfe,0x80,0xfe,0x80,0xfe,0xa0,0xfe,0x18,0xa0,0xfe,0x9a,
    0x80,0xfe,0xa0,0xfe,0xa0,0xfe,0xa0,0xfe,0xa0,0xfe,0xa0,0xfe,0xa0,0xfe,0xa0,0xfe,
    0xa0,0xfe,0xa0,0xfe,0xa0,0xfe,0xa0,0xfe,0xa0,0xfe,0xa0,0xfe,0xa0,0xfe,0xa0,0xfe,
    0x80,0xfe,0x80,0xfe,0xa0,0xfe,0x80,0xfe,0xa0,0xfe,0xa0,0xfe,0xa0,0xfe,0x80,0xfe,
    0x80,0xfe,0xa0,0xfe,0x1e,0xa0,0xfe,0xc6,0x80,0xfe,0x80,0xfe,0x80,0xfe,0x80,0xfe,
    0x80,0xfe,0x80,0xfe,0x80,0xfe,0x80,0xfe,0xa0,0xfe,0x80,0xfe,0x80,0xfe,0x80,0xfe,
    0x80,0xfe,0x80,0xfe,0x80,0xfe,0x80,0xfe,0x80,0xfe,0x80,0xfe,0xa0,0xfe,0xa0,0xfe,
    0xa0,0xfe,0xa0,0xfe,0xa0,0xfe,0xa0,0xfe,0xa0,0xfe,0xa0,0xfe,0xa0,0xfe,0xa0,0xfe,
    0xa0,0xfe,0xa0,0xfe,0xa0,0xfe,0xa0,0xfe,0xa0,0xfe,0xa0,0xfe,0x80,0xfe,0x80,0xfe,
    0xa0,0xfe,0xa0,0xfe,0xa0,0xfe,0xa0,0xfe,0xa0,0xfe,0xa0,0xfe,0xa0,0xfe,0xa0,0xfe,
    0xa0,0xfe,0xa0,0xfe,0xa0,0xfe,0x80,0xfe,0x80,0xfe,0x80,0xfe,0xa0,0xfe,0xa0,0xfe,
    0xa0,0xfe,0xa0,0xfe,0x80,0xfe,0x80,0xfe,0x80,0xfe,0xa0,0xfe,0xa0,0xfe,0xa0,0xfe,
    0xa0,0xfe,0xa0,0xfe,0xa0,0xfe,0x80,0xfe,0xa0,0xfe,0x80,0xfe,0x80,0xfe,0x80,0xfe,
    0x80,0xfe,0xa0,0xfe,0x30,0xa0,0xfe,0xd8,0x80,0xfe,0x80,0xfe,0x80,0xfe,0xa0,0xfe,
    0xa0,0xfe,0xa0,0xfe,0xa0,0xfe,0xa0,0xfe,0xa0,0xfe,0xa0,0xfe,0xa0,0xfe,0xa0,0xfe,
    0xa0,0xfe,0x80,0xfe,0x80,0xfe,0x80,0xfe,0x80,0xfe,0xa0,0xfe,0xa0,0xfe,0xa0,0xfe,
    0xa0,0xfe,0x80,0xfe,0x80,0xfe,0x80,0xfe,0x80,0xfe,0x80,0xfe,0x80,0xfe,0x80,0xfe,
    0x80,0xfe,0xa0,0xfe,0xa0,0xfe,0xa0,0xfe,0xa0,0xfe,0xa0,0xfe,0xa0,0xfe,0xa0,0xfe,
    0xa0,0xfe,0xa0,0xfe,0x80,0xfe,0x80,0xfe,0x80,0xfe,0xa0,0xfe,0xa0,0xfe,0xa0,0xfe,
    0xa0,0xfe,0x80,0xfe,0x80,0xfe,0x80,0xfe,0x80,0xfe,0x80,0xfe,0x80,0xfe,0x80,0xfe,
    0x80,0xfe,0x80,0xfe,0x80,0xfe,0x80,0xfe,0xa0,0xfe,0x80,0xfe,0x80,0xfe,0x80,0xfe,
    0x80,0xfe,0x80,0xfe,0x80,0xfe,0x80,0xfe,0x80,0xfe,0x80,0xfe,0x80,0xfe,0xa0,0xfe,
    0xa0,0xfe,0xa0,0xfe,0xa0,0xfe,0x80,0xfe,0x80,0xfe,0xa0,0xfe,0x80,0xfe,0x80,0xfe,
    0xa0,0xfe,0xa0,0xfe,0x80,0xfe,0xa0,0xfe,0xa0,0xfe,0xa0,0xfe,0xa0,0xfe,0xa0,0xfe,
    0xa0,0xfe,0x80,0xfe,0x80,0xfe,0xa0,0xfe,0x15,0xa0,0xfe,0x9f,0x80,0xfe,0x80,0xfe,
    0x80,0xfe,0x80,0xfe,0xa0,0xfe,0xa0,0xfe,0xa0,0xfe,0x80,0xfe,0xa0,0xfe,0xa0,0xfe,
    0xa0,0xfe,0xa0,0xfe,0xa0,0xfe,0xa0,0xfe,0xa0,0xfe,0xa0,0xfe,0xa0,0xfe,0xa0,0xfe,
    0xa0,0xfe,0xa0,0xfe,0x80,0xfe,0x80,0xfe,0x80,0xfe,0x80,0xfe,0x80,0xfe,0x80,0xfe,
    0x80,0xfe,0x80,0xfe,0x80,0xfe,0x80,0xfe,0xa0,0xfe,0x1c,0xa0,0xfe,0xc8,0x80,0xfe,
    0x80,0xfe,0x80,0xfe,0x80,0xfe,0x80,0xfe,0x80,0xfe,0x80,0xfe,0x80,0xfe,0x80,0xfe,
    0x80,0xfe,0x80,0xfe,0xa0,0xfe,0xa0,0xfe,0x80,0xfe,0xa0,0xfe,0x80,0xfe,0x80,0xfe,
    0x80,0xfe,0x80,0xfe,0x80,0xfe,0x80,0xfe,0xa0,0xfe,0xa0,0xfe,0xa0,0xfe,0x80,0xfe,
    0xa0,0xfe,0xa0,0xfe,0x80,0xfe,0xa0,0xfe,0x80,0xfe,0xa0,0xfe,0xa0,0xfe,0xa0,0xfe,
    0xa0,0xfe,0x80,0xfe,0x80,0xfe,0x80,0xfe,0x80,0xfe,0x80,0xfe,0x80,0xfe,0x80,0xfe,
    0xa0,0xfe,0x80,0xfe,0x80,0xfe,0x80,0xfe,0xa0,0xfe,0xa0,0xfe,0xa0,0xfe,0xa0,0xfe,
    0x80,0xfe,0x80,0xfe,0x80,0xfe,0xa0,0xfe,0xa0,0xfe,0xa0,0xfe,0xa0,0xfe,0xa0,0xfe,
    0x80,0xfe,0x80,0xfe,0xa0,0xfe,0xa0,0xfe,0xa0,0xfe,0x80,0xfe,0x80,0xfe,0x80,0xfe,
    0xa0,0xfe,0x80,0xfe,0x80,0xfe,0x80,0xfe,0x80,0xfe,0x80,0xfe,0xa0,0xfe,0x30,0xa0,
    0xfe,0xa8,0x80,0xfe,0x80,0xfe,0x80,0xfe,0x80,0xfe,0xa0,0xfe,0xa0,0xfe,0xa0,0xfe,
    0xa0,0xfe,0xa0,0xfe,0xa0,0xfe,0xa0,0xfe,0xa0,0xfe,0xa0,0xfe,0xa0,0xfe,0x80,0xfe,
    0xa0,0xfe,0xa0,0xfe,0x80,0xfe,0xa0,0xfe,0xa0,0xfe,0xa0,0xfe,0x80,0xfe,0x80,0xfe,
    0x80,0xfe,0x80,0xfe,0x80,0xfe,0x80,0xfe,0x80,0xfe,0x80,0xfe,0xa0,0xfe,0xa0,0xfe,
    0x80,0xfe,0x80,0xfe,0xa0,0xfe,0xa0,0xfe,0xa0,0xfe,0xa0,0xfe,0xa0,0xfe,0xa0,0xfe,
    0x80,0xfe,0x1e,0x80,0xfe,0xe3,0xa0,0xfe,0xa0,0xfe,0x80,0xfe,0x80,0xfe,0x80,0xfe,
    0x80,0xfe,0x80,0xfe,0x80,0xfe,0xa0,0xfe,0x80,0xfe,0x80,0xfe,0x80,0xfe,0xa0,0xfe,
    0x80,0xfe,0xa0,0xfe,0xa0,0xfe,0x80,0xfe,0xa0,0xfe,0xa0,0xfe,0x80,0xfe,0x80,0xfe,
    0xa0,0xfe,0xa0,0xfe,0xa0,0xfe,0xa0,0xfe,0xa0,0xfe,0x80,0xfe,0x80,0xfe,0xa0,0xfe,
    0xa0,0xfe,0xa0,0xfe,0xa0,0xfe,0x80,0xfe,0xa0,0xfe,0xa0,0xfe,0xa0,0xfe,0xa0,0xfe,
    0x80,0xfe,0x80,0xfe,0x80,0xfe,0x80,0xfe,0x80,0xfe,0x80,0xfe,0x80,0xfe,0x80,0xfe,
    0x80,0xfe,0x80,0xfe,0x80,0xfe,0x80,0xfe,0x80,0xfe,0x80,0xfe,0xa0,0xfe,0xa0,0xfe,
    0xa0,0xfe,0xa0,0xfe,0x80,0xfe,0x80,0xfe,0x80,0xfe,0x80,0xfe,0x80,0xfe,0x80,0xfe,
    0x80,0xfe,0x80,0xfe,0x80,0xfe,0x80,0xfe,0x80,0xfe,0xa0,0xfe,0x80,0xfe,0x80,0xfe,
    0x80,0xfe,0x80,0xfe,0x80,0xfe,0x80,0xfe,0xa0,0xfe,0xa0,0xfe,0xa0,0xfe,0xa0,0xfe,
    0xa0,0xfe,0xa0,0xfe,0xa0,0xfe,0xa0,0xfe,0xa0,0xfe,0xa0,0xfe,0xa0,0xfe,0x80,0xfe,
    0xa0,0xfe,0x80,0xfe,0xa0,0xfe,0x80,0xfe,0xa0,0xfe,0x80,0xfe,0xa0,0xfe,0xa0,0xfe,
    0xa0,0xfe,0x80,0xfe,0xa0,0xfe,0x80,0xfe,0xa0,0xfe,0x80,0xfe,0x14,0x80,0xfe,0xb4,
    0xa0,0xfe,0xa0,0xfe,0xa0,0xfe,0xa0,0xfe,0x80,0xfe,0xa0,0xfe,0x80,0xfe,0xa0,0xfe,
    0x80,0xfe,0x80,0xfe,0x80,0xfe,0xa0,0xfe,0xa0,0xfe,0xa0,0xfe,0x80,0xfe,0x80,0xfe,
    0x80,0xfe,0x80,0xfe,0x80,0xfe,0x80,0xfe,0x80,0xfe,0xa0,0xfe,0x80,0xfe,0x80,0xfe,
    0xa0,0xfe,0xa0,0xfe,0xa0,0xfe,0x80,0xfe,0x80,0xfe,0x80,0xfe,0x80,0xfe,0x80,0xfe,
    0xa0,0xfe,0xa0,0xfe,0xa0,0xfe,0xa0,0xfe,0x80,0xfe,0x80,0xfe,0x80,0xfe,0xa0,0xfe,
    0x80,0xfe,0x80,0xfe,0x80,0xfe,0x80,0xfe,0x80,0xfe,0x80,0xfe,0x80,0xfe,0x80,0xfe,
    0x80,0xfe,0x80,0xfe,0x80,0xfe,0xa0,0xfe,0x1b,0xa0,0xfe,0x82,0x80,0xfe,0xa0,0xfe,
    0x12,0xa0,0xfe,0xb7,0x80,0xfe,0x80,0xfe,0x80,0xfe,0x80,0xfe,0xa0,0xfe,0xa0,0xfe,
    0xa0,0xfe,0xa0,0xfe,0xa0,0xfe,0x80,0xfe,0x80,0xfe,0xa0,0xfe,0x80,0xfe,0x80,0xfe,
    0x80,0xfe,0x80,0xfe,0xa0,0xfe,0xa0,0xfe,0xa0,0xfe,0xa0,0xfe,0xa0,0xfe,0xa0,0xfe,
    0x80,0xfe,0x80,0xfe,0x80,0xfe,0x80,0xfe,0x80,0xfe,0x80,0xfe,0xa0,0xfe,0xa0,0xfe,
    0xa0,0xfe,0xa0,0xfe,0xa0,0xfe,0xa0,0xfe,0xa0,0xfe,0xa0,0xfe,0xa0,0xfe,0x80,0xfe,
    0x80,0xfe,0xa0,0xfe,0x80,0xfe,0x80,0xfe,0xa0,0xfe,0x80,0xfe,0x80,0xfe,0x80,0xfe,
    0x80,0xfe,0x80,0xfe,0x80,0xfe,0x80,0xfe,0xa0,0xfe,0x80,0xfe,0x80,0xfe,0xa0,0xfe,
    0x80,0xfe,0x23,0x80,0xfe,0xa3,0xa0,0xfe,0xa0,0xfe,0xa0,0xfe,0xa0,0xfe,0x80,0xfe,
    0xa0,0xfe,0xa0,0xfe,0x80,0xfe,0x80,0xfe,0x80,0xfe,0x80,0xfe,0x80,0xfe,0x80,0xfe,
    0x80,0xfe,0xa0,0xfe,0x80,0xfe,0x80,0xfe,0x80,0xfe,0x80,0xfe,0x80,0xfe,0x80,0xfe,
    0x80,0xfe,0x80,0xfe,0x80,0xfe,0x80,0xfe,0x80,0xfe,0x80,0xfe,0x80,0xfe,0x80,0xfe,
    0x80,0xfe,0x80,0xfe,0xa0,0xfe,0xa0,0xfe,0xa0,0xfe,0x80,0xfe,0x11,0x80,0xfe,0x99,
    0xa0,0xfe,0xa0,0xfe,0x80,0xfe,0xa0,0xfe,0xa0,0xfe,0xa0,0xfe,0xa0,0xfe,0xa0,0xfe,
    0xa0,0xfe,0xa0,0xfe,0x80,0xfe,0xa0,0xfe,0x80,0xfe,0x80,0xfe,0x80,0xfe,0xa0,0xfe,
    0xa0,0xfe,0x80,0xfe,0x80,0xfe,0x80,0xfe,0x80,0xfe,0xa0,0xfe,0xa0,0xfe,0xa0,0xfe,
    0x80,0xfe,0x11,0x80,0xfe,0xb9,0xa0,0xfe,0x80,0xfe,0x80,0xfe,0xa0,0xfe,0x80,0xfe,
    0x80,0xfe,0xa0,0xfe,0xa0,0xfe,0xa0,0xfe,0x80,0xfe,0xa0,0xfe,0x80,0xfe,0x80,0xfe,
    0x80,0xfe,0x80,0xfe,0x80,0xfe,0xa0,0xfe,0x80,0xfe,0x80,0xfe,0x80,0xfe,0x80,0xfe,
    0x80,0xfe,0x80,0xfe,0x80,0xfe,0x80,0xfe,0x80,0xfe,0xa0,0xfe,0xa0,0xfe,0x80,0xfe,
    0x80,0xfe,0xa0,0xfe,0x80,0xfe,0xa0,0xfe,0x80,0xfe,0x80,0xfe,0x80,0xfe,0x80,0xfe,
    0x80,0xfe,0x80,0xfe,0x80,0xfe,0x80,0xfe,0xa0,0xfe,0x80,0xfe,0x80,0xfe,0x80,0xfe,
    0x80,0xfe,0x80,0xfe,0x80,0xfe,0x80,0xfe,0x80,0xfe,0x80,0xfe,0x80,0xfe,0x80,0xfe,
    0xa0,0xfe,0x80,0xfe,0x80,0xfe,0xa0,0xfe,0x1b,0xa0,0xfe,0x82,0x80,0xfe,0xa0,0xfe,
    0x12,0xa0,0xfe,0xa7,0x80,0xfe,0x80,0xfe,0x80,0xfe,0xa0,0xfe,0xa0,0xfe,0xa0,0xfe,
    0xa0,0xfe,0xa0,0xfe,0xa0,0xfe,0x80,0xfe,0x80,0xfe,0x80,0xfe,0x80,0xfe,0x80,0xfe,
    0x80,0xfe,0x80,0xfe,0xa0,0xfe,0xa0,0xfe,0xa0,0xfe,0xa0,0xfe,0xa0,0xfe,0xa0,0xfe,
    0x80,0xfe,0x80,0xfe,0x80,0xfe,0x80,0xfe,0x80,0xfe,0x80,0xfe,0xa0,0xfe,0xa0,0xfe,
    0xa0,0xfe,0xa0,0xfe,0xa0,0xfe,0xa0,0xfe,0xa0,0xfe,0x80,0xfe,0xa0,0xfe,0xa0,0xfe,
    0x80,0xfe,0x39,0x80,0xfe,0x8a,0xa0,0xfe,0xa0,0xfe,0x80,0xfe,0x80,0xfe,0x80,0xfe,
    0x80,0xfe,0x80,0xfe,0xa0,0xfe,0xa0,0xfe,0x80,0xfe,0x26,0x80,0xfe,0x91,0xa0,0xfe,
    0xa0,0xfe,0x80,0xfe,0x80,0xfe,0xa0,0xfe,0xa0,0xfe,0x80,0xfe,0x80,0xfe,0x80,0xfe,
    0x80,0xfe,0x80,0xfe,0x80,0xfe,0x80,0xfe,0x80,0xfe,0x80,0xfe,0xa0,0xfe,0x80,0xfe,
    0x16,0x80,0xfe,0xa3,0xa0,0xfe,0xa0,0xfe,0xa0,0xfe,0xa0,0xfe,0x80,0xfe,0x80,0xfe,
    0xa0,0xfe,0x80,0xfe,0x80,0xfe,0x80,0xfe,0x80,0xfe,0xa0,0xfe,0xa0,0xfe,0xa0,0xfe,
    0x80,0xfe,0x80,0xfe,0xa0,0xfe,0xa0,0xfe,0xa0,0xfe,0x80,0xfe,0x80,0xfe,0x80,0xfe,
    0x80,0xfe,0x80,0xfe,0x80,0xfe,0x80,0xfe,0x80,0xfe,0x80,0xfe,0x80,0xfe,0xa0,0xfe,
    0x80,0xfe,0x80,0xfe,0x80,0xfe,0xa0,0xfe,0x80,0xfe,0x18,0x80,0xfe,0x18,0xa0,0xfe,
    0x84,0xc0,0xfe,0xa0,0xfe,0x80,0xfe,0xa0,0xfe,0x13,0xa0,0xfe,0xa6,0x80,0xfe,0x80,
    0xfe,0xa0,0xfe,0xa0,0xfe,0xa0,0xfe,0xa0,0xfe,0xa0,0xfe,0xa0,0xfe,0xa0,0xfe,0xa0,
    0xfe,0x80,0xfe,0x80,0xfe,0x80,0xfe,0x80,0xfe,0x80,0xfe,0xa0,0xfe,0xa0,0xfe,0xa0,
    0xfe,0xa0,0xfe,0x80,0xfe,0x80,0xfe,0x80,0xfe,0x80,0xfe,0x80,0xfe,0x80,0xfe,0x80,
    0xfe,0x80,0xfe,0xa0,0xfe,0x80,0xfe,0xa0,0xfe,0xa0,0xfe,0xa0,0xfe,0xa0,0xfe,0x80,
    0xfe,0xa0,0xfe,0xa0,0xfe,0xa0,0xfe,0x80,0xfe,0x19,0x80,0xfe,0x82,0xa0,0xfe,0x80,
    0xfe,0x21,0x80,0xfe,0x89,0xa0,0xfe,0x80,0xfe,0x80,0xfe,0x80,0xfe,0x80,0xfe,0xa0,
    0xfe,0xa0,0xfe,0xa0,0xfe,0x80,0xfe,0x48,0x80,0xfe,0xab,0xa0,0xfe,0xa0,0xfe,0xa0,
    0xfe,0xa0,0xfe,0xa0,0xfe,0x80,0xfe,0xa0,0xfe,0x80,0xfe,0xa0,0xfe,0x80,0xfe,0x80,
    0xfe,0x80,0xfe,0x80,0xfe,0x80,0xfe,0x80,0xfe,0x80,0xfe,0x80,0xfe,0xa0,0xfe,0xa0,
    0xfe,0xa0,0xfe,0xa0,0xfe,0x80,0xfe,0xa0,0xfe,0xa0,0xfe,0x80,0xfe,0x80,0xfe,0x80,
    0xfe,0x80,0xfe,0x80,0xfe,0x80,0xfe,0x80,0xfe,0x80,0xfe,0xa0,0xfe,0x80,0xfe,0x80,
    0xfe,0x80,0xfe,0x80,0xfe,0x80,0xfe,0x80,0xfe,0x80,0xfe,0x80,0xfe,0xa0,0xfe,0x80,
    0xfe,0x12,0x80,0xfe,0x19,0xa0,0xfe,0x84,0xc0,0xfe,0xc0,0xfe,0x80,0xfe,0xa0,0xfe,
    0x13,0xa0,0xfe,0xa7,0x80,0xfe,0x80,0xfe,0xa0,0xfe,0xa0,0xfe,0xa0,0xfe,0xa0,0xfe,
    0xa0,0xfe,0xa0,0xfe,0xa0,0xfe,0xa0,0xfe,0xa0,0xfe,0x80,0xfe,0x80,0xfe,0x80,0xfe,
    0x80,0xfe,0xa0,0xfe,0x80,0xfe,0x80,0xfe,0xa0,0xfe,0xa0,0xfe,0x80,0xfe,0x80,0xfe,
    0x80,0xfe,0x80,0xfe,0x80,0xfe,0x80,0xfe,0x80,0xfe,0x80,0xfe,0x80,0xfe,0xa0,0xfe,
    0xa0,0xfe,0xa0,0xfe,0x80,0xfe,0xa0,0xfe,0xa0,0xfe,0x80,0xfe,0xa0,0xfe,0xa0,0xfe,
    0x80,0xfe,0x19,0x80,0xfe,0x82,0xa0,0xfe,0x80,0xfe,0x26,0x80,0xfe,0x82,0xa0,0xfe,
    0x80,0xfe,0x27,0x80,0xfe,0x82,0xa0,0xfe,0x80,0xfe,0x1e,0x80,0xfe,0x9d,0xa0,0xfe,
    0x80,0xfe,0xa0,0xfe,0x80,0xfe,0x80,0xfe,0x80,0xfe,0xa0,0xfe,0x80,0xfe,0x80,0xfe,
    0x80,0xfe,0x80,0xfe,0x80,0xfe,0x80,0xfe,0x80,0xfe,0x80,0xfe,0x80,0xfe,0x80,0xfe,
    0x80,0xfe,0x80,0xfe,0x80,0xfe,0xa0,0xfe,0x80,0xfe,0x80,0xfe,0x80,0xfe,0x80,0xfe,
    0x80,0xfe,0x80,0xfe,0xa0,0xfe,0x80,0xfe,0x22,0x80,0xfe,0x19,0xa0,0xfe,0x8c,0xc0,
    0xfe,0xc0,0xfe,0x80,0xfe,0xa0,0xfe,0xa0,0xfe,0xa0,0xfe,0xa0,0xfe,0xa0,0xfe,0xa0,
    0xfe,0xc0,0xfe,0xc0,0xfe,0xa0,0xfe,0x16,0xa0,0xfe,0x9b,0x80,0xfe,0x80,0xfe,0x80,
    0xfe,0x80,0xfe,0x80,0xfe,0x80,0xfe,0x80,0xfe,0xa0,0xfe,0xa0,0xfe,0xa0,0xfe,0xa0,
    0xfe,0xa0,0xfe,0xa0,0xfe,0x80,0xfe,0x80,0xfe,0x80,0xfe,0xa0,0xfe,0x80,0xfe,0xa0,
    0xfe,0xa0,0xfe,0x80,0xfe,0xa0,0xfe,0xa0,0xfe,0x80,0xfe,0x80,0xfe,0xa0,0xfe,0x80,
    0xfe,0x7f,0x80,0xfe,0x10,0x80,0xfe,0x92,0xa0,0xfe,0x80,0xfe,0x80,0xfe,0xa0,0xfe,
    0xa0,0xfe,0xa0,0xfe,0x80,0xfe,0x80,0xfe,0x80,0xfe,0x80,0xfe,0x80,0xfe,0x80,0xfe,
    0x80,0xfe,0x80,0xfe,0x80,0xfe,0x80,0xfe,0xa0,0xfe,0x80,0xfe,0x29,0x80,0xfe,0x19,
    0xa0,0xfe,0x8c,0xc0,0xfe,0xc0,0xfe,0x80,0xfe,0xa0,0xfe,0xa0,0xfe,0xa0,0xfe,0xa0,
    0xfe,0xa0,0xfe,0xa0,0xfe,0xa0,0xfe,0xc0,0xfe,0xa0,0xfe,0x13,0xa0,0xfe,0x9e,0x80,
    0xfe,0x80,0xfe,0x80,0xfe,0x80,0xfe,0x80,0xfe,0xa0,0xfe,0xa0,0xfe,0x80,0xfe,0x80,
    0xfe,0x80,0xfe,0xa0,0xfe,0x80,0xfe,0x80,0xfe,0xa0,0xfe,0xa0,0xfe,0xa0,0xfe,0x80,
    0xfe,0x80,0xfe,0x80,0xfe,0x80,0xfe,0x80,0xfe,0x80,0xfe,0x80,0xfe,0x80,0xfe,0x80,
    0xfe,0xa0,0xfe,0x80,0xfe,0x80,0xfe,0xa0,0xfe,0x80,0xfe,0x40,0x80,0xfe,0x82,0xa0,
    0xfe,0x80,0xfe,0x20,0x80,0xfe,0x83,0xa0,0xfe,0xa0,0xfe,0x80,0xfe,0x24,0x80,0xfe,
    0xa0,0xa0,0xfe,0x80,0xfe,0xa0,0xfe,0xa0,0xfe,0x80,0xfe,0x80,0xfe,0xa0,0xfe,0xa0,
    0xfe,0x80,0xfe,0x80,0xfe,0xa0,0xfe,0xa0,0xfe,0x80,0xfe,0x80,0xfe,0x80,0xfe,0x80,
    0xfe,0x80,0xfe,0x80,0xfe,0x80,0xfe,0x80,0xfe,0x80,0xfe,0x80,0xfe,0x80,0xfe,0x80,
    0xfe,0x80,0xfe,0x80,0xfe,0x80,0xfe,0xa0,0xfe,0xa0,0xfe,0x80,0xfe,0xa0,0xfe,0x80,
    0xfe,0x21,0x80,0xfe,0x19,0xa0,0xfe,0xc0,0xc0,0xfe,0xc0,0xfe,0x80,0xfe,0xa0,0xfe,
    0xa0,0xfe,0xa0,0xfe,0xa0,0xfe,0xa0,0xfe,0xa0,0xfe,0xa0,0xfe,0xa0,0xfe,0xa0,0xfe,
    0xa0,0xfe,0xa0,0xfe,0xa0,0xfe,0x80,0xfe,0x80,0xfe,0xa0,0xfe,0xa0,0xfe,0xa0,0xfe,
    0xa0,0xfe,0xa0,0xfe,0xa0,0xfe,0xa0,0xfe,0xa0,0xfe,0xa0,0xfe,0xa0,0xfe,0xa0,0xfe,
    0xa0,0xfe,0xa0,0xfe,0xa0,0xfe,0x80,0xfe,0xa0,0xfe,0xa0,0xfe,0x80,0xfe,0x80,0xfe,
    0x80,0xfe,0x80,0xfe,0x80,0xfe,0x80,0xfe,0x80,0xfe,0xa0,0xfe,0xa0,0xfe,0x80,0xfe,
    0x80,0xfe,0xa0,0xfe,0xa0,0xfe,0x80,0xfe,0x80,0xfe,0x80,0xfe,0x80,0xfe,0x80,0xfe,
    0x80,0xfe,0x80,0xfe,0x80,0xfe,0x80,0xfe,0x80,0xfe,0x80,0xfe,0x80,0xfe,0x80,0xfe,
    0x80,0xfe,0x80,0xfe,0xa0,0xfe,0x80,0xfe,0x1a,0x80,0xfe,0x82,0xa0,0xfe,0x80,0xfe,
    0x20,0x80,0xfe,0x82,0xa0,0xfe,0x80,0xfe,0x1d,0x80,0xfe,0x8c,0xa0,0xfe,0x80,0xfe,
    0x80,0xfe,0x80,0xfe,0x80,0xfe,0xa0,0xfe,0xa0,0xfe,0x80,0xfe,0x80,0xfe,0x80,0xfe,
    0xa0,0xfe,0x80,0xfe,0x1f,0x80,0xfe,0xa1,0xa0,0xfe,0xa0,0xfe,0xa0,0xfe,0xa0,0xfe,
    0x80,0xfe,0x80,0xfe,0x80,0xfe,0xa0,0xfe,0x80,0xfe,0x80,0xfe,0xa0,0xfe,0xa0,0xfe,
    0xa0,0xfe,0x80,0xfe,0x80,0xfe,0x80,0xfe,0x80,0xfe,0x80,0xfe,0x80,0xfe,0x80,0xfe,
    0x80,0xfe,0x80,0xfe,0x80,0xfe,0xa0,0xfe,0xa0,0xfe,0x80,0xfe,0x80,0xfe,0xa0,0xfe,
    0x80,0xfe,0xa0,0xfe,0xa0,0xfe,0xa0,0xfe,0x80,0xfe,0x21,0x80,0xfe,0x18,0xa0,0xfe,
    0xbf,0xc0,0xfe,0xc0,0xfe,0xa0,0xfe,0xa0,0xfe,0xa0,0xfe,0xa0,0xfe,0xa0,0xfe,0xa0,
    0xfe,0xa0,0xfe,0xa0,0xfe,0xa0,0xfe,0xa0,0xfe,0xa0,0xfe,0xa0,0xfe,0x80,0xfe,0xa0,
    0xfe,0x80,0xfe,0xa0,0xfe,0xa0,0xfe,0xa0,0xfe,0xa0,0xfe,0xa0,0xfe,0xa0,0xfe,0xa0,
    0xfe,0xa0,0xfe,0xa0,0xfe,0xa0,0xfe,0xa0,0xfe,0xa0,0xfe,0xa0,0xfe,0xa0,0xfe,0xa0,
    0xfe,0xa0,0xfe,0xa0,0xfe,0x80,0xfe,0xa0,0xfe,0x80,0xfe,0xa0,0xfe,0x80,0xfe,0xa0,
    0xfe,0xa0,0xfe,0xa0,0xfe,0xa0,0xfe,0xa0,0xfe,0xa0,0xfe,0xa0,0xfe,0xa0,0xfe,0x80,
    0xfe,0x80,0xfe,0x80,0xfe,0x80,0xfe,0x80,0xfe,0x80,0xfe,0xa0,0xfe,0x80,0xfe,0x80,
    0xfe,0x80,0xfe,0x80,0xfe,0xa0,0xfe,0x80,0xfe,0x80,0xfe,0xa0,0xfe,0x80,0xfe,0x1a,
    0x80,0xfe,0x8a,0xa0,0xfe,0x80,0xfe,0x80,0xfe,0x80,0xfe,0x80,0xfe,0x80,0xfe,0x80,
    0xfe,0x80,0xfe,0xa0,0xfe,0x80,0xfe,0x34,0x80,0xfe,0x90,0xa0,0xfe,0x80,0xfe,0xa0,
    0xfe,0x80,0xfe,0x80,0xfe,0x80,0xfe,0x80,0xfe,0x80,0xfe,0x80,0xfe,0xa0,0xfe,0x80,
    0xfe,0x80,0xfe,0x80,0xfe,0x80,0xfe,0xa0,0xfe,0x80,0xfe,0x1f,0x80,0xfe,0xa4,0xa0,
    0xfe,0xa0,0xfe,0xa0,0xfe,0xa0,0xfe,0xa0,0xfe,0xa0,0xfe,0x80,0xfe,0x80,0xfe,0xa0,
    0xfe,0xa0,0xfe,0x80,0xfe,0xa0,0xfe,0xa0,0xfe,0x80,0xfe,0xa0,0xfe,0xa0,0xfe,0xa0,
    0xfe,0xa0,0xfe,0x80,0xfe,0x80,0xfe,0x80,0xfe,0x80,0xfe,0xa0,0xfe,0xa0,0xfe,0xa0,
    0xfe,0xa0,0xfe,0x80,0xfe,0x80,0xfe,0x80,0xfe,0x80,0xfe,0x80,0xfe,0x80,0xfe,0x80,
    0xfe,0x80,0xfe,0xa0,0xfe,0x80,0xfe,0x1d,0x80,0xfe,0x19,0xa0,0xfe,0xaf,0xc0,0xfe,
    0xc0,0xfe,0xa0,0xfe,0xa0,0xfe,0xa0,0xfe,0xa0,0xfe,0xa0,0xfe,0xa0,0xfe,0xa0,0xfe,
    0xa0,0xfe,0xa0,0xfe,0xa0,0xfe,0xa0,0xfe,0xa0,0xfe,0xa0,0xfe,0x80,0xfe,0xa0,0xfe,
    0x80,0xfe,0xa0,0xfe,0xa0,0xfe,0xa0,0xfe,0xa0,0xfe,0xa0,0xfe,0xa0,0xfe,0xa0,0xfe,
    0xa0,0xfe,0xa0,0xfe,0xa0,0xfe,0xa0,0xfe,0xa0,0xfe,0xa0,0xfe,0xa0,0xfe,0xa0,0xfe,
    0xa0,0xfe,0x80,0xfe,0x80,0xfe,0xa0,0xfe,0xa0,0xfe,0xa0,0xfe,0x80,0xfe,0x80,0xfe,
    0xa0,0xfe,0xa0,0xfe,0xa0,0xfe,0xa0,0xfe,0xa0,0xfe,0x80,0xfe,0x29,0x80,0xfe,0x8c,
    0xa0,0xfe,0x80,0xfe,0x80,0xfe,0x80,0xfe,0x80,0xfe,0x80,0xfe,0x80,0xfe,0x80,0xfe,
    0x80,0xfe,0x80,0xfe,0xa0,0xfe,0x80,0xfe,0x30,0x80,0xfe,0x93,0xa0,0xfe,0x80,0xfe,
    0x80,0xfe,0x80,0xfe,0xa0,0xfe,0xa0,0xfe,0x80,0xfe,0x80,0xfe,0xa0,0xfe,0x80,0xfe,
    0x80,0xfe,0x80,0xfe,0x80,0xfe,0x80,0xfe,0x80,0xfe,0x80,0xfe,0xa0,0xfe,0xa0,0xfe,
    0x80,0xfe,0x24,0x80,0xfe,0x9b,0xa0,0xfe,0xa0,0xfe,0xa0,0xfe,0xa0,0xfe,0xa0,0xfe,
    0x80,0xfe,0x80,0xfe,0x80,0xfe,0x80,0xfe,0x80,0xfe,0x80,0xfe,0x80,0xfe,0x80,0xfe,
    0x80,0xfe,0x80,0xfe,0x80,0xfe,0x80,0xfe,0xa0,0xfe,0x80,0xfe,0xa0,0xfe,0xa0,0xfe,
    0xa0,0xfe,0xa0,0xfe,0xa0,0xfe,0xa0,0xfe,0xa0,0xfe,0x80,0xfe,0x1d,0x80,0xfe,0x85,
    0xa0,0xfe,0x80,0xfe,0x80,0xfe,0x80,0xfe,0xa0,0xfe,0x18,0xa0,0xfe,0xe4,0xc0,0xfe,
    0xc0,0xfe,0xa0,0xfe,0xa0,0xfe,0xa0,0xfe,0xa0,0xfe,0xa0,0xfe,0xa0,0xfe,0xa0,0xfe,
    0xa0,0xfe,0xa0,0xfe,0xa0,0xfe,0xa0,0xfe,0xa0,0xfe,0x80,0xfe,0x80,0xfe,0x80,0xfe,
    0x80,0xfe,0xa0,0xfe,0xa0,0xfe,0xa0,0xfe,0xa0,0xfe,0xa0,0xfe,0xa0,0xfe,0xa0,0xfe,
    0xa0,0xfe,0xa0,0xfe,0xa0,0xfe,0xa0,0xfe,0xa0,0xfe,0x80,0xfe,0xa0,0xfe,0x80,0xfe,
    0x80,0xfe,0xa0,0xfe,0xa0,0xfe,0xa0,0xfe,0x80,0xfe,0xa0,0xfe,0xa0,0xfe,0x80,0xfe,
    0xa0,0xfe,0xa0,0xfe,0xa0,0xfe,0xa0,0xfe,0xa0,0xfe,0xa0,0xfe,0x80,0xfe,0x80,0xfe,
    0x80,0xfe,0x80,0xfe,0x80,0xfe,0x80,0xfe,0x80,0xfe,0x80,0xfe,0x80,0xfe,0x80,0xfe,
    0x80,0xfe,0x80,0xfe,0x80,0xfe,0x80,0xfe,0xa0,0xfe,0xa0,0xfe,0x80,0xfe,0x80,0xfe,
    0x80,0xfe,0x80,0xfe,0x80,0xfe,0x80,0xfe,0x80,0xfe,0x80,0xfe,0x80,0xfe,0x80,0xfe,
    0x80,0xfe,0x80,0xfe,0x80,0xfe,0x80,0xfe,0x80,0xfe,0xa0,0xfe,0x80,0xfe,0x80,0xfe,
    0x80,0xfe,0x80,0xfe,0x80,0xfe,0x80,0xfe,0x80,0xfe,0x80,0xfe,0x80,0xfe,0x80,0xfe,
    0x80,0xfe,0x80,0xfe,0x80,0xfe,0x80,0xfe,0xa0,0xfe,0xa0,0xfe,0xa0,0xfe,0xa0,0xfe,
    0xa0,0xfe,0xa0,0xfe,0x80,0xfe,0x30,0x80,0xfe,0x95,0xa0,0xfe,0xa0,0xfe,0xa0,0xfe,
    0xa0,0xfe,0xa0,0xfe,0xa0,0xfe,0xa0,0xfe,0x80,0xfe,0xa0,0xfe,0x80,0xfe,0x80,0xfe,
    0x80,0xfe,0x80,0xfe,0x80,0xfe,0x80,0xfe,0x80,0xfe,0xa0,0xfe,0xa0,0xfe,0x80,0xfe,
    0xa0,0xfe,0x80,0xfe,0x22,0x80,0xfe,0xa1,0xa0,0xfe,0xa0,0xfe,0xa0,0xfe,0x80,0xfe,
    0x80,0xfe,0x80,0xfe,0x80,0xfe,0x80,0xfe,0x80,0xfe,0x80,0xfe,0x80,0xfe,0x80,0xfe,
    0x80,0xfe,0x80,0xfe,0x80,0xfe,0x80,0xfe,0x80,0xfe,0x80,0xfe,0x80,0xfe,0xa0,0xfe,
    0xa0,0xfe,0xa0,0xfe,0xa0,0xfe,0xa0,0xfe,0xa0,0xfe,0xa0,0xfe,0xa0,0xfe,0x80,0xfe,
    0xa0,0xfe,0x80,0xfe,0x80,0xfe,0xa0,0xfe,0x80,0xfe,0x17,0x80,0xfe,0x84,0xa0,0xfe,
    0x80,0xfe,0x80,0xfe,0xa0,0xfe,0x19,0xa0,0xfe,0xe4,0xc0,0xfe,0xc0,0xfe,0xa0,0xfe,
    0xa0,0xfe,0xa0,0xfe,0xa0,0xfe,0xa0,0xfe,0xa0,0xfe,0xa0,0xfe,0xa0,0xfe,0xa0,0xfe,
    0xa0,0xfe,0xa0,0xfe,0xa0,0xfe,0x80,0xfe,0x80,0xfe,0x80,0xfe,0x80,0xfe,0xa0,0xfe,
    0xa0,0xfe,0xa0,0xfe,0xa0,0xfe,0xa0,0xfe,0xa0,0xfe,0xa0,0xfe,0xa0,0xfe,0xa0,0xfe,
    0xa0,0xfe,0xa0,0xfe,0xa0,0xfe,0xa0,0xfe,0xa0,0xfe,0xa0,0xfe,0x80,0xfe,0xa0,0xfe,
    0xa0,0xfe,0xa0,0xfe,0xa0,0xfe,0xa0,0xfe,0xa0,0xfe,0x80,0xfe,0xa0,0xfe,0xa0,0xfe,
    0xa0,0xfe,0x80,0xfe,0xa0,0xfe,0xa0,0xfe,0x80,0xfe,0x80,0xfe,0x80,0xfe,0x80,0xfe,
    0x80,0xfe,0x80,0xfe,0x80,0xfe,0x80,0xfe,0x80,0xfe,0x80,0xfe,0x80,0xfe,0x80,0xfe,
    0x80,0xfe,0x80,0xfe,0xa0,0xfe,0xa0,0xfe,0x80,0xfe,0x80,0xfe,0x80,0xfe,0x80,0xfe,
    0x80,0xfe,0x80,0xfe,0x80,0xfe,0x80,0xfe,0x80,0xfe,0x80,0xfe,0xa0,0xfe,0x80,0xfe,
    0xa0,0xfe,0x80,0xfe,0x80,0xfe,0x80,0xfe,0x80,0xfe,0x80,0xfe,0x80,0xfe,0x80,0xfe,
    0x80,0xfe,0x80,0xfe,0xa0,0xfe,0xa0,0xfe,0xa0,0xfe,0x80,0xfe,0x80,0xfe,0xa0,0xfe,
    0xa0,0xfe,0xa0,0xfe,0xa0,0xfe,0xa0,0xfe,0xa0,0xfe,0xa0,0xfe,0xa0,0xfe,0xa0,0xfe,
    0x80,0xfe,0x1b,0x80,0xfe,0x82,0xa0,0xfe,0x80,0xfe,0x14,0x80,0xfe,0x87,0xa0,0xfe,
    0xa0,0xfe,0x80,0xfe,0x80,0xfe,0x80,0xfe,0xa0,0xfe,0x80,0xfe,0x2b,0x80,0xfe,0xa0,
    0xa0,0xfe,0xa0,0xfe,0x80,0xfe,0xa0,0xfe,0xa0,0xfe,0x80,0xfe,0x80,0xfe,0x80,0xfe,
    0x80,0xfe,0x80,0xfe,0x80,0xfe,0x80,0xfe,0x80,0xfe,0x80,0xfe,0x80,0xfe,0xa0,0xfe,
    0xa0,0xfe,0xa0,0xfe,0xa0,0xfe,0x80,0xfe,0x80,0xfe,0x80,0xfe,0xa0,0xfe,0xa0,0xfe,
    0x80,0xfe,0xa0,0xfe,0xa0,0xfe,0xa0,0xfe,0xa0,0xfe,0xa0,0xfe,0xa0,0xfe,0x80,0xfe,
    0x1c,0x80,0xfe,0x1d,0xa0,0xfe,0x93,0xc0,0xfe,0xc0,0xfe,0xa0,0xfe,0xa0,0xfe,0xa0,
    0xfe,0xa0,0xfe,0xa0,0xfe,0xa0,0xfe,0xa0,0xfe,0xa0,0xfe,0xa0,0xfe,0xa0,0xfe,0xa0,
    0xfe,0xa0,0xfe,0x80,0xfe,0x80,0xfe,0x80,0xfe,0x80,0xfe,0xa0,0xfe,0x13,0xa0,0xfe,
    0x8b,0x80,0xfe,0xa0,0xfe,0xa0,0xfe,0xa0,0xfe,0xa0,0xfe,0xa0,0xfe,0xa0,0xfe,0xa0,
    0xfe,0xa0,0xfe,0xa0,0xfe,0x80,0xfe,0x1b,0x80,0xfe,0xd4,0xa0,0xfe,0x80,0xfe,0x80,
    0xfe,0x80,0xfe,0x80,0xfe,0x80,0xfe,0x80,0xfe,0xa0,0xfe,0x80,0xfe,0x80,0xfe,0xa0,
    0xfe,0x80,0xfe,0x80,0xfe,0xa0,0xfe,0x80,0xfe,0xa0,0xfe,0xa0,0xfe,0xa0,0xfe,0xa0,
    0xfe,0xa0,0xfe,0xa0,0xfe,0xa0,0xfe,0xa0,0xfe,0xa0,0xfe,0xa0,0xfe,0x80,0xfe,0x80,
    0xfe,0x80,0xfe,0x80,0xfe,0x80,0xfe,0x80,0xfe,0x80,0xfe,0x80,0xfe,0x80,0xfe,0x80,
    0xfe,0x80,0xfe,0x80,0xfe,0xa0,0xfe,0xa0,0xfe,0xa0,0xfe,0x80,0xfe,0x80,0xfe,0x80,
    0xfe,0x80,0xfe,0x80,0xfe,0x80,0xfe,0x80,0xfe,0x80,0xfe,0x80,0xfe,0x80,0xfe,0x80,
    0xfe,0xa0,0xfe,0x80,0xfe,0x80,0xfe,0x80,0xfe,0x80,0xfe,0x80,0xfe,0x80,0xfe,0x80,
    0xfe,0x80,0xfe,0x80,0xfe,0x80,0xfe,0x80,0xfe,0x80,0xfe,0x80,0xfe,0x80,0xfe,0xa0,
    0xfe,0xa0,0xfe,0x80,0xfe,0x80,0xfe,0x80,0xfe,0x80,0xfe,0x80,0xfe,0x80,0xfe,0xa0,
    0xfe,0xa0,0xfe,0xa0,0xfe,0xa0,0xfe,0xa0,0xfe,0xa0,0xfe,0x80,0xfe,0x80,0xfe,0xa0,
    0xfe,0x80,0xfe,0x20,0x80,0xfe,0x8b,0xa0,0xfe,0xa0,0xfe,0x80,0xfe,0x80,0xfe,0xa0,
    0xfe,0x80,0xfe,0xa0,0xfe,0xa0,0xfe,0xa0,0xfe,0xa0,0xfe,0x80,0xfe,0x18,0x80,0xfe,
    0x83,0xa0,0xfe,0xa0,0xfe,0x80,0xfe,0x16,0x80,0xfe,0x8a,0xa0,0xfe,0xa0,0xfe,0xa0,
    0xfe,0x80,0xfe,0x80,0xfe,0x80,0xfe,0x80,0xfe,0xa0,0xfe,0x80,0xfe,0xa0,0xfe,0x1a,
    0xa0,0xfe,0x93,0xc0,0xfe,0xc0,0xfe,0xa0,0xfe,0xa0,0xfe,0xa0,0xfe,0xa0,0xfe,0xa0,
    0xfe,0xa0,0xfe,0xa0,0xfe,0xa0,0xfe,0xa0,0xfe,0xa0,0xfe,0xa0,0xfe,0xa0,0xfe,0xa0,
    0xfe,0x80,0xfe,0x80,0xfe,0x80,0xfe,0xa0,0xfe,0x16,0xa0,0xfe,0x94,0x80,0xfe,0xa0,
    0xfe,0x80,0xfe,0xa0,0xfe,0xa0,0xfe,0xa0,0xfe,0xa0,0xfe,0x80,0xfe,0x80,0xfe,0x80,
    0xfe,0x80,0xfe,0x80,0xfe,0x80,0xfe,0x80,0xfe,0x80,0xfe,0x80,0xfe,0x80,0xfe,0x80,
    0xfe,0xa0,0xfe,0x80,0xfe,0x1e,0x80,0xfe,0xc5,0xa0,0xfe,0xa0,0xfe,0x80,0xfe,0x80,
    0xfe,0xa0,0xfe,0x80,0xfe,0x80,0xfe,0x80,0xfe,0x80,0xfe,0x80,0xfe,0xa0,0xfe,0xa0,
    0xfe,0xa0,0xfe,0x80,0xfe,0x80,0xfe,0x80,0xfe,0x80,0xfe,0x80,0xfe,0x80,0xfe,0x80,
    0xfe,0x80,0xfe,0xa0,0xfe,0xa0,0xfe,0x80,0xfe,0x80,0xfe,0x80,0xfe,0x80,0xfe,0x80,
    0xfe,0x80,0xfe,0x80,0xfe,0x80,0xfe,0x80,0xfe,0x80,0xfe,0x80,0xfe,0x80,0xfe,0x80,
    0xfe,0xa0,0xfe,0x80,0xfe,0xa0,0xfe,0x80,0xfe,0x80,0xfe,0x80,0xfe,0xa0,0xfe,0xa0,
    0xfe,0x80,0xfe,0x80,0xfe,0x80,0xfe,0x80,0xfe,0x80,0xfe,0x80,0xfe,0x80,0xfe,0xa0,
    0xfe,0xa0,0xfe,0xa0,0xfe,0x80,0xfe,0x80,0xfe,0x80,0xfe,0x80,0xfe,0x80,0xfe,0x80,
    0xfe,0xa0,0xfe,0xa0,0xfe,0x80,0xfe,0xa0,0xfe,0xa0,0xfe,0xa0,0xfe,0xa0,0xfe,0xa0,
    0xfe,0x80,0xfe,0x20,0x80,0xfe,0x86,0xa0,0xfe,0x80,0xfe,0xa0,0xfe,0xa0,0xfe,0xa0,
    0xfe,0x80,0xfe,0x37,0x80,0xfe,0x89,0xa0,0xfe,0xa0,0xfe,0x80,0xfe,0x80,0xfe,0x80,
    0xfe,0x80,0xfe,0x80,0xfe,0x80,0xfe,0xa0,0xfe,0x1a,0xa0,0xfe,0xba,0xc0,0xfe,0xc0,
    0xfe,0xa0,0xfe,0xa0,0xfe,0xa0,0xfe,0xa0,0xfe,0xa0,0xfe,0xa0,0xfe,0xa0,0xfe,0xa0,
    0xfe,0xa0,0xfe,0xa0,0xfe,0xa0,0xfe,0xa0,0xfe,0x80,0xfe,0x80,0xfe,0x80,0xfe,0x80,
    0xfe,0x80,0xfe,0xa0,0xfe,0x80,0xfe,0x80,0xfe,0x80,0xfe,0x80,0xfe,0xa0,0xfe,0xa0,
    0xfe,0xa0,0xfe,0xa0,0xfe,0xa0,0xfe,0xa0,0xfe,0xa0,0xfe,0xa0,0xfe,0xa0,0xfe,0xa0,
    0xfe,0xa0,0xfe,0xa0,0xfe,0xa0,0xfe,0xa0,0xfe,0x80,0xfe,0xa0,0xfe,0xa0,0xfe,0x80,
    0xfe,0xa0,0xfe,0x80,0xfe,0x80,0xfe,0xa0,0xfe,0xa0,0xfe,0xa0,0xfe,0xa0,0xfe,0x80,
    0xfe,0x80,0xfe,0x80,0xfe,0x80,0xfe,0x80,0xfe,0x80,0xfe,0xa0,0xfe,0xa0,0xfe,0x80,
    0xfe,0x19,0x80,0xfe,0xce,0xa0,0xfe,0xa0,0xfe,0xa0,0xfe,0x80,0xfe,0x80,0xfe,0x80,
    0xfe,0x80,0xfe,0x80,0xfe,0xa0,0xfe,0x80,0xfe,0xa0,0xfe,0xa0,0xfe,0xa0,0xfe,0x80,
    0xfe,0x80,0xfe,0x80,0xfe,0x80,0xfe,0x80,0xfe,0xa0,0xfe,0xa0,0xfe,0x80,0xfe,0x80,
    0xfe,0xa0,0xfe,0xa0,0xfe,0x80,0xfe,0x80,0xfe,0x80,0xfe,0x80,0xfe,0x80,0xfe,0x80,
    0xfe,0x80,0xfe,0x80,0xfe,0x80,0xfe,0xa0,0xfe,0xa0,0xfe,0x80,0xfe,0x80,0xfe,0x80,
    0xfe,0x80,0xfe,0x80,0xfe,0x80,0xfe,0x80,0xfe,0x80,0xfe,0x80,0xfe,0x80,0xfe,0xa0,
    0xfe,0xa0,0xfe,0xa0,0xfe,0xa0,0xfe,0xa0,0xfe,0xa0,0xfe,0x80,0xfe,0x80,0xfe,0x80,
    0xfe,0x80,0xfe,0x80,0xfe,0x80,0xfe,0x80,0xfe,0xa0,0xfe,0xa0,0xfe,0x80,0xfe,0xa0,
    0xfe,0xa0,0xfe,0x80,0xfe,0x80,0xfe,0x80,0xfe,0x80,0xfe,0x80,0xfe,0x80,0xfe,0x80,
    0xfe,0xa0,0xfe,0x80,0xfe,0xa0,0xfe,0xa0,0xfe,0xa0,0xfe,0x80,0xfe,0xa0,0xfe,0x80,
    0xfe,0x22,0x80,0xfe,0xa9,0xa0,0xfe,0xa0,0xfe,0xa0,0xfe,0x80,0xfe,0x80,0xfe,0x80,
    0xfe,0x80,0xfe,0x80,0xfe,0x80,0xfe,0xa0,0xfe,0x80,0xfe,0x80,0xfe,0x80,0xfe,0x80,
    0xfe,0x80,0xfe,0xa0,0xfe,0xa0,0xfe,0xa0,0xfe,0x80,0xfe,0x80,0xfe,0x80,0xfe,0xa0,
    0xfe,0xa0,0xfe,0x80,0xfe,0x80,0xfe,0x80,0xfe,0x80,0xfe,0x80,0xfe,0x80,0xfe,0x80,
    0xfe,0x80,0xfe,0x80,0xfe,0x80,0xfe,0x80,0xfe,0x80,0xfe,0x80,0xfe,0x80,0xfe,0xa0,
    0xfe,0xa0,0xfe,0xa0,0xfe,0x80,0xfe,0x13,0x80,0xfe,0x88,0xa0,0xfe,0xa0,0xfe,0x80,
    0xfe,0xa0,0xfe,0x80,0xfe,0xa0,0xfe,0x80,0xfe,0xa0,0xfe,0x19,0xa0,0xfe,0xff,0xc0,
    0xfe,0xc0,0xfe,0xa0,0xfe,0xa0,0xfe,0xa0,0xfe,0xa0,0xfe,0xa0,0xfe,0xa0,0xfe,0xa0,
    0xfe,0xa0,0xfe,0xa0,0xfe,0xa0,0xfe,0xa0,0xfe,0xa0,0xfe,0x80,0xfe,0x80,0xfe,0x80,
    0xfe,0x80,0xfe,0x80,0xfe,0x80,0xfe,0x80,0xfe,0x80,0xfe,0x80,0xfe,0x80,0xfe,0xa0,
    0xfe,0xa0,0xfe,0xa0,0xfe,0xa0,0xfe,0xa0,0xfe,0xa0,0xfe,0xa0,0xfe,0xa0,0xfe,0xa0,
    0xfe,0xa0,0xfe,0xa0,0xfe,0xa0,0xfe,0xa0,0xfe,0x80,0xfe,0x80,0xfe,0xa0,0xfe,0xa0,
    0xfe,0xa0,0xfe,0xa0,0xfe,0xa0,0xfe,0xa0,0xfe,0xa0,0xfe,0xa0,0xfe,0xa0,0xfe,0x80,
    0xfe,0x80,0xfe,0x80,0xfe,0x80,0xfe,0x80,0xfe,0xa0,0xfe,0x80,0xfe,0xa0,0xfe,0xa0,
    0xfe,0x80,0xfe,0x80,0xfe,0x80,0xfe,0x80,0xfe,0xa0,0xfe,0x80,0xfe,0x80,0xfe,0x80,
    0xfe,0x80,0xfe,0x80,0xfe,0x80,0xfe,0x80,0xfe,0x80,0xfe,0x80,0xfe,0x80,0xfe,0x80,
    0xfe,0x80,0xfe,0x80,0xfe,0x80,0xfe,0x80,0xfe,0x80,0xfe,0xa0,0xfe,0x80,0xfe,0x80,
    0xfe,0x80,0xfe,0x80,0xfe,0xa0,0xfe,0xa0,0xfe,0x80,0xfe,0x80,0xfe,0x80,0xfe,0x80,
    0xfe,0x80,0xfe,0x80,0xfe,0x80,0xfe,0xa0,0xfe,0xa0,0xfe,0xa0,0xfe,0xa0,0xfe,0x80,
    0xfe,0xa0,0xfe,0xa0,0xfe,0xa0,0xfe,0xa0,0xfe,0xa0,0xfe,0x80,0xfe,0x80,0xfe,0x80,
    0xfe,0x80,0xfe,0x80,0xfe,0x80,0xfe,0x80,0xfe,0x80,0xfe,0x80,0xfe,0x80,0xfe,0x80,
    0xfe,0x80,0xfe,0x80,0xfe,0x80,0xfe,0xa0,0xfe,0xa0,0xfe,0x80,0xfe,0x80,0xfe,0x80,
    0xfe,0x80,0xfe,0x80,0xfe,0x80,0xfe,0xa0,0xfe,0x80,0xfe,0x80,0xfe,0xa8,0x80,0xfe,
    0x80,0xfe,0x80,0xfe,0x80,0xfe,0x80,0xfe,0xa0,0xfe,0xa0,0xfe,0x80,0xfe,0x80,0xfe,
    0x80,0xfe,0x80,0xfe,0x80,0xfe,0x80,0xfe,0xa0,0xfe,0xa0,0xfe,0x80,0xfe,0x80,0xfe,
    0xa0,0xfe,0x80,0xfe,0x80,0xfe,0x80,0xfe,0x80,0xfe,0x80,0xfe,0x80,0xfe,0x80,0xfe,
    0x80,0xfe,0x80,0xfe,0x80,0xfe,0x80,0xfe,0x80,0xfe,0xa0,0xfe,0x80,0xfe,0x80,0xfe,
    0x80,0xfe,0x80,0xfe,0x80,0xfe,0x80,0xfe,0xa0,0xfe,0xa0,0xfe,0x80,0xfe,0x1a,0x80,
    0xfe,0x9b,0xa0,0xfe,0x80,0xfe,0x80,0xfe,0x80,0xfe,0x80,0xfe,0x80,0xfe,0xa0,0xfe,
    0xa0,0xfe,0xa0,0xfe,0x80,0xfe,0xa0,0xfe,0xa0,0xfe,0xa0,0xfe,0x80,0xfe,0x80,0xfe,
    0x80,0xfe,0x80,0xfe,0x80,0xfe,0x80,0xfe,0x80,0xfe,0x80,0xfe,0x80,0xfe,0x80,0xfe,
    0x80,0xfe,0x80,0xfe,0xa0,0xfe,0x80,0xfe,0x20,0x80,0xfe,0x8d,0xa0,0xfe,0x80,0xfe,
    0xa0,0xfe,0xa0,0xfe,0xa0,0xfe,0x80,0xfe,0xa0,0xfe,0xa0,0xfe,0x80,0xfe,0x80,0xfe,
    0x80,0xfe,0x80,0xfe,0xa0,0xfe,0x17,0xa0,0xfe,0xff,0xc0,0xfe,0xc0,0xfe,0xa0,0xfe,
    0xa0,0xfe,0xa0,0xfe,0xa0,0xfe,0xa0,0xfe,0xa0,0xfe,0xa0,0xfe,0xa0,0xfe,0xa0,0xfe,
    0xa0,0xfe,0xa0,0xfe,0xa0,0xfe,0x80,0xfe,0xa0,0xfe,0xa0,0xfe,0x80,0xfe,0x80,0xfe,
    0x80,0xfe,0x80,0xfe,0x80,0xfe,0x80,0xfe,0x80,0xfe,0xa0,0xfe,0xa0,0xfe,0xa0,0xfe,
    0xa0,0xfe,0xa0,0xfe,0xa0,0xfe,0xa0,0xfe,0xa0,0xfe,0xa0,0xfe,0xa0,0xfe,0xa0,0xfe,
    0xa0,0xfe,0xa0,0xfe,0xa0,0xfe,0x80,0xfe,0xa0,0xfe,0xa0,0xfe,0xa0,0xfe,0xa0,0xfe,
    0xa0,0xfe,0xa0,0xfe,0xa0,0xfe,0xa0,0xfe,0xa0,0xfe,0x80,0xfe,0x80,0xfe,0x80,0xfe,
    0x80,0xfe,0x80,0xfe,0x80,0xfe,0x80,0xfe,0x80,0xfe,0x80,0xfe,0x80,0xfe,0x80,0xfe,
    0x80,0xfe,0x80,0xfe,0x80,0xfe,0x80,0xfe,0x80,0xfe,0x80,0xfe,0xa0,0xfe,0x80,0xfe,
    0x80,0xfe,0x80,0xfe,0x80,0xfe,0x80,0xfe,0x80,0xfe,0x80,0xfe,0x80,0xfe,0x80,0xfe,
    0x80,0xfe,0x80,0xfe,0x80,0xfe,0x80,0xfe,0x80,0xfe,0xa0,0xfe,0x80,0xfe,0x80,0xfe,
    0x80,0xfe,0x80,0xfe,0x80,0xfe,0x80,0xfe,0x80,0xfe,0x80,0xfe,0x80,0xfe,0xa0,0xfe,
    0x80,0xfe,0x80,0xfe,0x80,0xfe,0xa0,0xfe,0xa0,0xfe,0x80,0xfe,0xa0,0xfe,0xa0,0xfe,
    0x80,0xfe,0x80,0xfe,0xa0,0xfe,0x80,0xfe,0xa0,0xfe,0x80,0xfe,0x80,0xfe,0x80,0xfe,
    0x80,0xfe,0x80,0xfe,0x80,0xfe,0x80,0xfe,0x80,0xfe,0x80,0xfe,0x80,0xfe,0xa0,0xfe,
    0x80,0xfe,0xa0,0xfe,0xa0,0xfe,0x80,0xfe,0x80,0xfe,0xa0,0xfe,0x80,0xfe,0x80,0xfe,
    0x80,0xfe,0x80,0xfe,0x80,0xfe,0x80,0xfe,0x9f,0x80,0xfe,0x80,0xfe,0xa0,0xfe,0x80,
    0xfe,0xa0,0xfe,0x80,0xfe,0x80,0xfe,0x80,0xfe,0xa0,0xfe,0x80,0xfe,0x80,0xfe,0xa0,
    0xfe,0xa0,0xfe,0x80,0xfe,0x80,0xfe,0x80,0xfe,0x80,0xfe,0x80,0xfe,0x80,0xfe,0x80,
    0xfe,0x80,0xfe,0x80,0xfe,0x80,0xfe,0x80,0xfe,0x80,0xfe,0x80,0xfe,0xa0,0xfe,0x80,
    0xfe,0x80,0xfe,0xa0,0xfe,0x80,0xfe,0x23,0x80,0xfe,0x99,0xa0,0xfe,0x80,0xfe,0x80,
    0xfe,0x80,0xfe,0x80,0xfe,0x80,0xfe,0x80,0xfe,0x80,0xfe,0x80,0xfe,0x80,0xfe,0x80,
    0xfe,0x80,0xfe,0xa0,0xfe,0x80,0xfe,0x80,0xfe,0x80,0xfe,0x80,0xfe,0x80,0xfe,0x80,
    0xfe,0x80,0xfe,0x80,0xfe,0xa0,0xfe,0xa0,0xfe,0xa0,0xfe,0x80,0xfe,0x21,0x80,0xfe,
    0x8c,0xa0,0xfe,0x80,0xfe,0x80,0xfe,0xa0,0xfe,0x80,0xfe,0xa0,0xfe,0x80,0xfe,0x80,
    0xfe,0x80,0xfe,0x80,0xfe,0x80,0xfe,0xa0,0xfe,0x19,0xa0,0xfe,0xff,0xc0,0xfe,0xc0,
    0xfe,0x80,0xfe,0xa0,0xfe,0xa0,0xfe,0xa0,0xfe,0xa0,0xfe,0xa0,0xfe,0xa0,0xfe,0xa0,
    0xfe,0xa0,0xfe,0xa0,0xfe,0xa0,0xfe,0xa0,0xfe,0xa0,0xfe,0xa0,0xfe,0xa0,0xfe,0x80,
    0xfe,0x80,0xfe,0x80,0xfe,0x80,0xfe,0x80,0xfe,0x80,0xfe,0xa0,0xfe,0xa0,0xfe,0xa0,
    0xfe,0xa0,0xfe,0xa0,0xfe,0xa0,0xfe,0xa0,0xfe,0xa0,0xfe,0xa0,0xfe,0xa0,0xfe,0xa0,
    0xfe,0xa0,0xfe,0xa0,0xfe,0x80,0xfe,0xa0,0xfe,0xa0,0xfe,0xa0,0xfe,0xa0,0xfe,0xa0,
    0xfe,0xa0,0xfe,0xa0,0xfe,0xa0,0xfe,0xa0,0xfe,0xa0,0xfe,0xa0,0xfe,0xa0,0xfe,0x80,
    0xfe,0x80,0xfe,0x80,0xfe,0x80,0xfe,0x80,0xfe,0xa0,0xfe,0x80,0xfe,0x80,0xfe,0x80,
    0xfe,0x80,0xfe,0x80,0xfe,0x80,0xfe,0x80,0xfe,0x80,0xfe,0x80,0xfe,0x80,0xfe,0x80,
    0xfe,0x80,0xfe,0x80,0xfe,0x80,0xfe,0xa0,0xfe,0xa0,0xfe,0x80,0xfe,0x80,0xfe,0x80,
    0xfe,0x80,0xfe,0x80,0xfe,0x80,0xfe,0x80,0xfe,0x80,0xfe,0x80,0xfe,0x80,0xfe,0xa0,
    0xfe,0x80,0xfe,0x80,0xfe,0x80,0xfe,0xa0,0xfe,0xa0,0xfe,0xa0,0xfe,0x80,0xfe,0x80,
    0xfe,0x80,0xfe,0xa0,0xfe,0x80,0xfe,0x80,0xfe,0x80,0xfe,0x80,0xfe,0x80,0xfe,0x80,
    0xfe,0xa0,0xfe,0x80,0xfe,0x80,0xfe,0xa0,0xfe,0x80,0xfe,0x80,0xfe,0x80,0xfe,0x80,
    0xfe,0x80,0xfe,0x80,0xfe,0x80,0xfe,0x80,0xfe,0x80,0xfe,0x80,0xfe,0x80,0xfe,0x80,
    0xfe,0xa0,0xfe,0xa0,0xfe,0x80,0xfe,0x80,0xfe,0x80,0xfe,0x80,0xfe,0x80,0xfe,0x80,
    0xfe,0x80,0xfe,0xa0,0xfe,0x80,0xfe,0x80,0xfe,0xa0,0xfe,0x92,0xa0,0xfe,0x80,0xfe,
    0x80,0xfe,0x80,0xfe,0x80,0xfe,0x80,0xfe,0x80,0xfe,0xa0,0xfe,0x80,0xfe,0xa0,0xfe,
    0xa0,0xfe,0x80,0xfe,0xa0,0xfe,0xa0,0xfe,0xa0,0xfe,0xa0,0xfe,0xa0,0xfe,0x80,0xfe,
    0x33,0x80,0xfe,0x9a,0xa0,0xfe,0x80,0xfe,0x80,0xfe,0xa0,0xfe,0x80,0xfe,0x80,0xfe,
    0x80,0xfe,0x80,0xfe,0x80,0xfe,0x80,0xfe,0x80,0xfe,0x80,0xfe,0x80,0xfe,0x80,0xfe,
    0x80,0xfe,0x80,0xfe,0x80,0xfe,0x80,0xfe,0xa0,0xfe,0xa0,0xfe,0x80,0xfe,0x80,0xfe,
    0x80,0xfe,0x80,0xfe,0xa0,0xfe,0x80,0xfe,0x13,0x80,0xfe,0x96,0xa0,0xfe,0x80,0xfe,
    0x80,0xfe,0x80,0xfe,0x80,0xfe,0x80,0xfe,0x80,0xfe,0x80,0xfe,0x80,0xfe,0xa0,0xfe,
    0xa0,0xfe,0xa0,0xfe,0x80,0xfe,0x80,0xfe,0xa0,0xfe,0x80,0xfe,0x80,0xfe,0xa0,0xfe,
    0x80,0xfe,0x80,0xfe,0x80,0xfe,0xa0,0xfe,0x19,0xa0,0xfe,0x97,0xc0,0xfe,0xc0,0xfe,
    0x80,0xfe,0xa0,0xfe,0xa0,0xfe,0xa0,0xfe,0xa0,0xfe,0xa0,0xfe,0xa0,0xfe,0xa0,0xfe,
    0xa0,0xfe,0xa0,0xfe,0xa0,0xfe,0xa0,0xfe,0xa0,0xfe,0x80,0xfe,0xa0,0xfe,0x80,0xfe,
    0x80,0xfe,0x80,0xfe,0x80,0xfe,0x80,0xfe,0xa0,0xfe,0x1b,0xa0,0xfe,0xe8,0x80,0xfe,
    0x80,0xfe,0xa0,0xfe,0xa0,0xfe,0x80,0xfe,0x80,0xfe,0x80,0xfe,0x80,0xfe,0x80,0xfe,
    0x80,0xfe,0x80,0xfe,0x80,0xfe,0x80,0xfe,0x80,0xfe,0x80,0xfe,0x80,0xfe,0x80,0xfe,
    0xa0,0xfe,0xa0,0xfe,0xa0,0xfe,0xa0,0xfe,0xa0,0xfe,0xa0,0xfe,0xa0,0xfe,0x80,0xfe,
    0x80,0xfe,0x80,0xfe,0x80,0xfe,0xa0,0xfe,0xa0,0xfe,0x80,0xfe,0x80,0xfe,0x80,0xfe,
    0x80,0xfe,0x80,0xfe,0x80,0xfe,0x80,0xfe,0x80,0xfe,0x80,0xfe,0x80,0xfe,0xa0,0xfe,
    0xa0,0xfe,0xa0,0xfe,0x80,0xfe,0x80,0xfe,0x80,0xfe,0x80,0xfe,0xa0,0xfe,0xa0,0xfe,
    0xa0,0xfe,0xa0,0xfe,0xa0,0xfe,0xa0,0xfe,0x80,0xfe,0x80,0xfe,0x80,0xfe,0x80,0xfe,
    0x80,0xfe,0x80,0xfe,0x80,0xfe,0x80,0xfe,0x80,0xfe,0x80,0xfe,0x80,0xfe,0x80,0xfe,
    0x80,0xfe,0x80,0xfe,0x80,0xfe,0xa0,0xfe,0x80,0xfe,0x80,0xfe,0x80,0xfe,0xa0,0xfe,
    0xa0,0xfe,0x80,0xfe,0x80,0xfe,0xa0,0xfe,0xa0,0xfe,0x80,0xfe,0x80,0xfe,0x80,0xfe,
    0x80,0xfe,0x80,0xfe,0x80,0xfe,0x80,0xfe,0xa0,0xfe,0x80,0xfe,0x80,0xfe,0x80,0xfe,
    0x80,0xfe,0xa0,0xfe,0xa0,0xfe,0x80,0xfe,0x80,0xfe,0xa0,0xfe,0x80,0xfe,0x80,0xfe,
    0x80,0xfe,0x80,0xfe,0x80,0xfe,0x80,0xfe,0x80,0xfe,0xa0,0xfe,0x80,0xfe,0x25,0x80,
    0xfe,0xa3,0xa0,0xfe,0xa0,0xfe,0x80,0xfe,0x80,0xfe,0x80,0xfe,0x80,0xfe,0xa0,0xfe,
    0xa0,0xfe,0xa0,0xfe,0x80,0xfe,0xa0,0xfe,0x80,0xfe,0x80,0xfe,0x80,0xfe,0x80,0xfe,
    0x80,0xfe,0x80,0xfe,0xa0,0xfe,0xa0,0xfe,0x80,0xfe,0x80,0xfe,0x80,0xfe,0xa0,0xfe,
    0xa0,0xfe,0x80,0xfe,0xa0,0xfe,0x80,0xfe,0xa0,0xfe,0xa0,0xfe,0xa0,0xfe,0xa0,0xfe,
    0xa0,0xfe,0xa0,0xfe,0xa0,0xfe,0x80,0xfe,0x1a,0x80,0xfe,0x8c,0xa0,0xfe,0x80,0xfe,
    0x80,0xfe,0x80,0xfe,0x80,0xfe,0x80,0xfe,0x80,0xfe,0x80,0xfe,0x80,0xfe,0x80,0xfe,
    0x80,0xfe,0xa0,0xfe,0x18,0xa0,0xfe,0x96,0xc0,0xfe,0xc0,0xfe,0x80,0xfe,0xa0,0xfe,
    0xa0,0xfe,0xa0,0xfe,0xa0,0xfe,0xa0,0xfe,0xa0,0xfe,0xa0,0xfe,0xa0,0xfe,0xa0,0xfe,
    0xa0,0xfe,0xa0,0xfe,0xa0,0xfe,0xa0,0xfe,0xa0,0xfe,0xa0,0xfe,0xa0,0xfe,0x80,0xfe,
    0x80,0xfe,0xa0,0xfe,0x21,0xa0,0xfe,0xe8,0x80,0xfe,0x80,0xfe,0x80,0xfe,0x80,0xfe,
    0xa0,0xfe,0x80,0xfe,0x80,0xfe,0x80,0xfe,0x80,0xfe,0x80,0xfe,0x80,0xfe,0x80,0xfe,
    0xa0,0xfe,0xa0,0xfe,0xa0,0xfe,0xa0,0xfe,0xa0,0xfe,0xa0,0xfe,0xa0,0xfe,0xa0,0xfe,
    0xa0,0xfe,0xa0,0xfe,0x80,0xfe,0x80,0xfe,0x80,0xfe,0x80,0xfe,0x80,0xfe,0x80,0xfe,
    0x80,0xfe,0x80,0xfe,0x80,0xfe,0x80,0xfe,0x80,0xfe,0x80,0xfe,0xa0,0xfe,0xa0,0xfe,
    0xa0,0xfe,0x80,0xfe,0xa0,0xfe,0x80,0xfe,0xa0,0xfe,0xa0,0xfe,0x80,0xfe,0xa0,0xfe,
    0xa0,0xfe,0x80,0xfe,0xa0,0xfe,0x80,0xfe,0x80,0xfe,0xa0,0xfe,0x80,0xfe,0xa0,0xfe,
    0x80,0xfe,0x80,0xfe,0x80,0xfe,0x80,0xfe,0x80,0xfe,0x80,0xfe,0x80,0xfe,0x80,0xfe,
    0x80,0xfe,0x80,0xfe,0x80,0xfe,0xa0,0xfe,0xa0,0xfe,0xa0,0xfe,0x80,0xfe,0xa0,0xfe,
    0x80,0xfe,0x80,0xfe,0x80,0xfe,0x80,0xfe,0xa0,0xfe,0xa0,0xfe,0x80,0xfe,0x80,0xfe,
    0x80,0xfe,0x80,0xfe,0x80,0xfe,0x80,0xfe,0xa0,0xfe,0x80,0xfe,0x80,0xfe,0x80,0xfe,
    0x80,0xfe,0xa0,0xfe,0xa0,0xfe,0xa0,0xfe,0xa0,0xfe,0xa0,0xfe,0x80,0xfe,0x80,0xfe,
    0x80,0xfe,0x80,0xfe,0x80,0xfe,0x80,0xfe,0xa0,0xfe,0x80,0xfe,0x80,0xfe,0xa0,0xfe,
    0xa0,0xfe,0xa0,0xfe,0xa0,0xfe,0x80,0xfe,0x23,0x80,0xfe,0x9d,0xa0,0xfe,0xa0,0xfe,
    0xa0,0xfe,0x80,0xfe,0x80,0xfe,0x80,0xfe,0x80,0xfe,0xa0,0xfe,0x80,0xfe,0x80,0xfe,
    0x80,0xfe,0xa0,0xfe,0xa0,0xfe,0x80,0xfe,0x80,0xfe,0x80,0xfe,0x80,0xfe,0xa0,0xfe,
    0x80,0xfe,0xa0,0xfe,0xa0,0xfe,0xa0,0xfe,0xa0,0xfe,0xa0,0xfe,0xa0,0xfe,0xa0,0xfe,
    0x80,0xfe,0xa0,0xfe,0x80,0xfe,0x1d,0x80,0xfe,0x8b,0xa0,0xfe,0x80,0xfe,0x80,0xfe,
    0x80,0xfe,0x80,0xfe,0x80,0xfe,0x80,0xfe,0x80,0xfe,0x80,0xfe,0x80,0xfe,0xa0,0xfe,
    0x18,0xa0,0xfe,0x9b,0xc0,0xfe,0xc0,0xfe,0xc0,0xfe,0x80,0xfe,0xa0,0xfe,0xa0,0xfe,
    0xa0,0xfe,0xa0,0xfe,0xa0,0xfe,0xa0,0xfe,0xa0,0xfe,0xa0,0xfe,0xa0,0xfe,0xa0,0xfe,
    0xa0,0xfe,0xa0,0xfe,0xa0,0xfe,0x80,0xfe,0xa0,0xfe,0xa0,0xfe,0xa0,0xfe,0xa0,0xfe,
    0xa0,0xfe,0xa0,0xfe,0xa0,0xfe,0x80,0xfe,0xa0,0xfe,0x1e,0xa0,0xfe,0xb4,0x80,0xfe,
    0x80,0xfe,0x80,0xfe,0x80,0xfe,0x80,0xfe,0x80,0xfe,0x80,0xfe,0x80,0xfe,0x80,0xfe,
    0x80,0xfe,0x80,0xfe,0x80,0xfe,0x80,0xfe,0xa0,0xfe,0xa0,0xfe,0xa0,0xfe,0xa0,0xfe,
    0xa0,0xfe,0xa0,0xfe,0x80,0xfe,0xa0,0xfe,0x80,0xfe,0x80,0xfe,0x80,0xfe,0x80,0xfe,
    0x80,0xfe,0x80,0xfe,0x80,0xfe,0x80,0xfe,0x80,0xfe,0x80,0xfe,0xa0,0xfe,0xa0,0xfe,
    0xa0,0xfe,0xa0,0xfe,0x80,0xfe,0x80,0xfe,0xa0,0xfe,0xa0,0xfe,0xa0,0xfe,0xa0,0xfe,
    0xa0,0xfe,0xa0,0xfe,0xa0,0xfe,0xa0,0xfe,0xa0,0xfe,0x80,0xfe,0x80,0xfe,0xa0,0xfe,
    0x80,0xfe,0xa0,0xfe,0x80,0xfe,0x1a,0x80,0xfe,0x96,0xa0,0xfe,0x80,0xfe,0x80,0xfe,
    0x80,0xfe,0x80,0xfe,0xa0,0xfe,0xa0,0xfe,0xa0,0xfe,0xa0,0xfe,0xa0,0xfe,0x80,0xfe,
    0xa0,0xfe,0x80,0xfe,0x80,0xfe,0x80,0xfe,0x80,0xfe,0x80,0xfe,0xa0,0xfe,0xa0,0xfe,
    0xa0,0xfe,0xa0,0xfe,0x80,0xfe,0x28,0x80,0xfe,0x9b,0xa0,0xfe,0x80,0xfe,0x80,0xfe,
    0x80,0xfe,0xa0,0xfe,0x80,0xfe,0xa0,0xfe,0xa0,0xfe,0x80,0xfe,0x80,0xfe,0x80,0xfe,
    0x80,0xfe,0x80,0xfe,0x80,0xfe,0x80,0xfe,0xa0,0xfe,0xa0,0xfe,0xa0,0xfe,0xa0,0xfe,
    0xa0,0xfe,0xa0,0xfe,0xa0,0xfe,0xa0,0xfe,0xa0,0xfe,0xa0,0xfe,0xa0,0xfe,0x80,0xfe,
    0x11,0x80,0xfe,0x9a,0xa0,0xfe,0x80,0xfe,0x80,0xfe,0x80,0xfe,0xa0,0xfe,0x80,0xfe,
    0x80,0xfe,0x80,0xfe,0x80,0xfe,0x80,0xfe,0x80,0xfe,0xa0,0xfe,0x80,0xfe,0x80,0xfe,
    0x80,0xfe,0x80,0xfe,0x80,0xfe,0x80,0xfe,0x80,0xfe,0x80,0xfe,0xa0,0xfe,0x80,0xfe,
    0xa0,0xfe,0xa0,0xfe,0x80,0xfe,0xa0,0xfe,0x15,0xa0,0xfe,0x9b,0xc0,0xfe,0xc0,0xfe,
    0xc0,0xfe,0x80,0xfe,0xa0,0xfe,0xa0,0xfe,0xa0,0xfe,0xa0,0xfe,0xa0,0xfe,0xa0,0xfe,
    0xa0,0xfe,0xa0,0xfe,0xa0,0xfe,0xa0,0xfe,0xa0,0xfe,0xa0,0xfe,0xa0,0xfe,0x80,0xfe,
    0xa0,0xfe,0xa0,0xfe,0xa0,0xfe,0xa0,0xfe,0xa0,0xfe,0xa0,0xfe,0xa0,0xfe,0x80,0xfe,
    0xa0,0xfe,0x1f,0xa0,0xfe,0xb8,0x80,0xfe,0x80,0xfe,0x80,0xfe,0x80,0xfe,0x80,0xfe,
    0x80,0xfe,0x80,0xfe,0x80,0xfe,0x80,0xfe,0xa0,0xfe,0xa0,0xfe,0xa0,0xfe,0xa0,0xfe,
    0xa0,0xfe,0xa0,0xfe,0xa0,0xfe,0x80,0xfe,0xa0,0xfe,0xa0,0xfe,0x80,0xfe,0x80,0xfe,
    0x80,0xfe,0x80,0xfe,0x80,0xfe,0x80,0xfe,0x80,0xfe,0x80,0xfe,0x80,0xfe,0x80,0xfe,
    0x80,0xfe,0x80,0xfe,0x80,0xfe,0x80,0xfe,0x80,0xfe,0x80,0xfe,0x80,0xfe,0xa0,0xfe,
    0x80,0xfe,0xa0,0xfe,0x80,0xfe,0xa0,0xfe,0xa0,0xfe,0x80,0xfe,0xa0,0xfe,0xa0,0xfe,
    0xa0,0xfe,0xa0,0xfe,0x80,0xfe,0x80,0xfe,0x80,0xfe,0x80,0xfe,0x80,0xfe,0x80,0xfe,
    0x80,0xfe,0xa0,0xfe,0x80,0xfe,0x14,0x80,0xfe,0x98,0xa0,0xfe,0xa0,0xfe,0x80,0xfe,
    0x80,0xfe,0x80,0xfe,0x80,0xfe,0xa0,0xfe,0xa0,0xfe,0xa0,0xfe,0x80,0xfe,0x80,0xfe,
    0x80,0xfe,0xa0,0xfe,0x80,0xfe,0x80,0xfe,0xa0,0xfe,0xa0,0xfe,0x80,0xfe,0x80,0xfe,
    0xa0,0xfe,0x80,0xfe,0xa0,0xfe,0xa0,0xfe,0x80,0xfe,0x20,0x80,0xfe,0xc6,0xa0,0xfe,
    0x80,0xfe,0x80,0xfe,0x80,0xfe,0x80,0xfe,0x80,0xfe,0x80,0xfe,0x80,0xfe,0x80,0xfe,
    0x80,0xfe,0x80,0xfe,0xa0,0xfe,0xa0,0xfe,0xa0,0xfe,0xa0,0xfe,0x80,0xfe,0x80,0xfe,
    0x80,0xfe,0x80,0xfe,0x80,0xfe,0x80,0xfe,0xa0,0xfe,0xa0,0xfe,0xa0,0xfe,0xa0,0xfe,
    0xa0,0xfe,0xa0,0xfe,0xa0,0xfe,0xa0,0xfe,0xa0,0xfe,0xa0,0xfe,0xa0,0xfe,0x80,0xfe,
    0x80,0xfe,0xa0,0xfe,0xa0,0xfe,0xa0,0xfe,0x80,0xfe,0xa0,0xfe,0x80,0xfe,0x80,0xfe,
    0x80,0xfe,0x80,0xfe,0x80,0xfe,0x80,0xfe,0xa0,0xfe,0x80,0xfe,0x80,0xfe,0x80,0xfe,
    0x80,0xfe,0x80,0xfe,0x80,0xfe,0x80,0xfe,0x80,0xfe,0x80,0xfe,0x80,0xfe,0x80,0xfe,
    0x80,0xfe,0x80,0xfe,0x80,0xfe,0x80,0xfe,0x80,0xfe,0xa0,0xfe,0x80,0xfe,0xa0,0xfe,
    0x80,0xfe,0x80,0xfe,0x80,0xfe,0x80,0xfe,0xa0,0xfe,0x1c,0xa0,0xfe,0x9c,0xc0,0xfe,
    0xc0,0xfe,0xc0,0xfe,0xa0,0xfe,0xa0,0xfe,0xa0,0xfe,0xa0,0xfe,0xa0,0xfe,0xa0,0xfe,
    0xa0,0xfe,0xa0,0xfe,0xa0,0xfe,0xa0,0xfe,0xa0,0xfe,0xa0,0xfe,0xa0,0xfe,0xa0,0xfe,
    0x80,0xfe,0xa0,0xfe,0xa0,0xfe,0xa0,0xfe,0xa0,0xfe,0xa0,0xfe,0xa0,0xfe,0xa0,0xfe,
    0xa0,0xfe,0x80,0xfe,0xa0,0xfe,0x1c,0xa0,0xfe,0x93,0x80,0xfe,0x80,0xfe,0x80,0xfe,
    0x80,0xfe,0x80,0xfe,0x80,0xfe,0x80,0xfe,0x80,0xfe,0x80,0xfe,0x80,0xfe,0x80,0xfe,
    0xa0,0xfe,0xa0,0xfe,0xa0,0xfe,0xa0,0xfe,0xa0,0xfe,0xa0,0xfe,0xa0,0xfe,0x80,0xfe,
    0x16,0x80,0xfe,0xa6,0xa0,0xfe,0x80,0xfe,0xa0,0xfe,0x80,0xfe,0x80,0xfe,0xa0,0xfe,
    0xa0,0xfe,0xa0,0xfe,0x80,0xfe,0x80,0xfe,0x80,0xfe,0x80,0xfe,0x80,0xfe,0x80,0xfe,
    0x80,0xfe,0xa0,0xfe,0xa0,0xfe,0x80,0xfe,0xa0,0xfe,0x80,0xfe,0x80,0xfe,0xa0,0xfe,
    0x80,0xfe,0x80,0xfe,0x80,0xfe,0x80,0xfe,0x80,0xfe,0x80,0xfe,0x80,0xfe,0x80,0xfe,
    0x80,0xfe,0x80,0xfe,0x80,0xfe,0x80,0xfe,0x80,0xfe,0xa0,0xfe,0xa0,0xfe,0x80,0xfe,
    0x14,0x80,0xfe,0x84,0xa0,0xfe,0xa0,0xfe,0xa0,0xfe,0x80,0xfe,0x1d,0x80,0xfe,0xcd,
    0xa0,0xfe,0xa0,0xfe,0xa0,0xfe,0xa0,0xfe,0xa0,0xfe,0x80,0xfe,0x80,0xfe,0xa0,0xfe,
    0x80,0xfe,0x80,0xfe,0x80,0xfe,0x80,0xfe,0x80,0xfe,0x80,0xfe,0x80,0xfe,0xa0,0xfe,
    0x80,0xfe,0x80,0xfe,0x80,0xfe,0x80,0xfe,0x80,0xfe,0x80,0xfe,0xa0,0xfe,0xa0,0xfe,
    0xa0,0xfe,0xa0,0xfe,0xa0,0xfe,0xa0,0xfe,0xa0,0xfe,0xa0,0xfe,0xa0,0xfe,0xa0,0xfe,
    0xa0,0xfe,0xa0,0xfe,0x80,0xfe,0xa0,0xfe,0x80,0xfe,0x80,0xfe,0x80,0xfe,0xa0,0xfe,
    0xa0,0xfe,0x80,0xfe,0x80,0xfe,0x80,0xfe,0x80,0xfe,0xa0,0xfe,0x80,0xfe,0x80,0xfe,
    0xa0,0xfe,0x80,0xfe,0x80,0xfe,0xa0,0xfe,0x80,0xfe,0x80,0xfe,0xa0,0xfe,0x80,0xfe,
    0x80,0xfe,0x80,0xfe,0x80,0xfe,0x80,0xfe,0xa0,0xfe,0x80,0xfe,0xa0,0xfe,0x80,0xfe,
    0x80,0xfe,0xa0,0xfe,0xa0,0xfe,0xa0,0xfe,0x80,0xfe,0x80,0xfe,0x80,0xfe,0x80,0xfe,
    0x80,0xfe,0x80,0xfe,0x80,0xfe,0x80,0xfe,0xa0,0xfe,0x17,0xa0,0xfe,0x93,0xc0,0xfe,
    0xc0,0xfe,0xa0,0xfe,0xa0,0xfe,0xa0,0xfe,0xa0,0xfe,0xa0,0xfe,0xa0,0xfe,0xa0,0xfe,
    0xa0,0xfe,0xa0,0xfe,0xa0,0xfe,0xa0,0xfe,0xa0,0xfe,0xa0,0xfe,0xa0,0xfe,0x80,0xfe,
    0x80,0xfe,0xa0,0xfe,0x26,0xa0,0xfe,0xff,0x80,0xfe,0x80,0xfe,0x80,0xfe,0xa0,0xfe,
    0x80,0xfe,0x80,0xfe,0x80,0xfe,0x80,0xfe,0x80,0xfe,0xa0,0xfe,0xa0,0xfe,0xa0,0xfe,
    0xa0,0xfe,0xa0,0xfe,0xa0,0xfe,0xa0,0xfe,0xa0,0xfe,0xa0,0xfe,0xa0,0xfe,0xa0,0xfe,
    0xa0,0xfe,0xa0,0xfe,0x80,0xfe,0x80,0xfe,0x80,0xfe,0xa0,0xfe,0x80,0xfe,0x80,0xfe,
    0x80,0xfe,0x80,0xfe,0x80,0xfe,0xa0,0xfe,0x80,0xfe,0x80,0xfe,0xa0,0xfe,0x80,0xfe,
    0x80,0xfe,0x80,0xfe,0xa0,0xfe,0xa0,0xfe,0xa0,0xfe,0xa0,0xfe,0xa0,0xfe,0x80,0xfe,
    0x80,0xfe,0xa0,0xfe,0x80,0xfe,0x80,0xfe,0x80,0xfe,0xa0,0xfe,0x80,0xfe,0x80,0xfe,
    0x80,0xfe,0x80,0xfe,0xa0,0xfe,0xa0,0xfe,0xa0,0xfe,0xa0,0xfe,0xa0,0xfe,0xa0,0xfe,
    0x80,0xfe,0x80,0xfe,0x80,0xfe,0x80,0xfe,0x80,0xfe,0x80,0xfe,0xa0,0xfe,0xa0,0xfe,
    0x80,0xfe,0x80,0xfe,0xa0,0xfe,0x80,0xfe,0x80,0xfe,0x80,0xfe,0x80,0xfe,0xa0,0xfe,
    0x80,0xfe,0x80,0xfe,0x80,0xfe,0x80,0xfe,0x80,0xfe,0x80,0xfe,0xa0,0xfe,0xa0,0xfe,
    0xa0,0xfe,0x80,0xfe,0x80,0xfe,0x80,0xfe,0x80,0xfe,0x80,0xfe,0x80,0xfe,0x80,0xfe,
    0x80,0xfe,0x80,0xfe,0x80,0xfe,0x80,0xfe,0x80,0xfe,0x80,0xfe,0x80,0xfe,0x80,0xfe,
    0x80,0xfe,0x80,0xfe,0xa0,0xfe,0x80,0xfe,0x80,0xfe,0x80,0xfe,0x80,0xfe,0x80,0xfe,
    0x80,0xfe,0x80,0xfe,0xa0,0xfe,0x80,0xfe,0x80,0xfe,0x80,0xfe,0x80,0xfe,0x80,0xfe,
    0xa0,0xfe,0x80,0xfe,0x80,0xfe,0x80,0xfe,0x80,0xfe,0x80,0xfe,0x80,0xfe,0x80,0xfe,
    0x80,0xfe,0x80,0xfe,0x80,0xfe,0xd1,0x80,0xfe,0xa0,0xfe,0x80,0xfe,0xa0,0xfe,0xa0,
    0xfe,0xa0,0xfe,0xa0,0xfe,0x80,0xfe,0xa0,0xfe,0xa0,0xfe,0x80,0xfe,0x80,0xfe,0x80,
    0xfe,0x80,0xfe,0x80,0xfe,0x80,0xfe,0x80,0xfe,0x80,0xfe,0x80,0xfe,0xa0,0xfe,0x80,
    0xfe,0xa0,0xfe,0xa0,0xfe,0x80,0xfe,0xa0,0xfe,0x80,0xfe,0xa0,0xfe,0x80,0xfe,0xa0,
    0xfe,0xa0,0xfe,0x80,0xfe,0xa0,0xfe,0xa0,0xfe,0xa0,0xfe,0xa0,0xfe,0xa0,0xfe,0xa0,
    0xfe,0xa0,0xfe,0xa0,0xfe,0xa0,0xfe,0xa0,0xfe,0xa0,0xfe,0xa0,0xfe,0xa0,0xfe,0xa0,
    0xfe,0xa0,0xfe,0x80,0xfe,0x80,0xfe,0x80,0xfe,0x80,0xfe,0x80,0xfe,0xa0,0xfe,0xa0,
    0xfe,0xa0,0xfe,0xa0,0xfe,0xa0,0xfe,0xa0,0xfe,0xa0,0xfe,0x80,0xfe,0x80,0xfe,0x80,
    0xfe,0xa0,0xfe,0x80,0xfe,0x80,0xfe,0xa0,0xfe,0x80,0xfe,0xa0,0xfe,0x80,0xfe,0xa0,
    0xfe,0xa0,0xfe,0xa0,0xfe,0xa0,0xfe,0x80,0xfe,0xa0,0xfe,0xa0,0xfe,0x80,0xfe,0x80,
    0xfe,0x80,0xfe,0x80,0xfe,0x80,0xfe,0xa0,0xfe,0x18,0xa0,0xfe,0x99,0xc0,0xfe,0xa0,
    0xfe,0xa0,0xfe,0xa0,0xfe,0xa0,0xfe,0xa0,0xfe,0xa0,0xfe,0xa0,0xfe,0xa0,0xfe,0xa0,
    0xfe,0xa0,0xfe,0xa0,0xfe,0xa0,0xfe,0xa0,0xfe,0xa0,0xfe,0x80,0xfe,0x80,0xfe,0xa0,
    0xfe,0xa0,0xfe,0xa0,0xfe,0xa0,0xfe,0x80,0xfe,0x80,0xfe,0x80,0xfe,0xa0,0xfe,0x1f,
    0xa0,0xfe,0x92,0x80,0xfe,0x80,0xfe,0x80,0xfe,0x80,0xfe,0x80,0xfe,0x80,0xfe,0x80,
    0xfe,0x80,0xfe,0x80,0xfe,0x80,0xfe,0x80,0xfe,0x80,0xfe,0xa0,0xfe,0xa0,0xfe,0xa0,
    0xfe,0xa0,0xfe,0xa0,0xfe,0x80,0xfe,0x14,0x80,0xfe,0xaa,0xa0,0xfe,0xa0,0xfe,0x80,
    0xfe,0x80,0xfe,0x80,0xfe,0x80,0xfe,0x80,0xfe,0x80,0xfe,0x80,0xfe,0x80,0xfe,0x80,
    0xfe,0x80,0xfe,0x80,0xfe,0x80,0xfe,0x80,0xfe,0x80,0xfe,0x80,0xfe,0x80,0xfe,0x80,
    0xfe,0xa0,0xfe,0xa0,0xfe,0x80,0xfe,0xa0,0xfe,0x80,0xfe,0x80,0xfe,0xa0,0xfe,0x80,
    0xfe,0xa0,0xfe,0xa0,0xfe,0xa0,0xfe,0xa0,0xfe,0x80,0xfe,0x80,0xfe,0x80,0xfe,0x80,
    0xfe,0x80,0xfe,0x80,0xfe,0x80,0xfe,0x80,0xfe,0x80,0xfe,0xa0,0xfe,0x80,0xfe,0x11,
    0x80,0xfe,0x87,0xa0,0xfe,0x80,0xfe,0x80,0xfe,0xa0,0xfe,0x80,0xfe,0xa0,0xfe,0x80,
    0xfe,0x17,0x80,0xfe,0x9a,0xa0,0xfe,0xa0,0xfe,0x80,0xfe,0xa0,0xfe,0x80,0xfe,0x80,
    0xfe,0x80,0xfe,0x80,0xfe,0xa0,0xfe,0xa0,0xfe,0xa0,0xfe,0x80,0xfe,0x80,0xfe,0x80,
    0xfe,0x80,0xfe,0x80,0xfe,0xa0,0xfe,0xa0,0xfe,0xa0,0xfe,0x80,0xfe,0x80,0xfe,0xa0,
    0xfe,0x80,0xfe,0xa0,0xfe,0x80,0xfe,0xa0,0xfe,0x14,0xa0,0xfe,0xa4,0x80,0xfe,0x80,
    0xfe,0xa0,0xfe,0x80,0xfe,0xa0,0xfe,0xa0,0xfe,0xa0,0xfe,0xa0,0xfe,0xa0,0xfe,0xa0,
    0xfe,0xa0,0xfe,0xa0,0xfe,0x80,0xfe,0x80,0xfe,0x80,0xfe,0x80,0xfe,0x80,0xfe,0xa0,
    0xfe,0xa0,0xfe,0x80,0xfe,0xa0,0xfe,0x80,0xfe,0xa0,0xfe,0xa0,0xfe,0x80,0xfe,0xa0,
    0xfe,0xa0,0xfe,0x80,0xfe,0xa0,0xfe,0x80,0xfe,0x80,0xfe,0x80,0xfe,0x80,0xfe,0xa0,
    0xfe,0x80,0xfe,0xa0,0xfe,0x25,0xa0,0xfe,0x8b,0x80,0xfe,0x80,0xfe,0xa0,0xfe,0xa0,
    0xfe,0xa0,0xfe,0xa0,0xfe,0xa0,0xfe,0x80,0xfe,0x80,0xfe,0x80,0xfe,0xa0,0xfe,0x1f,
    0xa0,0xfe,0x90,0x80,0xfe,0x80,0xfe,0x80,0xfe,0x80,0xfe,0x80,0xfe,0x80,0xfe,0x80,
    0xfe,0x80,0xfe,0x80,0xfe,0x80,0xfe,0xa0,0xfe,0xa0,0xfe,0xa0,0xfe,0xa0,0xfe,0xa0,
    0xfe,0x80,0xfe,0x16,0x80,0xfe,0xaa,0xa0,0xfe,0x80,0xfe,0x80,0xfe,0x80,0xfe,0xa0,
    0xfe,0xa0,0xfe,0xa0,0xfe,0x80,0xfe,0x80,0xfe,0x80,0xfe,0x80,0xfe,0x80,0xfe,0x80,
    0xfe,0x80,0xfe,0x80,0xfe,0x80,0xfe,0x80,0xfe,0x80,0xfe,0xa0,0xfe,0xa0,0xfe,0xa0,
    0xfe,0xa0,0xfe,0xa0,0xfe,0x80,0xfe,0xa0,0xfe,0xa0,0xfe,0xa0,0xfe,0xa0,0xfe,0xa0,
    0xfe,0xa0,0xfe,0xa0,0xfe,0x80,0xfe,0x80,0xfe,0x80,0xfe,0x80,0xfe,0x80,0xfe,0x80,
    0xfe,0x80,0xfe,0xa0,0xfe,0xa0,0xfe,0xa0,0xfe,0x80,0xfe,0x14,0x80,0xfe,0x83,0xa0,
    0xfe,0xa0,0xfe,0x80,0xfe,0x1f,0x80,0xfe,0x93,0xa0,0xfe,0x80,0xfe,0x80,0xfe,0x80,
    0xfe,0x80,0xfe,0x80,0xfe,0x80,0xfe,0x80,0xfe,0xa0,0xfe,0x80,0xfe,0x80,0xfe,0x80,
    0xfe,0xa0,0xfe,0xa0,0xfe,0xa0,0xfe,0xa0,0xfe,0x80,0xfe,0x80,0xfe,0xa0,0xfe,0x24,
    0xa0,0xfe,0x94,0x80,0xfe,0xa0,0xfe,0xa0,0xfe,0xa0,0xfe,0x80,0xfe,0xa0,0xfe,0xa0,
    0xfe,0x80,0xfe,0x80,0xfe,0x80,0xfe,0x80,0xfe,0x80,0xfe,0xa0,0xfe,0x80,0xfe,0x80,
    0xfe,0x80,0xfe,0x80,0xfe,0x80,0xfe,0x80,0xfe,0xa0,0xfe,0x25,0xa0,0xfe,0x8b,0x80,
    0xfe,0x80,0xfe,0x80,0xfe,0x80,0xfe,0x80,0xfe,0x80,0xfe,0x80,0xfe,0x80,0xfe,0x80,
    0xfe,0x80,0xfe,0xa0,0xfe,0x1e,0xa0,0xfe,0xd0,0x80,0xfe,0x80,0xfe,0x80,0xfe,0xa0,
    0xfe,0x80,0xfe,0x80,0xfe,0x80,0xfe,0x80,0xfe,0x80,0xfe,0xa0,0xfe,0xa0,0xfe,0xa0,
    0xfe,0xa0,0xfe,0xa0,0xfe,0xa0,0xfe,0xa0,0xfe,0xa0,0xfe,0xa0,0xfe,0x80,0xfe,0x80,
    0xfe,0x80,0xfe,0xa0,0xfe,0x80,0xfe,0xa0,0xfe,0xa0,0xfe,0xa0,0xfe,0xa0,0xfe,0xa0,
    0xfe,0x80,0xfe,0x80,0xfe,0x80,0xfe,0xa0,0xfe,0x80,0xfe,0x80,0xfe,0x80,0xfe,0x80,
    0xfe,0x80,0xfe,0x80,0xfe,0x80,0xfe,0xa0,0xfe,0x80,0xfe,0x80,0xfe,0x80,0xfe,0xa0,
    0xfe,0xa0,0xfe,0x80,0xfe,0x80,0xfe,0x80,0xfe,0x80,0xfe,0x80,0xfe,0x80,0xfe,0x80,
    0xfe,0x80,0xfe,0x80,0xfe,0x80,0xfe,0x80,0xfe,0x80,0xfe,0xa0,0xfe,0xa0,0xfe,0xa0,
    0xfe,0xa0,0xfe,0xa0,0xfe,0xa0,0xfe,0xa0,0xfe,0xa0,0xfe,0xa0,0xfe,0xa0,0xfe,0xa0,
    0xfe,0xa0,0xfe,0x80,0xfe,0xa0,0xfe,0xa0,0xfe,0xa0,0xfe,0x80,0xfe,0xa0,0xfe,0x80,
    0xfe,0xa0,0xfe,0xa0,0xfe,0xa0,0xfe,0x80,0xfe,0x13,0x80,0xfe,0x8b,0xa0,0xfe,0xa0,
    0xfe,0xa0,0xfe,0xa0,0xfe,0x80,0xfe,0xa0,0xfe,0x80,0xfe,0x80,0xfe,0xa0,0xfe,0xa0,
    0xfe,0x80,0xfe,0x21,0x80,0xfe,0x8d,0xa0,0xfe,0x80,0xfe,0xa0,0xfe,0x80,0xfe,0xa0,
    0xfe,0xa0,0xfe,0x80,0xfe,0x80,0xfe,0x80,0xfe,0xa0,0xfe,0xa0,0xfe,0x80,0xfe,0xa0,
    0xfe,0x28,0xa0,0xfe,0x8d,0x80,0xfe,0x80,0xfe,0xa0,0xfe,0x80,0xfe,0xa0,0xfe,0x80,
    0xfe,0x80,0xfe,0x80,0xfe,0x80,0xfe,0x80,0xfe,0x80,0xfe,0x80,0xfe,0xa0,0xfe,0x1b,
    0xa0,0xfe,0x97,0xc0,0xfe,0xa0,0xfe,0xa0,0xfe,0xa0,0xfe,0xa0,0xfe,0xa0,0xfe,0xa0,
    0xfe,0xa0,0xfe,0xa0,0xfe,0xa0,0xfe,0xa0,0xfe,0x80,0xfe,0x80,0xfe,0x80,0xfe,0x80,
    0xfe,0x80,0xfe,0x80,0xfe,0x80,0xfe,0xa0,0xfe,0x80,0xfe,0x80,0xfe,0x80,0xfe,0xa0,
    0xfe,0x1a,0xa0,0xfe,0xff,0x80,0xfe,0xa0,0xfe,0xa0,0xfe,0xa0,0xfe,0xa0,0xfe,0xa0,
    0xfe,0x80,0xfe,0x80,0xfe,0xa0,0xfe,0xa0,0xfe,0xa0,0xfe,0xa0,0xfe,0xa0,0xfe,0xa0,
    0xfe,0xa0,0xfe,0xa0,0xfe,0xa0,0xfe,0xa0,0xfe,0xa0,0xfe,0xa0,0xfe,0x80,0xfe,0x80,
    0xfe,0xa0,0xfe,0x80,0xfe,0xa0,0xfe,0xa0,0xfe,0x80,0xfe,0x80,0xfe,0xa0,0xfe,0x80,
    0xfe,0xa0,0xfe,0x80,0xfe,0x80,0xfe,0x80,0xfe,0x80,0xfe,0x80,0xfe,0x80,0xfe,0x80,
    0xfe,0x80,0xfe,0x80,0xfe,0x80,0xfe,0x80,0xfe,0x80,0xfe,0xa0,0xfe,0xa0,0xfe,0xa0,
    0xfe,0xa0,0xfe,0x80,0xfe,0x80,0xfe,0xa0,0xfe,0xa0,0xfe,0x80,0xfe,0x80,0xfe,0x80,
    0xfe,0x80,0xfe,0xa0,0xfe,0x80,0xfe,0x80,0xfe,0x80,0xfe,0xa0,0xfe,0xa0,0xfe,0xa0,
    0xfe,0xa0,0xfe,0xa0,0xfe,0xa0,0xfe,0xa0,0xfe,0xa0,0xfe,0xa0,0xfe,0xa0,0xfe,0xa0,
    0xfe,0xa0,0xfe,0xa0,0xfe,0xa0,0xfe,0xa0,0xfe,0xa0,0xfe,0x80,0xfe,0xa0,0xfe,0xa0,
    0xfe,0x80,0xfe,0x80,0xfe,0x80,0xfe,0x80,0xfe,0xa0,0xfe,0xa0,0xfe,0x80,0xfe,0x80,
    0xfe,0x80,0xfe,0xa0,0xfe,0x80,0xfe,0xa0,0xfe,0x80,0xfe,0x80,0xfe,0x80,0xfe,0x80,
    0xfe,0x80,0xfe,0x80,0xfe,0x80,0xfe,0x80,0xfe,0x80,0xfe,0x80,0xfe,0x80,0xfe,0xa0,
    0xfe,0xa0,0xfe,0xa0,0xfe,0xa0,0xfe,0xa0,0xfe,0x80,0xfe,0x80,0xfe,0x80,0xfe,0x80,
    0xfe,0x80,0xfe,0xa0,0xfe,0xa0,0xfe,0xa0,0xfe,0x80,0xfe,0x80,0xfe,0x80,0xfe,0xa0,
    0xfe,0x80,0xfe,0x80,0xfe,0x80,0xfe,0xa0,0xfe,0x80,0xfe,0x80,0xfe,0x80,0xfe,0x80,
    0xfe,0x80,0xfe,0xa1,0x80,0xfe,0x80,0xfe,0x80,0xfe,0x80,0xfe,0x80,0xfe,0xa0,0xfe,
    0x80,0xfe,0x80,0xfe,0x80,0xfe,0x80,0xfe,0x80,0xfe,0x80,0xfe,0x80,0xfe,0xa0,0xfe,
    0x80,0xfe,0x80,0xfe,0xa0,0xfe,0xa0,0xfe,0x80,0xfe,0x80,0xfe,0xa0,0xfe,0xa0,0xfe,
    0xa0,0xfe,0xa0,0xfe,0xa0,0xfe,0x80,0xfe,0x80,0xfe,0x80,0xfe,0x80,0xfe,0x80,0xfe,
    0xa0,0xfe,0x80,0xfe,0xa0,0xfe,0x2f,0xa0,0xfe,0x82,0x80,0xfe,0xa0,0xfe,0x1b,0xa0,
    0xfe,0x9a,0xc0,0xfe,0xa0,0xfe,0xa0,0xfe,0xa0,0xfe,0xc0,0xfe,0xa0,0xfe,0xa0,0xfe,
    0xa0,0xfe,0xa0,0xfe,0xa0,0xfe,0xa0,0xfe,0xa0,0xfe,0xa0,0xfe,0x80,0xfe,0x80,0xfe,
    0x80,0xfe,0x80,0xfe,0x80,0xfe,0x80,0xfe,0x80,0xfe,0x80,0xfe,0x80,0xfe,0x80,0xfe,
    0xa0,0xfe,0x80,0xfe,0xa0,0xfe,0x2e,0xa0,0xfe,0x10,0x80,0xfe,0x98,0xa0,0xfe,0x80,
    0xfe,0x80,0xfe,0x80,0xfe,0x80,0xfe,0x80,0xfe,0xa0,0xfe,0xa0,0xfe,0x80,0xfe,0x80,
    0xfe,0x80,0xfe,0x80,0xfe,0xa0,0xfe,0xa0,0xfe,0xa0,0xfe,0xa0,0xfe,0xa0,0xfe,0x80,
    0xfe,0x80,0xfe,0x80,0xfe,0x80,0xfe,0x80,0xfe,0x80,0xfe,0xa0,0xfe,0x12,0xa0,0xfe,
    0xa3,0x80,0xfe,0xa0,0xfe,0xa0,0xfe,0xa0,0xfe,0xa0,0xfe,0xa0,0xfe,0xa0,0xfe,0x80,
    0xfe,0x80,0xfe,0x80,0xfe,0x80,0xfe,0x80,0xfe,0x80,0xfe,0xa0,0xfe,0xa0,0xfe,0x80,
    0xfe,0x80,0xfe,0x80,0xfe,0x80,0xfe,0x80,0xfe,0x80,0xfe,0x80,0xfe,0x80,0xfe,0xa0,
    0xfe,0xa0,0xfe,0xa0,0xfe,0xa0,0xfe,0xa0,0xfe,0xa0,0xfe,0xa0,0xfe,0xa0,0xfe,0xa0,
    0xfe,0xa0,0xfe,0xa0,0xfe,0x80,0xfe,0x1b,0x80,0xfe,0x92,0xa0,0xfe,0xa0,0xfe,0x80,
    0xfe,0x80,0xfe,0xa0,0xfe,0xa0,0xfe,0xa0,0xfe,0xa0,0xfe,0xa0,0xfe,0xa0,0xfe,0xa0,
    0xfe,0xa0,0xfe,0xa0,0xfe,0xa0,0xfe,0xa0,0xfe,0xa0,0xfe,0x80,0xfe,0xa0,0xfe,0x2e,
    0xa0,0xfe,0x85,0x80,0xfe,0xa0,0xfe,0xa0,0xfe,0x80,0xfe,0xa0,0xfe,0x15,0xa0,0xfe,
    0xa0,0x80,0xfe,0xa0,0xfe,0xa0,0xfe,0xa0,0xfe,0xa0,0xfe,0xa0,0xfe,0xc0,0xfe,0xa0,
    0xfe,0xa0,0xfe,0xc0,0xfe,0xa0,0xfe,0xa0,0xfe,0xa0,0xfe,0xa0,0xfe,0xa0,0xfe,0xa0,
    0xfe,0xa0,0xfe,0xa0,0xfe,0xa0,0xfe,0xa0,0xfe,0x80,0xfe,0x80,0xfe,0x80,0xfe,0x80,
    0xfe,0x80,0xfe,0x80,0xfe,0x80,0xfe,0x80,0xfe,0x80,0xfe,0x80,0xfe,0x80,0xfe,0xa0,
    0xfe,0x31,0xa0,0xfe,0x94,0x80,0xfe,0x80,0xfe,0xa0,0xfe,0xa0,0xfe,0xa0,0xfe,0xa0,
    0xfe,0xa0,0xfe,0x80,0xfe,0xa0,0xfe,0xa0,0xfe,0xa0,0xfe,0xa0,0xfe,0xa0,0xfe,0xa0,
    0xfe,0xa0,0xfe,0x80,0xfe,0x80,0xfe,0x80,0xfe,0x80,0xfe,0xa0,0xfe,0x2c,0xa0,0xfe,
    0xb7,0x80,0xfe,0xa0,0xfe,0xa0,0xfe,0xa0,0xfe,0x80,0xfe,0xa0,0xfe,0x80,0xfe,0x80,
    0xfe,0x80,0xfe,0x80,0xfe,0x80,0xfe,0x80,0xfe,0x80,0xfe,0x80,0xfe,0xa0,0xfe,0xa0,
    0xfe,0xa0,0xfe,0xa0,0xfe,0xa0,0xfe,0xa0,0xfe,0xa0,0xfe,0xa0,0xfe,0xa0,0xfe,0xa0,
    0xfe,0x80,0xfe,0x80,0xfe,0xa0,0xfe,0x80,0xfe,0x80,0xfe,0xa0,0xfe,0x80,0xfe,0x80,
    0xfe,0x80,0xfe,0x80,0xfe,0x80,0xfe,0x80,0xfe,0xa0,0xfe,0xa0,0xfe,0xa0,0xfe,0x80,
    0xfe,0x80,0xfe,0x80,0xfe,0x80,0xfe,0x80,0xfe,0x80,0xfe,0x80,0xfe,0x80,0xfe,0x80,
    0xfe,0x80,0xfe,0x80,0xfe,0x80,0xfe,0x80,0xfe,0x80,0xfe,0x80,0xfe,0xa0,0xfe,0x3a,
    0xa0,0xfe,0x87,0x80,0xfe,0xa0,0xfe,0xa0,0xfe,0xa0,0xfe,0xa0,0xfe,0x80,0xfe,0xa0,
    0xfe,0x17,0xa0,0xfe,0x9e,0x80,0xfe,0xa0,0xfe,0xa0,0xfe,0xa0,0xfe,0xa0,0xfe,0xa0,
    0xfe,0xc0,0xfe,0xa0,0xfe,0xa0,0xfe,0xc0,0xfe,0xc0,0xfe,0xc0,0xfe,0xc0,0xfe,0xa0,
    0xfe,0xa0,0xfe,0xa0,0xfe,0xa0,0xfe,0xa0,0xfe,0xa0,0xfe,0x80,0xfe,0x80,0xfe,0x80,
    0xfe,0x80,0xfe,0x80,0xfe,0x80,0xfe,0x80,0xfe,0x80,0xfe,0x80,0xfe,0x80,0xfe,0xa0,
    0xfe,0x41,0xa0,0xfe,0x82,0x80,0xfe,0xa0,0xfe,0x38,0xa0,0xfe,0xc1,0x80,0xfe,0x80,
    0xfe,0x80,0xfe,0x80,0xfe,0x80,0xfe,0xa0,0xfe,0xa0,0xfe,0xa0,0xfe,0xa0,0xfe,0xa0,
    0xfe,0xa0,0xfe,0xa0,0xfe,0xa0,0xfe,0xa0,0xfe,0xa0,0xfe,0xa0,0xfe,0x80,0xfe,0xa0,
    0xfe,0x80,0xfe,0xa0,0xfe,0xa0,0xfe,0x80,0xfe,0x80,0xfe,0x80,0xfe,0x80,0xfe,0x80,
    0xfe,0x80,0xfe,0x80,0xfe,0x80,0xfe,0xa0,0xfe,0xa0,0xfe,0xa0,0xfe,0xa0,0xfe,0x80,
    0xfe,0x80,0xfe,0x80,0xfe,0x80,0xfe,0x80,0xfe,0x80,0xfe,0x80,0xfe,0x80,0xfe,0x80,
    0xfe,0x80,0xfe,0x80,0xfe,0x80,0xfe,0x80,0xfe,0xa0,0xfe,0xa0,0xfe,0xa0,0xfe,0xa0,
    0xfe,0xa0,0xfe,0xa0,0xfe,0xa0,0xfe,0xa0,0xfe,0xa0,0xfe,0xa0,0xfe,0xa0,0xfe,0xa0,
    0xfe,0xa0,0xfe,0xa0,0xfe,0xa0,0xfe,0xa0,0xfe,0xa0,0xfe,0x80,0xfe,0xa0,0xfe,0x28,
    0xa0,0xfe,0x83,0x80,0xfe,0x80,0xfe,0xa0,0xfe,0x21,0xa0,0xfe,0x98,0xc0,0xfe,0xa0,
    0xfe,0xa0,0xfe,0xc0,0xfe,0xc0,0xfe,0xc0,0xfe,0xc0,0xfe,0xa0,0xfe,0xa0,0xfe,0xa0,
    0xfe,0xa0,0xfe,0xa0,0xfe,0xa0,0xfe,0xa0,0xfe,0x80,0xfe,0x80,0xfe,0x80,0xfe,0x80,
    0xfe,0x80,0xfe,0x80,0xfe,0x80,0xfe,0x80,0xfe,0x80,0xfe,0xa0,0xfe,0x7a,0xa0,0xfe,
    0xae,0x80,0xfe,0x80,0xfe,0x80,0xfe,0xa0,0xfe,0xa0,0xfe,0x80,0xfe,0xa0,0xfe,0xa0,
    0xfe,0xa0,0xfe,0xa0,0xfe,0xa0,0xfe,0xa0,0xfe,0xa0,0xfe,0xa0,0xfe,0xa0,0xfe,0xa0,
    0xfe,0x80,0xfe,0x80,0xfe,0xa0,0xfe,0xa0,0xfe,0xa0,0xfe,0xa0,0xfe,0xa0,0xfe,0x80,
    0xfe,0x80,0xfe,0x80,0xfe,0x80,0xfe,0x80,0xfe,0x80,0xfe,0xa0,0xfe,0xa0,0xfe,0xa0,
    0xfe,0xa0,0xfe,0x80,0xfe,0x80,0xfe,0x80,0xfe,0x80,0xfe,0x80,0xfe,0x80,0xfe,0x80,
    0xfe,0x80,0xfe,0x80,0xfe,0x80,0xfe,0x80,0xfe,0x80,0xfe,0xa0,0xfe,0x3b,0xa0,0xfe,
    0x82,0x80,0xfe,0xa0,0xfe,0x1e,0xa0,0xfe,0x82,0x80,0xfe,0xa0,0xfe,0x12,0xa0,0xfe,
    0x8f,0x80,0xfe,0x80,0xfe,0x80,0xfe,0x80,0xfe,0x80,0xfe,0x80,0xfe,0x80,0xfe,0xa0,
    0xfe,0xa0,0xfe,0xa0,0xfe,0xa0,0xfe,0xa0,0xfe,0xa0,0xfe,0x80,0xfe,0xa0,0xfe,0x7f,
    0xa0,0xfe,0xa1,0xa0,0xfe,0xa0,0xfe,0xa0,0xfe,0xa0,0xfe,0xa0,0xfe,0xa0,0xfe,0xa0,
    0xfe,0xa0,0xfe,0xa0,0xfe,0xa0,0xfe,0xa0,0xfe,0xa0,0xfe,0xa0,0xfe,0x80,0xfe,0x80,
    0xfe,0xa0,0xfe,0x80,0xfe,0xa0,0xfe,0xa0,0xfe,0xa0,0xfe,0xa0,0xfe,0xa0,0xfe,0xa0,
    0xfe,0xa0,0xfe,0xa0,0xfe,0xa0,0xfe,0xa0,0xfe,0x80,0xfe,0x80,0xfe,0x80,0xfe,0x80,
    0xfe,0x80,0xfe,0xa0,0xfe,0x3f,0xa0,0xfe,0x86,0x80,0xfe,0x80,0xfe,0xa0,0xfe,0xa0,
    0xfe,0x80,0xfe,0xa0,0xfe,0x2c,0xa0,0xfe,0x82,0x80,0xfe,0xa0,0xfe,0x27,0xa0,0xfe,
    0x82,0x80,0xfe,0xa0,0xfe,0x7f,0xa0,0xfe,0x46,0xa0,0xfe,0x83,0x80,0xfe,0x80,0xfe,
    0xa0,0xfe,0x2e,0xa0,0xfe,0x82,0x80,0xfe,0xa0,0xfe,0x15,0xa0,0xfe,0x82,0x80,0xfe,
    0xa0,0xfe,0x7f,0xa0,0xfe,0x7f,0xa0,0xfe,0xa2,0xa0,0xfe,0xa0,0xfe,0xc0,0xfe,0xc0,
    0xfe,0xa0,0xfe,0xa0,0xfe,0xa0,0xfe,0xa0,0xfe,0xa0,0xfe,0xa0,0xfe,0xa0,0xfe,0xa0,
    0xfe,0xa0,0xfe,0xa0,0xfe,0xa0,0xfe,0xa0,0xfe,0xa0,0xfe,0xa0,0xfe,0x80,0xfe,0xa0,
    0xfe,0xa0,0xfe,0xa0,0xfe,0xa0,0xfe,0xa0,0xfe,0xa0,0xfe,0xa0,0xfe,0xa0,0xfe,0xa0,
    0xfe,0xa0,0xfe,0xa0,0xfe,0x80,0xfe,0xa0,0xfe,0x80,0xfe,0xa0,0xfe,0x16,0xa0,0xfe,
    0x83,0x80,0xfe,0x80,0xfe,0xa0,0xfe,0x5b,0xa0,0xfe,0x83,0xc0,0xfe,0xc0,0xfe,0xa0,
    0xfe,0x13,0xa0,0xfe,0x83,0x80,0xfe,0x80,0xfe,0xa0,0xfe,0x43,0xa0,0xfe,0x8b,0xc0,
    0xfe,0xa0,0xfe,0xa0,0xfe,0x80,0xfe,0xa0,0xfe,0x80,0xfe,0xa0,0xfe,0xa0,0xfe,0xa0,
    0xfe,0x80,0xfe,0xa0,0xfe,0x23,0xa0,0xfe,0xbd,0xc0,0xfe,0xc0,0xfe,0xc0,0xfe,0xa0,
    0xfe,0xa0,0xfe,0xa0,0xfe,0xa0,0xfe,0xa0,0xfe,0xa0,0xfe,0x80,0xfe,0xa0,0xfe,0xa0,
    0xfe,0xa0,0xfe,0xa0,0xfe,0xa0,0xfe,0xa0,0xfe,0xa0,0xfe,0xa0,0xfe,0x80,0xfe,0xa0,
    0xfe,0xa0,0xfe,0xa0,0xfe,0xa0,0xfe,0xa0,0xfe,0xa0,0xfe,0xa0,0xfe,0xa0,0xfe,0xa0,
    0xfe,0xa0,0xfe,0xa0,0xfe,0x80,0xfe,0x80,0xfe,0xa0,0xfe,0xa0,0xfe,0xa0,0xfe,0xa0,
    0xfe,0xa0,0xfe,0xa0,0xfe,0xa0,0xfe,0xa0,0xfe,0xa0,0xfe,0xa0,0xfe,0xa0,0xfe,0xa0,
    0xfe,0xa0,0xfe,0xa0,0xfe,0xa0,0xfe,0xa0,0xfe,0xa0,0xfe,0x80,0xfe,0xa0,0xfe,0xa0,
    0xfe,0xa0,0xfe,0xa0,0xfe,0xa0,0xfe,0xa0,0xfe,0xa0,0xfe,0x80,0xfe,0x80,0xfe,0x80,
    0xfe,0xa0,0xfe,0x6f,0xa0,0xfe,0x88,0x80,0xfe,0x80,0xfe,0x80,0xfe,0x80,0xfe,0x80,
    0xfe,0x80,0xfe,0x80,0xfe,0xa0,0xfe,0x41,0xa0,0xfe,0x87,0x80,0xfe,0xa0,0xfe,0xa0,
    0xfe,0xa0,0xfe,0xa0,0xfe,0x80,0xfe,0xa0,0xfe,0x25,0xa0,0xfe,0x89,0xc0,0xfe,0xc0,
    0xfe,0xa0,0xfe,0xa0,0xfe,0xa0,0xfe,0xa0,0xfe,0x80,0xfe,0x80,0xfe,0xa0,0xfe,0x14,
    0xa0,0xfe,0x82,0x80,0xfe,0xa0,0xfe,0x19,0xa0,0xfe,0x82,0x80,0xfe,0xa0,0xfe,0x62,
    0xa0,0xfe,0x96,0x80,0xfe,0xa0,0xfe,0xa0,0xfe,0xa0,0xfe,0xa0,0xfe,0xa0,0xfe,0xa0,
    0xfe,0xa0,0xfe,0xa0,0xfe,0xa0,0xfe,0xa0,0xfe,0xa0,0xfe,0xa0,0xfe,0xa0,0xfe,0xa0,
    0xfe,0x80,0xfe,0x80,0xfe,0x80,0xfe,0xa0,0xfe,0x80,0xfe,0x80,0xfe,0xa0,0xfe,0x3f,
    0xa0,0xfe,0x89,0xc0,0xfe,0xa0,0xfe,0xa0,0xfe,0xa0,0xfe,0x80,0xfe,0x80,0xfe,0x80,
    0xfe,0x80,0xfe,0xa0,0xfe,0x2d,0xa0,0xfe,0x82,0x80,0xfe,0xa0,0xfe,0x26,0xa0,0xfe,
    0x8c,0x80,0xfe,0xa0,0xfe,0x80,0xfe,0x80,0xfe,0xa0,0xfe,0xa0,0xfe,0xa0,0xfe,0xa0,
    0xfe,0xa0,0xfe,0xa0,0xfe,0x80,0xfe,0xa0,0xfe,0x35,0xa0,0xfe,0x82,0xc0,0xfe,0xa0,
    0xfe,0x7f,0xa0,0xfe,0x87,0xa0,0xfe,0xa0,0xfe,0xa0,0xfe,0xa0,0xfe,0x80,0xfe,0x80,
    0xfe,0xa0,0xfe,0x37,0xa0,0xfe,0x82,0x80,0xfe,0xa0,0xfe,0x1e,0xa0,0xfe,0x9a,0x80,
    0xfe,0xa0,0xfe,0x80,0xfe,0x80,0xfe,0xa0,0xfe,0xa0,0xfe,0xa0,0xfe,0xa0,0xfe,0xa0,
    0xfe,0xa0,0xfe,0xa0,0xfe,0xa0,0xfe,0xa0,0xfe,0xa0,0xfe,0xa0,0xfe,0xa0,0xfe,0xa0,
    0xfe,0xa0,0xfe,0x80,0xfe,0xa0,0xfe,0xa0,0xfe,0xa0,0xfe,0xa0,0xfe,0x80,0xfe,0x80,
    0xfe,0xa0,0xfe,0x23,0xa0,0xfe,0x83,0x80,0xfe,0x80,0xfe,0xa0,0xfe,0x5a,0xa0,0xfe,
    0x91,0x80,0xfe,0x80,0xfe,0x80,0xfe,0x80,0xfe,0xa0,0xfe,0xa0,0xfe,0xa0,0xfe,0xa0,
    0xfe,0x80,0xfe,0x80,0xfe,0xa0,0xfe,0xa0,0xfe,0xa0,0xfe,0x80,0xfe,0x80,0xfe,0x80,
    0xfe,0xa0,0xfe,0x3e,0xa0,0xfe,0x9a,0xc0,0xfe,0xa0,0xfe,0xa0,0xfe,0xa0,0xfe,0xa0,
    0xfe,0xa0,0xfe,0xa0,0xfe,0xa0,0xfe,0xa0,0xfe,0xa0,0xfe,0xa0,0xfe,0xa0,0xfe,0xa0,
    0xfe,0xa0,0xfe,0x80,0xfe,0x80,0xfe,0x80,0xfe,0xa0,0xfe,0xa0,0xfe,0xa0,0xfe,0xa0,
    0xfe,0xa0,0xfe,0xa0,0xfe,0x80,0xfe,0x80,0xfe,0xa0,0xfe,0x1c,0xa0,0xfe,0x9b,0x80,
    0xfe,0x80,0xfe,0xa0,0xfe,0x80,0xfe,0x80,0xfe,0xa0,0xfe,0xa0,0xfe,0xa0,0xfe,0xa0,
    0xfe,0xa0,0xfe,0xa0,0xfe,0xa0,0xfe,0xa0,0xfe,0xa0,0xfe,0xa0,0xfe,0xa0,0xfe,0xa0,
    0xfe,0xa0,0xfe,0xa0,0xfe,0x00,0xff,0x00,0xff,0x20,0xff,0x20,0xff,0x20,0xff,0x20,
    0xff,0xe0,0xfe,0xa0,0xfe,0x23,0xa0,0xfe,0x8e,0x00,0xff,0x00,0xff,0x00,0xff,0x00,
    0xff,0x00,0xff,0x20,0xff,0xe0,0xfe,0xa0,0xfe,0xa0,0xfe,0xa0,0xfe,0xa0,0xfe,0xa0,
    0xfe,0x80,0xfe,0xa0,0xfe,0x4b,0xa0,0xfe,0xa6,0x80,0xfe,0x80,0xfe,0xc0,0xfe,0x00,
    0xff,0x00,0xff,0x00,0xff,0x20,0xff,0x20,0xff,0x20,0xff,0x20,0xff,0x20,0xff,0x20,
    0xff,0x20,0xff,0xe0,0xfe,0xa0,0xfe,0xa0,0xfe,0xc0,0xfe,0x00,0xff,0x00,0xff,0xe0,
    0xfe,0x80,0xfe,0xa0,0xfe,0xa0,0xfe,0xa0,0xfe,0xa0,0xfe,0xa0,0xfe,0xa0,0xfe,0xa0,
    0xfe,0xa0,0xfe,0xa0,0xfe,0xa0,0xfe,0xa0,0xfe,0xc0,0xfe,0x00,0xff,0x20,0xff,0x20,
    0xff,0xc0,0xfe,0xa0,0xfe,0x1d,0xa0,0xfe,0xa4,0xc0,0xfe,0xa0,0xfe,0xa0,0xfe,0xa0,
    0xfe,0xa0,0xfe,0xa0,0xfe,0xa0,0xfe,0xa0,0xfe,0xa0,0xfe,0xa0,0xfe,0xa0,0xfe,0xa0,
    0xfe,0xa0,0xfe,0xa0,0xfe,0xa0,0xfe,0xa0,0xfe,0xc0,0xfe,0xc0,0xfe,0xa0,0xfe,0xa0,
    0xfe,0xa0,0xfe,0xa0,0xfe,0xa0,0xfe,0xa0,0xfe,0xc0,0xfe,0xa0,0xfe,0xa0,0xfe,0xa0,
    0xfe,0xa0,0xfe,0x80,0xfe,0x80,0xfe,0xa0,0xfe,0x80,0xfe,0xa0,0xfe,0x80,0xfe,0xa0,
    0xfe,0x13,0xa0,0xfe,0xaa,0x80,0xfe,0xa0,0xfe,0xa0,0xfe,0xa0,0xfe,0xa0,0xfe,0xa0,
    0xfe,0xa0,0xfe,0xa0,0xfe,0xa0,0xfe,0xa0,0xfe,0xa0,0xfe,0xa0,0xfe,0x80,0xfe,0x80,
    0xfe,0x80,0xfe,0x80,0xfe,0x80,0xfe,0x80,0xfe,0xa0,0xfe,0xa0,0xfe,0xa0,0xfe,0xa0,
    0xfe,0xa0,0xfe,0xa0,0xfe,0xa0,0xfe,0xa0,0xfe,0xa0,0xfe,0xa0,0xfe,0xa0,0xfe,0xa0,
    0xfe,0xa0,0xfe,0xa0,0xfe,0xc0,0xfe,0x60,0xf6,0xe0,0xbc,0xe0,0xb4,0xe0,0xb4,0xc0,
    0xb4,0xc0,0xb4,0xa0,0xb4,0x20,0xc5,0xa0,0xfe,0x21,0xa0,0xfe,0x8a,0xc0,0xfe,0x40,
    0xee,0xe0,0xbc,0x00,0xbd,0xe0,0xbc,0xe0,0xbc,0xe0,0xbc,0xa0,0xb4,0x40,0xcd,0xa0,
    0xfe,0x50,0xa0,0xfe,0xa8,0x80,0xfe,0x00,0xff,0x00,0xff,0x20,0xee,0x00,0xc5,0x80,
    0xac,0x40,0xa4,0x40,0xa4,0x40,0xa4,0x40,0xa4,0x40,0xa4,0x40,0xa4,0x60,0xa4,0x20,
    0x9c,0x20,0xc5,0xe0,0xfe,0xc0,0xfe,0x80,0xf6,0xa0,0xac,0x00,0x9c,0xc0,0xbc,0xe0,
    0xfe,0xa0,0xfe,0xa0,0xfe,0xa0,0xfe,0xa0,0xfe,0xa0,0xfe,0xa0,0xfe,0xa0,0xfe,0xa0,
    0xfe,0xa0,0xfe,0xc0,0xfe,0xc0,0xfe,0xa0,0xfe,0xa0,0xb4,0x60,0xac,0x40,0xa4,0x00,
    0xe6,0xc0,0xfe,0xa0,0xfe,0x2c,0xa0,0xfe,0xd2,0xc0,0xfe,0xc0,0xfe,0xa0,0xfe,0xa0,
    0xfe,0xa0,0xfe,0xa0,0xfe,0xa0,0xfe,0xa0,0xfe,0xc0,0xfe,0xc0,0xfe,0xa0,0xfe,0xa0,
    0xfe,0xa0,0xfe,0xa0,0xfe,0x80,0xfe,0x80,0xfe,0x80,0xfe,0xa0,0xfe,0x80,0xfe,0xa0,
    0xfe,0xa0,0xfe,0xa0,0xfe,0xa0,0xfe,0xa0,0xfe,0xa0,0xfe,0x80,0xfe,0xa0,0xfe,0x80,
    0xfe,0xa0,0xfe,0xa0,0xfe,0xa0,0xfe,0xa0,0xfe,0xa0,0xfe,0xa0,0xfe,0xa0,0xfe,0xa0,
    0xfe,0xa0,0xfe,0x80,0xfe,0x80,0xfe,0xa0,0xfe,0xa0,0xfe,0xa0,0xfe,0xa0,0xfe,0xa0,
    0xfe,0xa0,0xfe,0xa0,0xfe,0xa0,0xfe,0xa0,0xfe,0xa0,0xfe,0xa0,0xfe,0xa0,0xfe,0xa0,
    0xfe,0xa0,0xfe,0x80,0xfe,0x80,0xfe,0xa0,0xfe,0xa0,0xfe,0x80,0xfe,0x80,0xfe,0xa0,
    0xfe,0xa0,0xfe,0xa0,0xfe,0xa0,0xfe,0xa0,0xfe,0xa0,0xfe,0xa0,0xfe,0xa0,0xfe,0xa0,
    0xfe,0xa0,0xfe,0xa0,0xfe,0x80,0xfe,0xe0,0xfe,0x80,0xd5,0x00,0x00,0x00,0x00,0x00,
    0x00,0x00,0x00,0x00,0x00,0x00,0x00,0x60,0x39,0xc0,0xfe,0xa0,0xfe,0x20,0xa0,0xfe,
    0x8c,0x00,0xff,0x20,0xc5,0x00,0x00,0x00,0x00,0x00,0x00,0x00,0x00,0x00,0x00,0x00,
    0x00,0xa0,0x41,0xc0,0xfe,0x80,0xfe,0xa0,0xfe,0x4c,0xa0,0xfe,0xab,0x80,0xfe,0xc0,
    0xfe,0x00,0xff,0xe0,0xbc,0x20,0x5a,0x60,0x18,0x00,0x00,0x00,0x00,0x00,0x00,0x00,
    0x00,0x00,0x00,0x00,0x00,0x00,0x00,0x00,0x00,0x00,0x00,0x00,0x00,0x60,0x62,0x20,
    0xff,0xe0,0xfe,0xe0,0xdd,0x00,0x00,0x00,0x00,0x00,0x00,0x80,0xb4,0x00,0xff,0x80,
    0xfe,0xa0,0xfe,0xa0,0xfe,0xa0,0xfe,0xa0,0xfe,0xa0,0xfe,0xa0,0xfe,0xc0,0xfe,0xc0,
    0xfe,0xe0,0xfe,0x60,0xee,0x40,0x08,0x00,0x00,0x00,0x00,0x80,0xb4,0x00,0xff,0x80,
    0xfe,0xa0,0xfe,0x1a,0xa0,0xfe,0xaf,0xc0,0xfe,0xa0,0xfe,0xa0,0xfe,0xa0,0xfe,0xa0,
    0xfe,0xa0,0xfe,0xa0,0xfe,0xa0,0xfe,0xa0,0xfe,0xa0,0xfe,0xa0,0xfe,0xa0,0xfe,0xa0,
    0xfe,0xa0,0xfe,0xa0,0xfe,0xa0,0xfe,0xa0,0xfe,0xc0,0xfe,0xc0,0xfe,0xa0,0xfe,0xa0,
    0xfe,0xa0,0xfe,0xa0,0xfe,0xa0,0xfe,0xa0,0xfe,0xa0,0xfe,0xa0,0xfe,0xa0,0xfe,0xa0,
    0xfe,0xa0,0xfe,0xa0,0xfe,0x80,0xfe,0x80,0xfe,0x80,0xfe,0x80,0xfe,0x80,0xfe,0x80,
    0xfe,0xa0,0xfe,0xa0,0xfe,0xa0,0xfe,0xa0,0xfe,0xa0,0xfe,0xa0,0xfe,0xa0,0xfe,0xa0,
    0xfe,0x80,0xfe,0xa0,0xfe,0x15,0xa0,0xfe,0xa1,0x80,0xfe,0xa0,0xfe,0x80,0xfe,0xa0,
    0xfe,0xa0,0xfe,0xa0,0xfe,0xa0,0xfe,0xa0,0xfe,0xa0,0xfe,0xa0,0xfe,0xa0,0xfe,0xa0,
    0xfe,0xa0,0xfe,0xa0,0xfe,0xa0,0xfe,0xa0,0xfe,0xa0,0xfe,0xa0,0xfe,0xc0,0xfe,0xa0,
    0xfe,0xe0,0xfe,0xa0,0xd5,0x00,0x00,0x00,0x00,0x20,0x00,0x20,0x00,0x20,0x00,0x00,
    0x00,0x80,0x39,0xc0,0xfe,0xa0,0xfe,0xc0,0xfe,0xa0,0xfe,0x1e,0xa0,0xfe,0x8e,0x00,
    0xff,0x20,0xc5,0x00,0x00,0x20,0x00,0x00,0x00,0x00,0x00,0x20,0x00,0x00,0x00,0xc0,
    0x41,0xc0,0xfe,0x80,0xfe,0xa0,0xfe,0x80,0xfe,0xa0,0xfe,0x45,0xa0,0xfe,0xb0,0xc0,
    0xfe,0xc0,0xfe,0xc0,0xfe,0xa0,0xfe,0x80,0xfe,0x00,0xff,0x20,0xe6,0x20,0x52,0x00,
    0x00,0x00,0x00,0x00,0x00,0x00,0x00,0x00,0x00,0x00,0x00,0x00,0x00,0x00,0x00,0x00,
    0x00,0x00,0x00,0x00,0x00,0x00,0x00,0x00,0x00,0x80,0x5a,0x00,0xff,0xe0,0xfe,0xe0,
    0xd5,0x20,0x00,0x00,0x00,0x00,0x00,0x60,0x10,0x80,0xd5,0xe0,0xfe,0x80,0xfe,0xa0,
    0xfe,0xa0,0xfe,0xa0,0xfe,0xa0,0xfe,0xa0,0xfe,0xc0,0xfe,0xc0,0xfe,0xe0,0xfe,0x60,
    0xee,0xa0,0x10,0x00,0x00,0x00,0x00,0xa0,0xb4,0x00,0xff,0x80,0xfe,0xa0,0xfe,0x2b,
    0xa0,0xfe,0x95,0xc0,0xfe,0xc0,0xfe,0xa0,0xfe,0xa0,0xfe,0xa0,0xfe,0xa0,0xfe,0xa0,
    0xfe,0xa0,0xfe,0xa0,0xfe,0xa0,0xfe,0xa0,0xfe,0xa0,0xfe,0xa0,0xfe,0xa0,0xfe,0x80,
    0xfe,0x80,0xfe,0x80,0xfe,0x80,0xfe,0x80,0xfe,0x80,0xfe,0xa0,0xfe,0x1d,0xa0,0xfe,
    0xa0,0x80,0xfe,0x80,0xfe,0x80,0xfe,0x80,0xfe,0x80,0xfe,0xa0,0xfe,0x80,0xfe,0xa0,
    0xfe,0xa0,0xfe,0xa0,0xfe,0xa0,0xfe,0xa0,0xfe,0xa0,0xfe,0xa0,0xfe,0xa0,0xfe,0xa0,
    0xfe,0xc0,0xfe,0xa0,0xfe,0xa0,0xfe,0xc0,0xfe,0xa0,0xfe,0xe0,0xfe,0xa0,0xd5,0x00,
    0x00,0x00,0x00,0x00,0x00,0x00,0x00,0x00,0x00,0x00,0x00,0x80,0x39,0xc0,0xfe,0xa0,
    0xfe,0x20,0xa0,0xfe,0x8e,0x00,0xff,0x20,0xc5,0x00,0x00,0x00,0x00,0x00,0x00,0x00,
    0x00,0x00,0x00,0x00,0x00,0xa0,0x41,0xc0,0xfe,0xa0,0xfe,0xa0,0xfe,0x80,0xfe,0xa0,
    0xfe,0x45,0xa0,0xfe,0xb0,0xc0,0xfe,0xc0,0xfe,0xc0,0xfe,0x80,0xfe,0xe0,0xfe,0xa0,
    0xd5,0xc0,0x20,0x00,0x00,0x20,0x00,0x00,0x00,0x00,0x00,0x00,0x00,0x60,0x10,0xa0,
    0x18,0xa0,0x18,0xa0,0x18,0xa0,0x18,0xa0,0x18,0x80,0x10,0xa0,0x18,0x80,0x10,0x00,
    0x73,0x20,0xff,0xe0,0xfe,0xe0,0xd5,0x00,0x00,0x00,0x00,0x00,0x00,0x00,0x00,0xe0,
    0x20,0x20,0xe6,0xc0,0xfe,0x80,0xfe,0xc0,0xfe,0xa0,0xfe,0xa0,0xfe,0xc0,0xfe,0xc0,
    0xfe,0xc0,0xfe,0xe0,0xfe,0x60,0xee,0x80,0x10,0x00,0x00,0x00,0x00,0xa0,0xb4,0x00,
    0xff,0x80,0xfe,0xa0,0xfe,0x28,0xa0,0xfe,0x9d,0xc0,0xfe,0xa0,0xfe,0xa0,0xfe,0xc0,
    0xfe,0xc0,0xfe,0xa0,0xfe,0xa0,0xfe,0xa0,0xfe,0xa0,0xfe,0xa0,0xfe,0xa0,0xfe,0xa0,
    0xfe,0xc0,0xfe,0xa0,0xfe,0xa0,0xfe,0xa0,0xfe,0xa0,0xfe,0xa0,0xfe,0x80,0xfe,0x80,
    0xfe,0x80,0xfe,0x80,0xfe,0x80,0xfe,0xa0,0xfe,0xa0,0xfe,0xa0,0xfe,0xa0,0xfe,0x80,
    0xfe,0xa0,0xfe,0x19,0xa0,0xfe,0xa1,0x80,0xfe,0x80,0xfe,0xa0,0xfe,0x80,0xfe,0xa0,
    0xfe,0x80,0xfe,0xa0,0xfe,0xa0,0xfe,0xa0,0xfe,0xa0,0xfe,0xa0,0xfe,0xa0,0xfe,0xa0,
    0xfe,0xa0,0xfe,0xa0,0xfe,0xa0,0xfe,0xa0,0xfe,0xc0,0xfe,0xc0,0xfe,0xa0,0xfe,0xe0,
    0xfe,0xa0,0xd5,0x00,0x00,0x00,0x00,0x00,0x00,0x00,0x00,0x00,0x00,0x00,0x00,0x80,
    0x39,0xc0,0xfe,0xa0,0xfe,0xc0,0xfe,0xa0,0xfe,0x19,0xa0,0xfe,0x90,0x80,0xfe,0xa0,
    0xfe,0xa0,0xfe,0xa0,0xfe,0xa0,0xfe,0x00,0xff,0x20,0xc5,0x00,0x00,0x00,0x00,0x00,
    0x00,0x00,0x00,0x00,0x00,0x00,0x00,0xa0,0x41,0xc0,0xfe,0xa0,0xfe,0x47,0xa0,0xfe,
    0xb1,0xc0,0xfe,0xc0,0xfe,0xc0,0xfe,0xa0,0xfe,0xe0,0xfe,0x40,0xe6,0xc0,0x18,0x00,
    0x00,0x20,0x00,0x00,0x00,0xa0,0x18,0x60,0x7b,0x60,0xcd,0x20,0xe6,0x40,0xee,0x40,
    0xf6,0x40,0xf6,0x40,0xee,0x40,0xee,0x20,0xee,0x20,0xee,0x20,0xee,0x80,0xf6,0xc0,
    0xfe,0x00,0xff,0xc0,0xd5,0x00,0x00,0x00,0x00,0x00,0x00,0x00,0x00,0x00,0x00,0x80,
    0x39,0x80,0xf6,0xc0,0xfe,0xa0,0xfe,0xc0,0xfe,0xc0,0xfe,0xc0,0xfe,0xc0,0xfe,0xc0,
    0xfe,0xe0,0xfe,0x80,0xee,0xa0,0x18,0x00,0x00,0x00,0x00,0xa0,0xb4,0x00,0xff,0x80,
    0xfe,0xa0,0xfe,0x28,0xa0,0xfe,0x9e,0xc0,0xfe,0xa0,0xfe,0xa0,0xfe,0xc0,0xfe,0xc0,
    0xfe,0xa0,0xfe,0xa0,0xfe,0xa0,0xfe,0xa0,0xfe,0xa0,0xfe,0xa0,0xfe,0xa0,0xfe,0xc0,
    0xfe,0xa0,0xfe,0xa0,0xfe,0xa0,0xfe,0xa0,0xfe,0xa0,0xfe,0x80,0xfe,0x80,0xfe,0x80,
    0xfe,0xa0,0xfe,0xa0,0xfe,0xa0,0xfe,0xa0,0xfe,0xa0,0xfe,0x80,0xfe,0x80,0xfe,0x80,
    0xfe,0xa0,0xfe,0x1a,0xa0,0xfe,0x9d,0x80,0xfe,0x80,0xfe,0xa0,0xfe,0xa0,0xfe,0xa0,
    0xfe,0xa0,0xfe,0xa0,0xfe,0xa0,0xfe,0xa0,0xfe,0xa0,0xfe,0xa0,0xfe,0xa0,0xfe,0xa0,
    0xfe,0xa0,0xfe,0xc0,0xfe,0xc0,0xfe,0xc0,0xfe,0xa0,0xfe,0xe0,0xfe,0xa0,0xd5,0x00,
    0x00,0x00,0x00,0x00,0x00,0x00,0x00,0x00,0x00,0x00,0x00,0x80,0x39,0xc0,0xfe,0xa0,
    0xfe,0x1a,0xa0,0xfe,0x91,0x80,0xfe,0x80,0xfe,0xa0,0xfe,0xa0,0xfe,0xa0,0xfe,0xa0,
    0xfe,0x00,0xff,0x40,0xc5,0x00,0x00,0x00,0x00,0x00,0x00,0x00,0x00,0x00,0x00,0x00,
    0x00,0xa0,0x41,0xc0,0xfe,0xa0,0xfe,0x45,0xa0,0xfe,0xb2,0xc0,0xfe,0xc0,0xfe,0xc0,
    0xfe,0xc0,0xfe,0xc0,0xfe,0xc0,0xfe,0xe0,0xfe,0x00,0x4a,0x00,0x00,0x20,0x00,0x00,
    0x00,0x20,0x52,0x40,0xee,0x20,0xff,0x00,0xff,0xe0,0xfe,0xc0,0xfe,0xc0,0xfe,0xc0,
    0xfe,0xe0,0xfe,0xe0,0xfe,0xc0,0xfe,0xc0,0xfe,0xc0,0xfe,0xc0,0xfe,0xa0,0xfe,0xe0,
    0xfe,0xc0,0xd5,0x00,0x00,0x00,0x00,0x00,0x00,0x00,0x00,0x20,0x00,0x00,0x00,0x00,
    0x4a,0xe0,0xfe,0xa0,0xfe,0xa0,0xfe,0xc0,0xfe,0xc0,0xfe,0xc0,0xfe,0xc0,0xfe,0xe0,
    0xfe,0x80,0xf6,0xa0,0x18,0x00,0x00,0x00,0x00,0x80,0xb4,0x00,0xff,0xa0,0xfe,0x29,
    0xa0,0xfe,0xd5,0xc0,0xfe,0xc0,0xfe,0xa0,0xfe,0xc0,0xfe,0xa0,0xfe,0xa0,0xfe,0xa0,
    0xfe,0xa0,0xfe,0xa0,0xfe,0xa0,0xfe,0xa0,0xfe,0xa0,0xfe,0xa0,0xfe,0xa0,0xfe,0xa0,
    0xfe,0xa0,0xfe,0xa0,0xfe,0xa0,0xfe,0x80,0xfe,0x80,0xfe,0x80,0xfe,0xa0,0xfe,0xa0,
    0xfe,0xa0,0xfe,0xa0,0xfe,0xa0,0xfe,0x80,0xfe,0x80,0xfe,0x80,0xfe,0x80,0xfe,0x80,
    0xfe,0xa0,0xfe,0xa0,0xfe,0xa0,0xfe,0xa0,0xfe,0xa0,0xfe,0xa0,0xfe,0xa0,0xfe,0xa0,
    0xfe,0xa0,0xfe,0x80,0xfe,0x80,0xfe,0xa0,0xfe,0xa0,0xfe,0xa0,0xfe,0xa0,0xfe,0xa0,
    0xfe,0x80,0xfe,0xa0,0xfe,0xa0,0xfe,0xa0,0xfe,0xa0,0xfe,0xa0,0xfe,0xa0,0xfe,0xa0,
    0xfe,0x80,0xfe,0xa0,0xfe,0xa0,0xfe,0xa0,0xfe,0xa0,0xfe,0xa0,0xfe,0xa0,0xfe,0xa0,
    0xfe,0xa0,0xfe,0xa0,0xfe,0xa0,0xfe,0xa0,0xfe,0xa0,0xfe,0xa0,0xfe,0xa0,0xfe,0xc0,
    0xfe,0xc0,0xfe,0xc0,0xfe,0xa0,0xfe,0xe0,0xfe,0xa0,0xd5,0x00,0x00,0x00,0x00,0x00,
    0x00,0x00,0x00,0x20,0x00,0x00,0x00,0x80,0x39,0xc0,0xfe,0xa0,0xfe,0x19,0xa0,0xfe,
    0x92,0x80,0xfe,0x80,0xfe,0x80,0xfe,0xa0,0xfe,0xa0,0xfe,0xa0,0xfe,0xa0,0xfe,0x00,
    0xff,0x40,0xc5,0x00,0x00,0x00,0x00,0x00,0x00,0x00,0x00,0x20,0x00,0x00,0x00,0xa0,
    0x41,0xe0,0xfe,0xa0,0xfe,0x43,0xa0,0xfe,0xb4,0xc0,0xfe,0xc0,0xfe,0xc0,0xfe,0xc0,
    0xfe,0xc0,0xfe,0xc0,0xfe,0xc0,0xfe,0x40,0xff,0xa0,0xac,0x00,0x00,0x20,0x00,0x00,
    0x00,0x00,0x52,0x00,0xff,0xe0,0xfe,0x80,0xfe,0xa0,0xfe,0xa0,0xfe,0xa0,0xfe,0xa0,
    0xfe,0xa0,0xfe,0xa0,0xfe,0xc0,0xfe,0xa0,0xfe,0xa0,0xfe,0xa0,0xfe,0xa0,0xfe,0xa0,
    0xfe,0xe0,0xfe,0xc0,0xd5,0x00,0x00,0x00,0x00,0x00,0x00,0x00,0x00,0x00,0x00,0x20,
    0x00,0x00,0x00,0xe0,0x72,0x00,0xff,0x80,0xfe,0xc0,0xfe,0xc0,0xfe,0xc0,0xfe,0xc0,
    0xfe,0xe0,0xfe,0x80,0xf6,0xa0,0x18,0x00,0x00,0x00,0x00,0x80,0xb4,0x00,0xff,0xa0,
    0xfe,0x11,0xa0,0xfe,0x82,0x80,0xfe,0xa0,0xfe,0x11,0xa0,0xfe,0xda,0x80,0xfe,0xa0,
    0xfe,0xa0,0xfe,0xa0,0xfe,0xa0,0xfe,0xc0,0xfe,0xa0,0xfe,0xa0,0xfe,0xc0,0xfe,0xa0,
    0xfe,0xa0,0xfe,0xa0,0xfe,0xa0,0xfe,0xa0,0xfe,0xa0,0xfe,0xa0,0xfe,0xc0,0xfe,0xa0,
    0xfe,0xa0,0xfe,0xa0,0xfe,0xa0,0xfe,0xa0,0xfe,0xa0,0xfe,0xa0,0xfe,0xa0,0xfe,0xa0,
    0xfe,0xa0,0xfe,0xa0,0xfe,0xa0,0xfe,0xa0,0xfe,0xa0,0xfe,0xa0,0xfe,0xa0,0xfe,0xa0,
    0xfe,0x80,0xfe,0x80,0xfe,0xa0,0xfe,0xa0,0xfe,0xa0,0xfe,0xa0,0xfe,0xa0,0xfe,0xa0,
    0xfe,0xa0,0xfe,0xa0,0xfe,0xa0,0xfe,0x80,0xfe,0x80,0xfe,0xa0,0xfe,0xa0,0xfe,0xa0,
    0xfe,0x80,0xfe,0x80,0xfe,0x80,0xfe,0xa0,0xfe,0xa0,0xfe,0xa0,0xfe,0xa0,0xfe,0xa0,
    0xfe,0x80,0xfe,0x80,0xfe,0x80,0xfe,0x80,0xfe,0x80,0xfe,0xa0,0xfe,0xa0,0xfe,0xa0,
    0xfe,0xa0,0xfe,0xa0,0xfe,0xa0,0xfe,0xa0,0xfe,0xa0,0xfe,0xa0,0xfe,0xa0,0xfe,0xa0,
    0xfe,0xa0,0xfe,0xc0,0xfe,0xc0,0xfe,0xc0,0xfe,0xa0,0xfe,0xe0,0xfe,0xa0,0xd5,0x00,
    0x00,0x00,0x00,0x00,0x00,0x00,0x00,0x20,0x00,0x00,0x00,0xa0,0x39,0xc0,0xfe,0xa0,
    0xfe,0x20,0xa0,0xfe,0x8e,0x00,0xff,0x40,0xc5,0x00,0x00,0x00,0x00,0x00,0x00,0x00,
    0x00,0x20,0x00,0x00,0x00,0xa0,0x41,0xe0,0xfe,0xc0,0xfe,0xc0,0xfe,0xc0,0xfe,0xa0,
    0xfe,0x30,0xa0,0xfe,0xc4,0xc0,0xfe,0xa0,0xfe,0xa0,0xfe,0xa0,0xfe,0xa0,0xfe,0xa0,
    0xfe,0xa0,0xfe,0xa0,0xfe,0xa0,0xfe,0xa0,0xfe,0xa0,0xfe,0xa0,0xfe,0xa0,0xfe,0xa0,
    0xfe,0xa0,0xfe,0xa0,0xfe,0xc0,0xfe,0xc0,0xfe,0xc0,0xfe,0xc0,0xfe,0xc0,0xfe,0xc0,
    0xfe,0xc0,0xfe,0x20,0xff,0xe0,0x41,0x00,0x00,0x00,0x00,0x80,0x18,0x20,0xee,0xe0,
    0xfe,0xa0,0xfe,0xc0,0xfe,0xa0,0xfe,0xa0,0xfe,0xa0,0xfe,0xa0,0xfe,0xa0,0xfe,0xa0,
    0xfe,0xa0,0xfe,0xa0,0xfe,0xa0,0xfe,0xa0,0xfe,0xa0,0xfe,0xa0,0xfe,0xe0,0xfe,0xc0,
    0xd5,0x00,0x00,0x00,0x00,0x60,0x08,0xa0,0x83,0x20,0x00,0x00,0x00,0x20,0x00,0x00,
    0x00,0xa0,0x93,0x20,0xff,0xa0,0xfe,0xc0,0xfe,0xc0,0xfe,0xc0,0xfe,0xe0,0xfe,0x80,
    0xf6,0xa0,0x18,0x00,0x00,0x00,0x00,0xa0,0xb4,0x00,0xff,0xa0,0xfe,0x29,0xa0,0xfe,
    0x82,0xc0,0xfe,0xa0,0xfe,0x1a,0xa0,0xfe,0xec,0x80,0xfe,0x80,0xfe,0x80,0xfe,0xa0,
    0xfe,0xa0,0xfe,0xa0,0xfe,0xa0,0xfe,0xa0,0xfe,0xa0,0xfe,0xa0,0xfe,0xa0,0xfe,0xa0,
    0xfe,0x80,0xfe,0x80,0xfe,0x80,0xfe,0x80,0xfe,0xa0,0xfe,0x80,0xfe,0xa0,0xfe,0xa0,
    0xfe,0xa0,0xfe,0xa0,0xfe,0xa0,0xfe,0xa0,0xfe,0xa0,0xfe,0x80,0xfe,0x80,0xfe,0xa0,
    0xfe,0x80,0xfe,0xa0,0xfe,0xa0,0xfe,0xa0,0xfe,0xa0,0xfe,0xa0,0xfe,0xa0,0xfe,0xa0,
    0xfe,0xa0,0xfe,0xa0,0xfe,0xa0,0xfe,0xa0,0xfe,0xa0,0xfe,0xa0,0xfe,0xc0,0xfe,0xc0,
    0xfe,0xc0,0xfe,0xa0,0xfe,0xe0,0xfe,0xa0,0xd5,0x00,0x00,0x00,0x00,0x00,0x00,0x00,
    0x00,0x20,0x00,0x00,0x00,0xa0,0x39,0xc0,0xfe,0xa0,0xfe,0xa0,0xfe,0xa0,0xfe,0xa0,
    0xfe,0xa0,0xfe,0xa0,0xfe,0xa0,0xfe,0xa0,0xfe,0xa0,0xfe,0xa0,0xfe,0xa0,0xfe,0x80,
    0xfe,0x80,0xfe,0x80,0xfe,0x80,0xfe,0x80,0xfe,0x80,0xfe,0x80,0xfe,0xa0,0xfe,0x80,
    0xfe,0x80,0xfe,0xa0,0xfe,0xa0,0xfe,0xa0,0xfe,0xa0,0xfe,0xa0,0xfe,0xa0,0xfe,0xa0,
    0xfe,0xa0,0xfe,0xa0,0xfe,0xa0,0xfe,0xc0,0xfe,0xa0,0xfe,0x00,0xff,0x40,0xc5,0x00,
    0x00,0x00,0x00,0x00,0x00,0x00,0x00,0x20,0x00,0x00,0x00,0xc0,0x41,0xe0,0xfe,0xa0,
    0xf6,0xa0,0xfe,0xa0,0xfe,0xa0,0xfe,0xa0,0xfe,0xa0,0xfe,0x80,0xfe,0x80,0xfe,0xa0,
    0xfe,0x15,0xa0,0xfe,0xda,0x80,0xfe,0x80,0xfe,0x80,0xfe,0x80,0xfe,0x80,0xfe,0x80,
    0xfe,0xa0,0xfe,0xa0,0xfe,0xa0,0xfe,0xa0,0xfe,0xa0,0xfe,0xa0,0xfe,0xa0,0xfe,0x80,
    0xfe,0x80,0xfe,0x80,0xfe,0x80,0xfe,0xa0,0xfe,0x80,0xfe,0x80,0xfe,0x80,0xfe,0x80,
    0xfe,0xa0,0xfe,0xa0,0xfe,0xa0,0xfe,0x80,0xfe,0xa0,0xfe,0xa0,0xfe,0xa0,0xfe,0xa0,
    0xfe,0xa0,0xfe,0xa0,0xfe,0xa0,0xfe,0xa0,0xfe,0xa0,0xfe,0xa0,0xfe,0xa0,0xfe,0xa0,
    0xfe,0xa0,0xfe,0xa0,0xfe,0xc0,0xfe,0xc0,0xfe,0xc0,0xfe,0xc0,0xfe,0x00,0xff,0x40,
    0xe6,0x40,0x08,0x00,0x00,0x00,0x00,0x40,0x7b,0x20,0xff,0xa0,0xfe,0xc0,0xfe,0xc0,
    0xfe,0xa0,0xfe,0xa0,0xfe,0xa0,0xfe,0xe0,0xfe,0xe0,0xfe,0xe0,0xfe,0xe0,0xfe,0x00,
    0xff,0x00,0xff,0x00,0xff,0xe0,0xfe,0xa0,0xfe,0xe0,0xfe,0xc0,0xdd,0x00,0x00,0x00,
    0x00,0x00,0x00,0x60,0xee,0x21,0x94,0x01,0x00,0x20,0x00,0x20,0x00,0x00,0x00,0x40,
    0xac,0x20,0xff,0xa0,0xfe,0xc0,0xfe,0xc0,0xfe,0xe0,0xfe,0x80,0xf6,0xa0,0x18,0x00,
    0x00,0x00,0x00,0xa0,0xb4,0x00,0xff,0xa0,0xfe,0x2c,0xa0,0xfe,0x82,0xc0,0xfe,0xa0,
    0xfe,0x17,0xa0,0xfe,0xff,0x80,0xfe,0xa0,0xfe,0x80,0xfe,0x80,0xfe,0xa0,0xfe,0xa0,
    0xfe,0xa0,0xfe,0xa0,0xfe,0xa0,0xfe,0xa0,0xfe,0xa0,0xfe,0xa0,0xfe,0xa0,0xfe,0xa0,
    0xfe,0xa0,0xfe,0xa0,0xfe,0x80,0xfe,0x80,0xfe,0x80,0xfe,0xa0,0xfe,0xa0,0xfe,0xa0,
    0xfe,0xa0,0xfe,0xa0,0xfe,0x80,0xfe,0x80,0xfe,0x80,0xfe,0x80,0xfe,0x80,0xfe,0x80,
    0xfe,0xa0,0xfe,0xa0,0xfe,0xa0,0xfe,0xa0,0xfe,0xa0,0xfe,0xa0,0xfe,0xa0,0xfe,0xa0,
    0xfe,0xa0,0xfe,0xa0,0xfe,0xa0,0xfe,0xa0,0xfe,0xa0,0xfe,0xa0,0xfe,0xa0,0xfe,0xa0,
    0xfe,0xe0,0xfe,0xa0,0xd5,0x00,0x00,0x00,0x00,0x00,0x00,0x00,0x00,0x00,0x00,0x00,
    0x00,0xa0,0x39,0xc0,0xfe,0x80,0xfe,0xa0,0xfe,0xa0,0xfe,0xa0,0xfe,0xa0,0xfe,0xa0,
    0xfe,0xa0,0xfe,0xa0,0xfe,0x80,0xfe,0x80,0xfe,0xa0,0xfe,0xe0,0xfe,0x00,0xff,0x20,
    0xff,0x20,0xff,0x20,0xff,0x40,0xff,0x40,0xff,0x40,0xff,0x40,0xff,0x40,0xff,0x20,
    0xff,0x20,0xff,0x00,0xff,0xc0,0xfe,0xa0,0xfe,0x80,0xfe,0x80,0xfe,0xa0,0xfe,0xa0,
    0xfe,0xc0,0xfe,0xc0,0xfe,0xa0,0xfe,0x00,0xff,0x40,0xc5,0x00,0x00,0x00,0x00,0x00,
    0x00,0x00,0x00,0x20,0x00,0x00,0x00,0xe0,0x49,0x80,0xff,0x40,0xff,0x40,0xff,0x40,
    0xff,0x40,0xff,0x40,0xff,0x40,0xff,0x20,0xff,0x20,0xff,0x20,0xff,0x20,0xff,0x20,
    0xff,0x00,0xff,0xe0,0xfe,0xa0,0xfe,0xa0,0xfe,0xa0,0xfe,0xa0,0xfe,0xa0,0xfe,0xa0,
    0xfe,0xa0,0xfe,0xa0,0xfe,0xa0,0xfe,0xa0,0xfe,0xa0,0xfe,0xa0,0xfe,0x80,0xfe,0x80,
    0xfe,0xa0,0xfe,0xdc,0xa0,0xfe,0xc0,0xfe,0xe0,0xfe,0x00,0xff,0x20,0xff,0x20,0xff,
    0x40,0xff,0x00,0xff,0xc0,0xfe,0xc0,0xfe,0xa0,0xfe,0xa0,0xfe,0xa0,0xfe,0x80,0xfe,
    0x80,0xfe,0xc0,0xfe,0xe0,0xfe,0x00,0xff,0x20,0xff,0x20,0xff,0x20,0xff,0x20,0xff,
    0x40,0xff,0x20,0xff,0x20,0xff,0x20,0xff,0x20,0xff,0x00,0xff,0xe0,0xfe,0xc0,0xfe,
    0xa0,0xfe,0x80,0xfe,0x80,0xfe,0xa0,0xfe,0xa0,0xfe,0xa0,0xfe,0xa0,0xfe,0xa0,0xfe,
    0xa0,0xfe,0xa0,0xfe,0xa0,0xfe,0xa0,0xfe,0xa0,0xfe,0xc0,0xfe,0xc0,0xfe,0xc0,0xfe,
    0x20,0xff,0x00,0xbd,0x00,0x00,0x00,0x00,0x00,0x00,0x20,0xc5,0x00,0xff,0xa0,0xfe,
    0xc0,0xfe,0xa0,0xfe,0xa0,0xfe,0xa0,0xfe,0xa0,0xfe,0xe0,0xdd,0xc0,0xd5,0xc0,0xd5,
    0xc0,0xd5,0xa0,0xd5,0xa0,0xd5,0x80,0xcd,0x20,0xe6,0xc0,0xfe,0xe0,0xfe,0xe0,0xdd,
    0x20,0x00,0x00,0x00,0x00,0x00,0xa0,0xd5,0xa0,0xff,0x02,0x6b,0x00,0x00,0x20,0x00,
    0x00,0x00,0x00,0x00,0xe0,0xbc,0x20,0xff,0xa0,0xfe,0xc0,0xfe,0xe0,0xfe,0x80,0xf6,
    0xa0,0x18,0x00,0x00,0x00,0x00,0x80,0xb4,0x00,0xff,0xa0,0xfe,0x2c,0xa0,0xfe,0x82,
    0xc0,0xfe,0xa0,0xfe,0x17,0xa0,0xfe,0xff,0x80,0xfe,0xa0,0xfe,0xa0,0xfe,0xa0,0xfe,
    0xa0,0xfe,0xa0,0xfe,0xa0,0xfe,0xa0,0xfe,0xa0,0xfe,0xa0,0xfe,0xa0,0xfe,0xa0,0xfe,
    0xa0,0xfe,0xa0,0xfe,0xa0,0xfe,0xa0,0xfe,0x80,0xfe,0xa0,0xfe,0xa0,0xfe,0xa0,0xfe,
    0xa0,0xfe,0xa0,0xfe,0xa0,0xfe,0xa0,0xfe,0x80,0xfe,0x80,0xfe,0x80,0xfe,0x80,0xfe,
    0xa0,0xfe,0xa0,0xfe,0xa0,0xfe,0xa0,0xfe,0xa0,0xfe,0xa0,0xfe,0xa0,0xfe,0xa0,0xfe,
    0xa0,0xfe,0xa0,0xfe,0xa0,0xfe,0xa0,0xfe,0xa0,0xfe,0xa0,0xfe,0xa0,0xfe,0xa0,0xfe,
    0xc0,0xfe,0xa0,0xfe,0xe0,0xfe,0xa0,0xd5,0x00,0x00,0x00,0x00,0x00,0x00,0x00,0x00,
    0x20,0x00,0x00,0x00,0xa0,0x39,0xc0,0xfe,0x80,0xfe,0xa0,0xfe,0xa0,0xfe,0xa0,0xfe,
    0xa0,0xfe,0x80,0xfe,0x80,0xfe,0xe0,0xfe,0x20,0xff,0x00,0xff,0x80,0xfe,0x00,0xe6,
    0x40,0xc5,0x80,0xac,0x00,0x9c,0xc0,0x93,0xa0,0x8b,0xa0,0x8b,0xa0,0x8b,0xa0,0x8b,
    0xc0,0x8b,0x20,0x9c,0xa0,0xb4,0x60,0xcd,0x20,0xee,0xe0,0xfe,0x20,0xff,0xe0,0xfe,
    0x80,0xfe,0xa0,0xfe,0xa0,0xfe,0xc0,0xfe,0xa0,0xfe,0x00,0xff,0x40,0xc5,0x00,0x00,
    0x00,0x00,0x00,0x00,0x00,0x00,0x20,0x00,0x00,0x00,0x80,0x39,0x40,0xbd,0x60,0xa4,
    0xe0,0x93,0xa0,0x8b,0xa0,0x8b,0xa0,0x8b,0xa0,0x8b,0xc0,0x8b,0xe0,0x93,0x00,0x9c,
    0x60,0xa4,0xc0,0xb4,0x60,0xcd,0x00,0xe6,0xc0,0xfe,0x20,0xff,0xe0,0xfe,0x80,0xfe,
    0xa0,0xfe,0xa0,0xfe,0xa0,0xfe,0xa0,0xfe,0xa0,0xfe,0xa0,0xfe,0xa0,0xfe,0xa0,0xfe,
    0x00,0xff,0x20,0xff,0x20,0xff,0xef,0xc0,0xfe,0x40,0xee,0x80,0xd5,0xc0,0xb4,0x20,
    0xa4,0x80,0x8b,0x00,0x7b,0x20,0xa4,0xe0,0xfe,0xc0,0xfe,0xa0,0xfe,0xa0,0xfe,0x00,
    0xff,0x20,0xff,0x00,0xff,0x80,0xf6,0xc0,0xdd,0x00,0xc5,0x40,0xa4,0xe0,0x93,0xa0,
    0x8b,0xa0,0x8b,0xa0,0x8b,0xc0,0x8b,0xe0,0x93,0x20,0x9c,0x80,0xac,0x00,0xbd,0xa0,
    0xd5,0x60,0xf6,0xe0,0xfe,0x20,0xff,0xe0,0xfe,0x80,0xfe,0xa0,0xfe,0xa0,0xfe,0xa0,
    0xfe,0xa0,0xfe,0xa0,0xfe,0xa0,0xfe,0xa0,0xfe,0xa0,0xfe,0xa0,0xfe,0xc0,0xfe,0xc0,
    0xfe,0xc0,0xfe,0x40,0xff,0x20,0x94,0x00,0x00,0x00,0x00,0x60,0x10,0xe0,0xed,0xc0,
    0xfe,0xa0,0xfe,0xa0,0xfe,0xa0,0xfe,0xa0,0xfe,0xa0,0xfe,0xa0,0xfe,0x20,0x29,0x00,
    0x00,0x20,0x00,0x20,0x00,0x00,0x00,0x20,0x00,0x00,0x00,0x00,0x73,0x20,0xff,0xe0,
    0xfe,0xe0,0xdd,0x20,0x00,0x00,0x00,0x20,0x00,0xa0,0xdd,0x20,0xff,0x21,0xff,0x61,
    0x52,0x00,0x00,0x20,0x00,0x00,0x00,0x60,0x10,0xa0,0xd5,0x00,0xff,0xa0,0xfe,0xe0,
    0xfe,0x80,0xee,0xa0,0x18,0x00,0x00,0x00,0x00,0xa0,0xb4,0x00,0xff,0x80,0xfe,0xa0,
    0xfe,0xa0,0xfe,0xa0,0xfe,0xa0,0xfe,0xa0,0xfe,0xa0,0xfe,0xa0,0xfe,0xa0,0xfe,0xa0,
    0xfe,0xa0,0xfe,0xa0,0xfe,0xa0,0xfe,0xa0,0xfe,0xa0,0xfe,0xa0,0xfe,0xa0,0xfe,0xa0,
    0xfe,0x80,0xfe,0xa0,0xfe,0x19,0xa0,0xfe,0x83,0xc0,0xfe,0xc0,0xfe,0xa0,0xfe,0x1a,
    0xa0,0xfe,0xd8,0x80,0xfe,0xa0,0xfe,0xa0,0xfe,0xa0,0xfe,0xa0,0xfe,0xa0,0xfe,0x80,
    0xfe,0xa0,0xfe,0xa0,0xfe,0xa0,0xfe,0x80,0xfe,0x80,0xfe,0x80,0xfe,0xa0,0xfe,0xa0,
    0xfe,0xa0,0xfe,0xa0,0xfe,0xa0,0xfe,0xa0,0xfe,0x80,0xfe,0x80,0xfe,0x80,0xfe,0x80,
    0xfe,0xa0,0xfe,0xa0,0xfe,0xa0,0xfe,0xa0,0xfe,0xa0,0xfe,0xa0,0xfe,0xa0,0xfe,0xa0,
    0xfe,0xa0,0xfe,0xa0,0xfe,0xa0,0xfe,0xa0,0xfe,0xa0,0xfe,0xa0,0xfe,0xa0,0xfe,0xa0,
    0xfe,0xa0,0xfe,0xc0,0xfe,0xa0,0xfe,0xe0,0xfe,0xa0,0xd5,0x00,0x00,0x00,0x00,0x00,
    0x00,0x00,0x00,0x20,0x00,0x00,0x00,0xa0,0x39,0xc0,0xfe,0xa0,0xfe,0xa0,0xfe,0xa0,
    0xfe,0xa0,0xfe,0x80,0xfe,0xe0,0xfe,0xc0,0xfe,0xa0,0xd5,0xe0,0x93,0x40,0x5a,0x00,
    0x29,0x40,0x08,0x00,0x00,0x00,0x00,0x00,0x00,0x00,0x00,0x00,0x00,0x00,0x00,0x00,
    0x00,0x00,0x00,0x00,0x00,0x00,0x00,0x00,0x00,0x00,0x00,0x80,0x10,0x80,0x39,0x20,
    0x7b,0x80,0xd5,0x00,0xff,0xa0,0xfe,0xa0,0xfe,0xa0,0xfe,0x80,0xfe,0x00,0xff,0x20,
    0xc5,0x00,0x00,0x13,0x00,0x00,0xff,0x60,0x08,0x60,0x31,0x20,0x7b,0xa0,0xdd,0xe0,
    0xfe,0xa0,0xfe,0xa0,0xfe,0xc0,0xfe,0xc0,0xfe,0xa0,0xfe,0xa0,0xfe,0xe0,0xfe,0xa0,
    0xfe,0x20,0xc5,0xc0,0x93,0x60,0x5a,0x40,0x31,0x80,0x18,0x00,0x00,0x00,0x00,0x00,
    0x00,0x00,0x00,0x00,0x00,0x80,0x41,0x00,0xff,0xc0,0xfe,0xe0,0xfe,0x20,0xff,0x80,
    0xcd,0x60,0x83,0xe0,0x49,0xe0,0x20,0x20,0x08,0x00,0x00,0x00,0x00,0x00,0x00,0x00,
    0x00,0x00,0x00,0x00,0x00,0x00,0x00,0x00,0x00,0x00,0x00,0x00,0x00,0x00,0x00,0x20,
    0x00,0xc0,0x18,0xc0,0x41,0x40,0x83,0x60,0xd5,0xe0,0xfe,0xa0,0xfe,0xa0,0xfe,0xa0,
    0xfe,0xa0,0xfe,0xa0,0xfe,0xa0,0xfe,0xa0,0xfe,0xa0,0xfe,0xa0,0xfe,0xc0,0xfe,0xc0,
    0xfe,0xc0,0xfe,0x40,0xff,0xa0,0x83,0x00,0x00,0x00,0x00,0xc0,0x20,0x20,0xf6,0xa0,
    0xfe,0xa0,0xfe,0xa0,0xfe,0xa0,0xfe,0xa0,0xfe,0xa0,0xfe,0xa0,0xfe,0x20,0x29,0x00,
    0x00,0x00,0x00,0x00,0x00,0x00,0x00,0x00,0x00,0x00,0x00,0xc0,0x6a,0x20,0xff,0x00,
    0xff,0xe0,0xdd,0x00,0x00,0x00,0x00,0x20,0x00,0xa0,0xdd,0x00,0xff,0xe0,0xfe,0xc0,
    0xf6,0x61,0x31,0x00,0x00,0x20,0x00,0x00,0x00,0x00,0x29,0x60,0xee,0xe0,0xfe,0xc0,
    0xfe,0x80,0xee,0xa0,0x18,0x00,0x00,0x00,0x00,0xa0,0xb4,0x00,0xff,0x80,0xfe,0xa0,
    0xfe,0xa0,0xfe,0xa0,0xfe,0xa0,0xfe,0xa0,0xfe,0xa0,0xfe,0xa0,0xfe,0xa0,0xfe,0xa0,
    0xfe,0xa0,0xfe,0xa0,0xfe,0xa0,0xfe,0xa0,0xfe,0xa0,0xfe,0xa0,0xfe,0xa0,0xfe,0xa0,
    0xfe,0x80,0xfe,0xa0,0xfe,0x19,0xa0,0xfe,0x83,0xc0,0xfe,0xc0,0xfe,0xa0,0xfe,0x15,
    0xa0,0xfe,0x9d,0x80,0xfe,0x80,0xfe,0xa0,0xfe,0xa0,0xfe,0xa0,0xfe,0xa0,0xfe,0xa0,
    0xfe,0xa0,0xfe,0xa0,0xfe,0xa0,0xfe,0xa0,0xfe,0xa0,0xfe,0xa0,0xfe,0xa0,0xfe,0x80,
    0xfe,0x80,0xfe,0x80,0xfe,0xa0,0xfe,0xa0,0xfe,0xa0,0xfe,0xa0,0xfe,0xa0,0xfe,0x80,
    0xfe,0x80,0xfe,0xa0,0xfe,0xa0,0xfe,0x80,0xfe,0x80,0xfe,0xa0,0xfe,0x12,0xa0,0xfe,
    0xff,0xe0,0xfe,0xa0,0xd5,0x00,0x00,0x00,0x00,0x00,0x00,0x00,0x00,0x20,0x00,0x00,
    0x00,0xa0,0x39,0xc0,0xfe,0x80,0xfe,0xa0,0xfe,0xa0,0xfe,0x80,0xfe,0xc0,0xfe,0x20,
    0xc5,0xc0,0x49,0x20,0x00,0x00,0x00,0x00,0x00,0x00,0x00,0x00,0x00,0x00,0x00,0x20,
    0x00,0x20,0x00,0x20,0x00,0x20,0x00,0x20,0x00,0x20,0x00,0x20,0x00,0x20,0x00,0x00,
    0x00,0x00,0x00,0x00,0x00,0x00,0x00,0x00,0x00,0x00,0x00,0x00,0x00,0x40,0x83,0xc0,
    0xfe,0x80,0xfe,0xa0,0xfe,0x80,0xfe,0x00,0xff,0x00,0xbd,0x00,0x00,0x00,0x00,0x00,
    0x00,0x00,0x00,0x00,0x00,0x00,0x00,0x00,0x00,0x00,0x00,0x20,0x00,0x20,0x00,0x20,
    0x00,0x20,0x00,0x20,0x00,0x20,0x00,0x20,0x00,0x20,0x00,0x20,0x00,0x00,0x00,0x00,
    0x00,0x00,0x00,0x00,0x00,0x00,0x00,0x00,0x00,0x40,0x10,0xc0,0xb4,0x00,0xff,0xa0,
    0xfe,0xc0,0xfe,0xc0,0xfe,0xa0,0xfe,0xe0,0xfe,0x60,0xcd,0x60,0x31,0x00,0x00,0x00,
    0x00,0x00,0x00,0x00,0x00,0x00,0x00,0x00,0x00,0x20,0x00,0x20,0x00,0x40,0x08,0x20,
    0x00,0xe0,0x51,0x00,0xff,0xe0,0xfe,0x60,0xe6,0x60,0x5a,0x00,0x00,0x00,0x00,0x00,
    0x00,0x00,0x00,0x00,0x00,0x00,0x00,0x20,0x00,0x20,0x00,0x20,0x00,0x20,0x00,0x20,
    0x00,0x20,0x00,0x20,0x00,0x20,0x00,0x00,0x00,0x00,0x00,0x00,0x00,0x00,0x00,0x00,
    0x00,0x00,0x00,0x00,0x00,0x00,0x73,0xc0,0xfe,0xa0,0xfe,0xa0,0xfe,0xa0,0xfe,0xa0,
    0xfe,0xa0,0xfe,0xa0,0xfe,0xa0,0xfe,0xa0,0xfe,0xc0,0xfe,0xc0,0xfe,0xc0,0xfe,0xc0,
    0x40,0xff,0xc0,0x8b,0x00,0x00,0x00,0x00,0xc0,0x18,0x20,0xf6,0xa0,0xfe,0xa0,0xfe,
    0xa0,0xfe,0xa0,0xfe,0xa0,0xfe,0xa0,0xfe,0xc0,0xfe,0x00,0x21,0x00,0x00,0x00,0x00,
    0x00,0x00,0x00,0x00,0x00,0x00,0x00,0x00,0xe0,0x72,0x20,0xff,0x00,0xff,0xe0,0xdd,
    0x00,0x00,0x00,0x00,0x20,0x00,0xa0,0xdd,0x00,0xff,0xa0,0xfe,0xe0,0xfe,0x00,0xde,
    0xa0,0x18,0x00,0x00,0x20,0x00,0x00,0x00,0xc0,0x41,0xc0,0xfe,0xe0,0xfe,0x60,0xee,
    0xa0,0x18,0x00,0x00,0x00,0x00,0xa0,0xb4,0x00,0xff,0x80,0xfe,0xa0,0xfe,0xa0,0xfe,
    0xa0,0xfe,0xa0,0xfe,0xa0,0xfe,0xa0,0xfe,0xa0,0xfe,0xa0,0xfe,0xa0,0xfe,0xa0,0xfe,
    0xa0,0xfe,0xa0,0xfe,0xa0,0xfe,0xa0,0xfe,0xa0,0xfe,0xa0,0xfe,0x80,0xfe,0xa0,0xfe,
    0x1a,0xa0,0xfe,0x83,0xc0,0xfe,0xc0,0xfe,0xa0,0xfe,0x16,0xa0,0xfe,0x9c,0x80,0xfe,
    0x80,0xfe,0xa0,0xfe,0xa0,0xfe,0xa0,0xfe,0xa0,0xfe,0xa0,0xfe,0xa0,0xfe,0xa0,0xfe,
    0xa0,0xfe,0xa0,0xfe,0xa0,0xfe,0xa0,0xfe,0x80,0xfe,0xa0,0xfe,0x80,0xfe,0xa0,0xfe,
    0xa0,0xfe,0xa0,0xfe,0xa0,0xfe,0xa0,0xfe,0xa0,0xfe,0xa0,0xfe,0xa0,0xfe,0xa0,0xfe,
    0x80,0xfe,0x80,0xfe,0xa0,0xfe,0x12,0xa0,0xfe,0x91,0xe0,0xfe,0xa0,0xd5,0x00,0x00,
    0x00,0x00,0x00,0x00,0x00,0x00,0x20,0x00,0x00,0x00,0xa0,0x39,0xc0,0xfe,0x80,0xfe,
    0xa0,0xfe,0xa0,0xfe,0xc0,0xfe,0x20,0xe6,0x40,0x08,0x00,0x00,0x13,0x00,0x00,0x8a,
    0x20,0x00,0x00,0x00,0x00,0x00,0x20,0xa4,0x00,0xff,0x80,0xfe,0x80,0xfe,0x00,0xff,
    0x00,0xbd,0x00,0x00,0x15,0x00,0x00,0x9a,0x20,0x00,0x00,0x00,0xe0,0x20,0xa0,0xf6,
    0xe0,0xfe,0xc0,0xfe,0xc0,0xfe,0xc0,0xfe,0x80,0xf6,0xe0,0x20,0x00,0x00,0x00,0x00,
    0x20,0x00,0x00,0x00,0x00,0x00,0x00,0x00,0x00,0x00,0x00,0x00,0x00,0x00,0x00,0x00,
    0x00,0x00,0x80,0x41,0x00,0xff,0x60,0xff,0xe0,0x6a,0x00,0x00,0x13,0x00,0x00,0xc8,
    0x20,0x00,0x00,0x00,0x00,0x00,0x40,0x9c,0x00,0xff,0x80,0xfe,0xa0,0xfe,0xa0,0xfe,
    0xa0,0xfe,0xa0,0xfe,0xa0,0xfe,0xa0,0xfe,0xc0,0xfe,0xc0,0xfe,0xc0,0xfe,0x40,0xff,
    0x40,0xa4,0x00,0x00,0x00,0x00,0x20,0x08,0xa0,0xdd,0xc0,0xfe,0xa0,0xfe,0xa0,0xfe,
    0xa0,0xfe,0xa0,0xfe,0xa0,0xfe,0xc0,0xfe,0xa0,0xb4,0xe0,0x93,0x00,0x94,0xc0,0x93,
    0x60,0x10,0x00,0x00,0x00,0x00,0x00,0x73,0x20,0xff,0x00,0xff,0xc0,0xd5,0x00,0x00,
    0x00,0x00,0x20,0x00,0xa0,0xdd,0xe0,0xfe,0xc0,0xfe,0xa0,0xfe,0x00,0xff,0x80,0xcd,
    0x60,0x10,0x00,0x00,0x20,0x00,0x00,0x00,0x40,0x5a,0x20,0xff,0x80,0xee,0xa0,0x18,
    0x00,0x00,0x00,0x00,0xa0,0xb4,0x00,0xff,0xa0,0xfe,0xa0,0xfe,0xa0,0xfe,0xa0,0xfe,
    0xa0,0xfe,0xa0,0xfe,0xa0,0xfe,0xa0,0xfe,0xa0,0xfe,0xa0,0xfe,0xc0,0xfe,0xa0,0xfe,
    0x21,0xa0,0xfe,0x83,0xc0,0xfe,0xc0,0xfe,0xa0,0xfe,0x1f,0xa0,0xfe,0x92,0x80,0xfe,
    0xa0,0xfe,0xa0,0xfe,0xa0,0xfe,0xa0,0xfe,0xa0,0xfe,0x80,0xfe,0xa0,0xfe,0xa0,0xfe,
    0x80,0xfe,0x80,0xfe,0xa0,0xfe,0xa0,0xfe,0x80,0xfe,0x80,0xfe,0x80,0xfe,0x80,0xfe,
    0xa0,0xfe,0x13,0xa0,0xfe,0xff,0xe0,0xfe,0xc0,0xd5,0x00,0x00,0x00,0x00,0x00,0x00,
    0x00,0x00,0x20,0x00,0x00,0x00,0xa0,0x39,0xc0,0xfe,0x80,0xfe,0xa0,0xfe,0x80,0xfe,
    0xe0,0xfe,0x80,0xd5,0x00,0x00,0x00,0x00,0x00,0x00,0x00,0x00,0x00,0x00,0x00,0x00,
    0x00,0x00,0x00,0x00,0x80,0x10,0x00,0x21,0x40,0x29,0x40,0x31,0x40,0x31,0x40,0x29,
    0x00,0x21,0xc0,0x18,0x00,0x00,0x00,0x00,0x00,0x00,0x00,0x00,0x00,0x00,0x00,0x00,
    0x20,0x00,0x00,0x00,0xc0,0x41,0xc0,0xfe,0x80,0xfe,0x80,0xfe,0x00,0xff,0x20,0xc5,
    0x00,0x00,0x00,0x00,0x00,0x00,0x00,0x00,0x00,0x00,0x00,0x00,0x00,0x00,0x00,0x00,
    0xe0,0x20,0x20,0x29,0x40,0x29,0x20,0x29,0x20,0x29,0x20,0x29,0x20,0x29,0xe0,0x20,
    0xa0,0x18,0x00,0x00,0x00,0x00,0x00,0x00,0x00,0x00,0x00,0x00,0x00,0x00,0x00,0x00,
    0x20,0x00,0xc0,0xdd,0x20,0xff,0xc0,0xfe,0xa0,0xfe,0x20,0xff,0xe0,0xbc,0x00,0x00,
    0x20,0x00,0x00,0x00,0x00,0x00,0x00,0x00,0x00,0x00,0x00,0x00,0x00,0x00,0x80,0x10,
    0x00,0x29,0x80,0x39,0xc0,0x41,0xa0,0x8b,0x00,0xff,0x60,0xff,0x80,0x5a,0x00,0x00,
    0x00,0x00,0x00,0x00,0x00,0x00,0x00,0x00,0x00,0x00,0x00,0x00,0x60,0x10,0xc0,0x18,
    0xe0,0x20,0x00,0x29,0x00,0x29,0x00,0x29,0xe0,0x20,0xa0,0x18,0x40,0x08,0x00,0x00,
    0x00,0x00,0x00,0x00,0x00,0x00,0x00,0x00,0x20,0x00,0x00,0x00,0x60,0x5a,0x00,0xff,
    0x80,0xfe,0xa0,0xfe,0xa0,0xfe,0xa0,0xfe,0xa0,0xfe,0xa0,0xfe,0xa0,0xfe,0xc0,0xfe,
    0xc0,0xfe,0xc0,0xfe,0xb9,0x20,0xff,0x80,0xcd,0x00,0x00,0x00,0x00,0x00,0x00,0x40,
    0xa4,0x00,0xff,0xa0,0xfe,0xc0,0xfe,0xa0,0xfe,0xa0,0xfe,0xa0,0xfe,0xa0,0xfe,0xe0,
    0xfe,0x00,0xff,0x00,0xff,0x00,0xff,0xe0,0x20,0x00,0x00,0x00,0x00,0x00,0x73,0x20,
    0xff,0x00,0xff,0xc0,0xd5,0x00,0x00,0x00,0x00,0x20,0x00,0x80,0xdd,0xe0,0xfe,0xa0,
    0xfe,0xc0,0xfe,0xa0,0xfe,0x20,0xff,0x00,0xc5,0x20,0x00,0x00,0x00,0x20,0x00,0x00,
    0x00,0x00,0x73,0x00,0xff,0xa0,0x18,0x00,0x00,0x00,0x00,0xa0,0xb4,0x20,0xff,0xa0,
    0xfe,0xa0,0xfe,0xa0,0xfe,0xa0,0xfe,0xa0,0xfe,0xa0,0xfe,0xa0,0xfe,0xa0,0xfe,0xa0,
    0xfe,0xa0,0xfe,0xc0,0xfe,0xa0,0xfe,0x21,0xa0,0xfe,0x83,0xc0,0xfe,0xc0,0xfe,0xa0,
    0xfe,0x20,0xa0,0xfe,0x92,0x80,0xfe,0xa0,0xfe,0x80,0xfe,0x80,0xfe,0xa0,0xfe,0xa0,
    0xfe,0xa0,0xfe,0xa0,0xfe,0x80,0xfe,0x80,0xfe,0xa0,0xfe,0xa0,0xfe,0x80,0xfe,0x80,
    0xfe,0x80,0xfe,0x80,0xfe,0x80,0xfe,0xa0,0xfe,0x12,0xa0,0xfe,0xff,0xe0,0xfe,0xa0,
    0xd5,0x00,0x00,0x00,0x00,0x00,0x00,0x00,0x00,0x20,0x00,0x00,0x00,0xa0,0x39,0xa0,
    0xfe,0x80,0xfe,0xa0,0xfe,0x80,0xfe,0xe0,0xfe,0xa0,0xd5,0x20,0x00,0x00,0x00,0x00,
    0x00,0x00,0x00,0x20,0x00,0x00,0x00,0xc0,0x41,0xa0,0xcd,0x40,0xee,0xa0,0xf6,0xc0,
    0xfe,0xe0,0xfe,0xe0,0xfe,0xe0,0xfe,0xe0,0xfe,0x80,0xee,0x20,0xd6,0x40,0x52,0x00,
    0x00,0x00,0x00,0x00,0x00,0x00,0x00,0x00,0x00,0x00,0x00,0x40,0x29,0x80,0xfe,0xa0,
    0xfe,0x80,0xfe,0x00,0xff,0x20,0xc5,0x00,0x00,0x00,0x00,0x00,0x00,0x00,0x00,0x00,
    0x00,0x00,0x00,0xc0,0x18,0x80,0xc5,0xc0,0xf6,0xc0,0xfe,0xc0,0xfe,0xc0,0xfe,0xc0,
    0xfe,0xc0,0xfe,0xc0,0xfe,0xa0,0xf6,0x80,0xee,0xe0,0xd5,0x20,0x29,0x00,0x00,0x00,
    0x00,0x00,0x00,0x00,0x00,0x00,0x00,0x00,0x00,0x60,0xcd,0x20,0xff,0xc0,0xfe,0xc0,
    0xfe,0x40,0xff,0x60,0xac,0x00,0x00,0x00,0x00,0x00,0x00,0x00,0x00,0x00,0x00,0x00,
    0x00,0x80,0x39,0x40,0xc5,0x60,0xee,0xc0,0xfe,0xe0,0xfe,0x00,0xff,0x00,0xff,0xc0,
    0xfe,0x60,0xff,0x80,0x5a,0x00,0x00,0x20,0x00,0x00,0x00,0x00,0x00,0x00,0x00,0x60,
    0x10,0xc0,0xac,0x60,0xee,0x80,0xf6,0xa0,0xf6,0xa0,0xfe,0xa0,0xfe,0xa0,0xfe,0xa0,
    0xf6,0x60,0xee,0x20,0xe6,0x40,0xa4,0x20,0x00,0x00,0x00,0x00,0x00,0x00,0x00,0x00,
    0x00,0x00,0x00,0x40,0x52,0x00,0xff,0xa0,0xfe,0xa0,0xfe,0xa0,0xfe,0xa0,0xfe,0xa0,
    0xfe,0xa0,0xfe,0xa0,0xfe,0xc0,0xfe,0xc0,0xfe,0xc0,0xfe,0xae,0xe0,0xfe,0xa0,0xf6,
    0xe0,0x20,0x00,0x00,0x00,0x00,0xc0,0x41,0x00,0xff,0xa0,0xfe,0xc0,0xfe,0xa0,0xfe,
    0xa0,0xfe,0xa0,0xfe,0xa0,0xfe,0x80,0xfe,0x80,0xfe,0xa0,0xfe,0x80,0xf6,0xe0,0x20,
    0x00,0x00,0x00,0x00,0x20,0x73,0x40,0xff,0x00,0xff,0xc0,0xd5,0x00,0x00,0x00,0x00,
    0x20,0x00,0xa0,0xdd,0xc0,0xfe,0xa0,0xfe,0xa0,0xfe,0xc0,0xfe,0xa0,0xfe,0x20,0xff,
    0x60,0xac,0x00,0x00,0x00,0x00,0x20,0x00,0x00,0x00,0x40,0x7b,0xc0,0x20,0x00,0x00,
    0x00,0x00,0xa0,0xb4,0x20,0xff,0xa0,0xfe,0x28,0xa0,0xfe,0x87,0xc0,0xfe,0xa0,0xfe,
    0xa0,0xfe,0xc0,0xfe,0xc0,0xfe,0xc0,0xfe,0xa0,0xfe,0x1f,0xa0,0xfe,0x92,0x80,0xfe,
    0xa0,0xfe,0x80,0xfe,0xa0,0xfe,0xa0,0xfe,0xa0,0xfe,0xa0,0xfe,0xa0,0xfe,0xa0,0xfe,
    0x80,0xfe,0xa0,0xfe,0xa0,0xfe,0xa0,0xfe,0xa0,0xfe,0xa0,0xfe,0x80,0xfe,0x80,0xfe,
    0xa0,0xfe,0x13,0xa0,0xfe,0xff,0xe0,0xfe,0xa0,0xd5,0x00,0x00,0x00,0x00,0x00,0x00,
    0x00,0x00,0x20,0x00,0x00,0x00,0xa0,0x39,0xc0,0xfe,0xa0,0xfe,0xa0,0xfe,0x80,0xfe,
    0xe0,0xfe,0xa0,0xd5,0x00,0x00,0x00,0x00,0x00,0x00,0x00,0x00,0x00,0x00,0x00,0x00,
    0xe0,0xb4,0x80,0xff,0xe0,0xfe,0xe0,0xfe,0xc0,0xfe,0xe0,0xfe,0xe0,0xfe,0xe0,0xfe,
    0xe0,0xfe,0xe0,0xfe,0xa0,0xff,0xe0,0xb4,0x00,0x00,0x00,0x00,0x00,0x00,0x00,0x00,
    0x00,0x00,0x00,0x00,0x20,0x29,0x80,0xfe,0xa0,0xfe,0xa0,0xfe,0x00,0xff,0x00,0xc5,
    0x00,0x00,0x00,0x00,0x00,0x00,0x00,0x00,0x20,0x00,0x00,0x00,0x20,0x52,0x80,0xff,
    0xe0,0xfe,0xc0,0xfe,0xc0,0xfe,0xc0,0xfe,0xc0,0xfe,0xc0,0xfe,0xc0,0xfe,0xe0,0xfe,
    0xe0,0xfe,0x60,0xff,0x00,0x4a,0x00,0x00,0x00,0x00,0x00,0x00,0x00,0x00,0x00,0x00,
    0x00,0x00,0x60,0xcd,0x20,0xff,0xc0,0xfe,0xc0,0xfe,0x40,0xff,0x60,0xac,0x00,0x00,
    0x00,0x00,0x00,0x00,0x00,0x00,0x20,0x00,0x00,0x00,0x40,0xa4,0x80,0xff,0xe0,0xfe,
    0xe0,0xfe,0xc0,0xfe,0xc0,0xfe,0xc0,0xfe,0xc0,0xfe,0x40,0xff,0x40,0x52,0x00,0x00,
    0x00,0x00,0x00,0x00,0x00,0x00,0x00,0x00,0xa0,0x62,0xc0,0xff,0x00,0xff,0x00,0xff,
    0xe0,0xfe,0xe0,0xfe,0xc0,0xfe,0xc0,0xfe,0xe0,0xfe,0xe0,0xfe,0x20,0xff,0xe0,0xfe,
    0xa0,0x18,0x00,0x00,0x00,0x00,0x00,0x00,0x00,0x00,0x00,0x00,0x40,0x5a,0x00,0xff,
    0xa0,0xfe,0xa0,0xfe,0xa0,0xfe,0xa0,0xfe,0xa0,0xfe,0xa0,0xfe,0xa0,0xfe,0xc0,0xfe,
    0xc0,0xfe,0xc0,0xfe,0xae,0xc0,0xfe,0x60,0xff,0x41,0x7b,0x00,0x00,0x20,0x00,0x00,
    0x00,0x60,0xac,0x40,0xff,0x80,0xf6,0xa0,0xfe,0xa0,0xfe,0xa0,0xfe,0xa0,0xfe,0xa0,
    0xfe,0xa0,0xfe,0xc0,0xfe,0xa0,0xfe,0x00,0x29,0x00,0x00,0x00,0x00,0x20,0x73,0x40,
    0xff,0x00,0xff,0xc0,0xd5,0x00,0x00,0x00,0x00,0x40,0x08,0xa0,0xdd,0xc0,0xfe,0xa0,
    0xfe,0xa0,0xfe,0xc0,0xfe,0xc0,0xfe,0xa0,0xfe,0x40,0xff,0xa0,0x8b,0x00,0x00,0x00,
    0x00,0x00,0x00,0x00,0x00,0x00,0x00,0x00,0x00,0x00,0x00,0xa0,0xb4,0x20,0xff,0xa0,
    0xfe,0x2a,0xa0,0xfe,0x85,0xc0,0xfe,0xc0,0xfe,0xc0,0xfe,0xc0,0xfe,0xa0,0xfe,0x21,
    0xa0,0xfe,0x90,0x80,0xfe,0xa0,0xfe,0xa0,0xfe,0xa0,0xfe,0xa0,0xfe,0xa0,0xfe,0xa0,
    0xfe,0xa0,0xfe,0xa0,0xfe,0xa0,0xfe,0xa0,0xfe,0xa0,0xfe,0xa0,0xfe,0xa0,0xfe,0x80,
    0xfe,0xa0,0xfe,0x13,0xa0,0xfe,0xff,0xe0,0xfe,0xa0,0xd5,0x00,0x00,0x00,0x00,0x00,
    0x00,0x00,0x00,0x20,0x00,0x00,0x00,0xa0,0x39,0xc0,0xfe,0xa0,0xfe,0xa0,0xfe,0xa0,
    0xfe,0xc0,0xfe,0x40,0xee,0xa0,0x62,0x80,0x5a,0xe0,0x72,0x60,0x83,0xe0,0x93,0x60,
    0xac,0x60,0xf6,0xc0,0xfe,0xc0,0xfe,0xc0,0xfe,0xc0,0xfe,0xc0,0xfe,0xe0,0xfe,0xe0,
    0xfe,0xe0,0xfe,0xc0,0xfe,0x40,0xff,0xa0,0xac,0x00,0x00,0x00,0x00,0x00,0x00,0x00,
    0x00,0x20,0x00,0x00,0x00,0x20,0x29,0x80,0xfe,0xa0,0xfe,0xa0,0xfe,0x00,0xff,0x00,
    0xc5,0x00,0x00,0x00,0x00,0x00,0x00,0x00,0x00,0x20,0x00,0x00,0x00,0xc0,0x49,0xe0,
    0xfe,0xc0,0xfe,0xc0,0xfe,0xc0,0xfe,0xa0,0xfe,0xa0,0xfe,0xc0,0xfe,0xc0,0xfe,0xc0,
    0xfe,0xc0,0xfe,0x00,0xff,0xe0,0x49,0x00,0x00,0x00,0x00,0x00,0x00,0x00,0x00,0x00,
    0x00,0x00,0x00,0x60,0xcd,0x20,0xff,0xc0,0xfe,0xc0,0xfe,0x40,0xff,0x40,0xa4,0x00,
    0x00,0x00,0x00,0x00,0x00,0x00,0x00,0x20,0x00,0x00,0x00,0x20,0x9c,0x00,0xff,0xa0,
    0xfe,0xc0,0xfe,0xc0,0xfe,0xc0,0xfe,0xc0,0xfe,0xc0,0xfe,0x20,0xff,0xa0,0x8b,0xc0,
    0x41,0xa0,0x6a,0x00,0x7b,0x80,0x8b,0xe0,0x9b,0xe0,0xdd,0x00,0xff,0xc0,0xfe,0xc0,
    0xfe,0xc0,0xfe,0xc0,0xfe,0xc0,0xfe,0xc0,0xfe,0xc0,0xfe,0xc0,0xfe,0xe0,0xfe,0x60,
    0xee,0x80,0x10,0x00,0x00,0x00,0x00,0x00,0x00,0x00,0x00,0x00,0x00,0x40,0x5a,0x00,
    0xff,0xa0,0xfe,0xa0,0xfe,0xa0,0xfe,0xa0,0xfe,0xa0,0xfe,0xa0,0xfe,0xa0,0xfe,0xc0,
    0xfe,0xc0,0xfe,0xc0,0xfe,0xc0,0xc0,0xfe,0x00,0xff,0x20,0xe6,0x60,0x08,0x00,0x00,
    0x20,0x00,0x60,0x10,0x20,0xc5,0x40,0xff,0xc0,0xfe,0xa0,0xfe,0xa0,0xfe,0xa0,0xfe,
    0xa0,0xfe,0xa0,0xfe,0xc0,0xfe,0xc0,0xfe,0x00,0x29,0x00,0x00,0x00,0x00,0x20,0x73,
    0x40,0xff,0x00,0xff,0xc0,0xd5,0x00,0x00,0x00,0x00,0x40,0x08,0xa0,0xdd,0xc0,0xfe,
    0xa0,0xfe,0xa0,0xfe,0xa0,0xfe,0xc0,0xfe,0xc0,0xfe,0xc0,0xfe,0x20,0xff,0xc0,0x6a,
    0x00,0x00,0x20,0x00,0x00,0x00,0x00,0x00,0x00,0x00,0x00,0x00,0xa0,0xb4,0x20,0xff,
    0xa0,0xfe,0xa0,0xfe,0xa0,0xfe,0xa0,0xfe,0xa0,0xfe,0xa0,0xfe,0xa0,0xfe,0xa0,0xfe,
    0xa0,0xfe,0xa0,0xfe,0xa0,0xfe,0xa0,0xfe,0xa0,0xfe,0xa0,0xfe,0xa0,0xfe,0xa0,0xfe,
    0xa0,0xfe,0x80,0xfe,0xa0,0xfe,0x12,0xa0,0xfe,0x8c,0x80,0xfe,0xa0,0xfe,0xa0,0xfe,
    0xa0,0xfe,0xc0,0xfe,0xa0,0xfe,0xa0,0xfe,0xc0,0xfe,0xc0,0xfe,0xc0,0xfe,0x80,0xfe,
    0xa0,0xfe,0x2d,0xa0,0xfe,0x84,0x80,0xfe,0x80,0xfe,0x80,0xfe,0xa0,0xfe,0x12,0xa0,
    0xfe,0xff,0xe0,0xfe,0xa0,0xd5,0x00,0x00,0x00,0x00,0x00,0x00,0x00,0x00,0x20,0x00,
    0x00,0x00,0xa0,0x39,0xc0,0xfe,0x80,0xfe,0xa0,0xfe,0xa0,0xfe,0xa0,0xfe,0xc0,0xfe,
    0x00,0xff,0x00,0xff,0x00,0xff,0x00,0xff,0xe0,0xfe,0xe0,0xfe,0xa0,0xfe,0xa0,0xfe,
    0xa0,0xfe,0xc0,0xfe,0xa0,0xfe,0xc0,0xfe,0xc0,0xfe,0xc0,0xfe,0xc0,0xfe,0xa0,0xf6,
    0x40,0xff,0xa0,0xac,0x00,0x00,0x00,0x00,0x00,0x00,0x00,0x00,0x20,0x00,0x00,0x00,
    0x20,0x29,0x80,0xfe,0xa0,0xfe,0xa0,0xfe,0x20,0xff,0x00,0xc5,0x00,0x00,0x00,0x00,
    0x00,0x00,0x00,0x00,0x20,0x00,0x00,0x00,0xc0,0x49,0xe0,0xfe,0xc0,0xfe,0xc0,0xfe,
    0xa0,0xfe,0xa0,0xfe,0xa0,0xfe,0xc0,0xfe,0xc0,0xfe,0xc0,0xfe,0xa0,0xfe,0x20,0xff,
    0xe0,0x49,0x00,0x00,0x00,0x00,0x00,0x00,0x00,0x00,0x00,0x00,0x00,0x00,0x60,0xcd,
    0x20,0xff,0xc0,0xfe,0xc0,0xfe,0x40,0xff,0x20,0xa4,0x00,0x00,0x00,0x00,0x00,0x00,
    0x00,0x00,0x20,0x00,0x00,0x00,0x40,0xa4,0x20,0xff,0xa0,0xfe,0xc0,0xfe,0xc0,0xfe,
    0xc0,0xfe,0xc0,0xfe,0xc0,0xfe,0xc0,0xfe,0xe0,0xfe,0x00,0xff,0x20,0xff,0x20,0xff,
    0x20,0xff,0x20,0xff,0xc0,0xfe,0xa0,0xfe,0xc0,0xfe,0xc0,0xfe,0xa0,0xfe,0xa0,0xfe,
    0xa0,0xfe,0xa0,0xfe,0xc0,0xfe,0xa0,0xfe,0xe0,0xfe,0x60,0xee,0xa0,0x10,0x00,0x00,
    0x00,0x00,0x00,0x00,0x00,0x00,0x00,0x00,0x40,0x5a,0x00,0xff,0xa0,0xfe,0xa0,0xfe,
    0xa0,0xfe,0xa0,0xfe,0xa0,0xfe,0xa0,0xfe,0xa0,0xfe,0xa0,0xfe,0xc0,0xfe,0xc0,0xfe,
    0xc0,0xc0,0xfe,0xc0,0xfe,0x40,0xff,0x40,0xa4,0x00,0x00,0x20,0x00,0x00,0x00,0x40,
    0x08,0x80,0x83,0x00,0xe6,0xc0,0xfe,0x00,0xff,0x00,0xff,0x20,0xff,0x20,0xff,0x40,
    0xff,0x60,0xff,0x40,0x29,0x00,0x00,0x00,0x00,0x20,0x73,0x20,0xff,0x00,0xff,0xa0,
    0xd5,0x00,0x00,0x00,0x00,0x40,0x08,0xa0,0xdd,0xc0,0xfe,0xa0,0xfe,0xa0,0xfe,0xa0,
    0xfe,0xa0,0xfe,0xc0,0xfe,0xc0,0xfe,0xc0,0xfe,0xe0,0xfe,0x00,0x52,0x00,0x00,0x00,
    0x00,0x00,0x00,0x00,0x00,0x00,0x00,0xc0,0xb4,0x00,0xff,0xa0,0xfe,0xa0,0xfe,0xa0,
    0xfe,0xa0,0xfe,0xa0,0xfe,0xa0,0xfe,0xa0,0xfe,0xa0,0xfe,0xa0,0xfe,0xa0,0xfe,0xa0,
    0xfe,0xa0,0xfe,0xa0,0xfe,0xa0,0xfe,0xa0,0xfe,0xa0,0xfe,0xa0,0xfe,0x80,0xfe,0xa0,
    0xfe,0x17,0xa0,0xfe,0x87,0xc0,0xfe,0xc0,0xfe,0xc0,0xfe,0xc0,0xfe,0xc0,0xfe,0x80,
    0xfe,0xa0,0xfe,0x21,0xa0,0xfe,0xff,0x80,0xfe,0xa0,0xfe,0xa0,0xfe,0xa0,0xfe,0xa0,
    0xfe,0xa0,0xfe,0x80,0xfe,0xa0,0xfe,0xa0,0xfe,0xa0,0xfe,0xa0,0xfe,0xa0,0xfe,0x80,
    0xfe,0x80,0xfe,0x80,0xfe,0xa0,0xfe,0xa0,0xfe,0xa0,0xfe,0x80,0xfe,0x80,0xfe,0x80,
    0xfe,0x80,0xfe,0xa0,0xfe,0xa0,0xfe,0xa0,0xfe,0xa0,0xfe,0xa0,0xfe,0xa0,0xfe,0xa0,
    0xfe,0xa0,0xfe,0xa0,0xfe,0xa0,0xfe,0xa0,0xfe,0xa0,0xfe,0xe0,0xfe,0xa0,0xd5,0x00,
    0x00,0x00,0x00,0x00,0x00,0x00,0x00,0x20,0x00,0x00,0x00,0xa0,0x39,0xa0,0xfe,0x80,
    0xfe,0xa0,0xfe,0xa0,0xfe,0xa0,0xfe,0xa0,0xfe,0x80,0xfe,0x60,0xf6,0x60,0xf6,0xa0,
    0xfe,0xe0,0xfe,0x00,0xff,0x20,0xff,0x20,0xff,0x20,0xff,0x00,0xff,0x00,0xff,0x00,
    0xff,0x20,0xff,0x20,0xff,0x40,0xff,0x20,0xff,0xc0,0xff,0x20,0xbd,0x00,0x00,0x00,
    0x00,0x00,0x00,0x00,0x00,0x20,0x00,0x00,0x00,0x20,0x29,0x80,0xfe,0xa0,0xfe,0xa0,
    0xfe,0x20,0xff,0x20,0xbd,0x00,0x00,0x00,0x00,0x00,0x00,0x00,0x00,0x20,0x00,0x00,
    0x00,0xc0,0x41,0xe0,0xfe,0xa0,0xfe,0xa0,0xfe,0xa0,0xfe,0xa0,0xfe,0xa0,0xfe,0xa0,
    0xfe,0xa0,0xfe,0xc0,0xfe,0xa0,0xfe,0x00,0xff,0xe0,0x49,0x00,0x00,0x00,0x00,0x00,
    0x00,0x00,0x00,0x00,0x00,0x00,0x00,0x60,0xcd,0x00,0xff,0xc0,0xfe,0xa0,0xfe,0x20,
    0xff,0x20,0xa4,0x00,0x00,0x00,0x00,0x00,0x00,0x00,0x00,0x20,0x00,0x00,0x00,0x40,
    0xa4,0x00,0xff,0xa0,0xfe,0xc0,0xfe,0xc0,0xfe,0xc0,0xfe,0xc0,0xfe,0xa0,0xfe,0xa0,
    0xfe,0xc0,0xfe,0xa0,0xfe,0xd0,0x80,0xf6,0xc0,0xfe,0xe0,0xfe,0x00,0xff,0x20,0xff,
    0x40,0xff,0x20,0xff,0x20,0xff,0x00,0xff,0x00,0xff,0x00,0xff,0x00,0xff,0x20,0xff,
    0x20,0xff,0x60,0xff,0x20,0xff,0xa0,0x18,0x00,0x00,0x00,0x00,0x00,0x00,0x00,0x00,
    0x00,0x00,0x40,0x5a,0x00,0xff,0xa0,0xfe,0xa0,0xfe,0xa0,0xfe,0xa0,0xfe,0xa0,0xfe,
    0xa0,0xfe,0xa0,0xfe,0xa0,0xfe,0xa0,0xfe,0xa0,0xfe,0xc0,0xfe,0xc0,0xfe,0xc0,0xfe,
    0x40,0xff,0xa1,0x83,0x00,0x00,0x20,0x00,0x20,0x00,0x00,0x00,0x40,0x10,0x40,0x31,
    0xc0,0x41,0xc0,0x41,0xc0,0x41,0xe0,0x41,0x00,0x42,0xe0,0x41,0x40,0x08,0x00,0x00,
    0x00,0x00,0x00,0x73,0x20,0xff,0x00,0xff,0xa0,0xd5,0x00,0x00,0x00,0x00,0x40,0x08,
    0xa0,0xdd,0xc0,0xfe,0xa0,0xfe,0xa0,0xfe,0xa0,0xfe,0xa0,0xfe,0xa0,0xfe,0xc0,0xfe,
    0xc0,0xfe,0xe0,0xfe,0x80,0xf6,0x60,0x31,0x00,0x00,0x00,0x00,0x00,0x00,0x00,0x00,
    0xc0,0xb4,0x00,0xff,0xa0,0xfe,0x25,0xa0,0xfe,0x8a,0x80,0xfe,0xa0,0xfe,0xa0,0xfe,
    0xa0,0xfe,0xc0,0xfe,0xc0,0xfe,0xc0,0xfe,0xc0,0xfe,0xc0,0xfe,0xa0,0xfe,0x22,0xa0,
    0xfe,0xff,0x80,0xfe,0xa0,0xfe,0xa0,0xfe,0xa0,0xfe,0xa0,0xfe,0xa0,0xfe,0xa0,0xfe,
    0xa0,0xfe,0xa0,0xfe,0xa0,0xfe,0xa0,0xfe,0xa0,0xfe,0xa0,0xfe,0xa0,0xfe,0x80,0xfe,
    0xa0,0xfe,0xa0,0xfe,0x80,0xfe,0x80,0xfe,0x80,0xfe,0xa0,0xfe,0xa0,0xfe,0xa0,0xfe,
    0xa0,0xfe,0xa0,0xfe,0xa0,0xfe,0xa0,0xfe,0xa0,0xfe,0xa0,0xfe,0xa0,0xfe,0xa0,0xfe,
    0xa0,0xfe,0xa0,0xfe,0xa0,0xfe,0xe0,0xfe,0xa0,0xd5,0x00,0x00,0x00,0x00,0x00,0x00,
    0x00,0x00,0x20,0x00,0x00,0x00,0xa0,0x41,0xa0,0xfe,0x80,0xfe,0xa0,0xfe,0xa0,0xfe,
    0xa0,0xfe,0xa0,0xfe,0x80,0xfe,0x00,0xff,0x00,0xff,0x20,0xe6,0x00,0xc5,0x20,0x9c,
    0x60,0x83,0xe0,0x72,0x80,0x5a,0x20,0x52,0x00,0x52,0x00,0x52,0x20,0x52,0x40,0x52,
    0x80,0x5a,0xa0,0x62,0x40,0x73,0x40,0x52,0x00,0x00,0x00,0x00,0x00,0x00,0x00,0x00,
    0x20,0x00,0x00,0x00,0x20,0x29,0x80,0xfe,0xa0,0xfe,0xa0,0xfe,0x20,0xff,0x20,0xbd,
    0x00,0x00,0x00,0x00,0x00,0x00,0x00,0x00,0x20,0x00,0x00,0x00,0xc0,0x41,0xe0,0xfe,
    0xa0,0xfe,0xa0,0xfe,0xa0,0xfe,0xa0,0xfe,0xa0,0xfe,0xa0,0xfe,0xa0,0xfe,0xa0,0xfe,
    0xa0,0xfe,0x00,0xff,0xe0,0x49,0x00,0x00,0x00,0x00,0x00,0x00,0x00,0x00,0x00,0x00,
    0x00,0x00,0x80,0xcd,0x00,0xff,0xc0,0xfe,0xa0,0xfe,0x20,0xff,0x20,0x9c,0x00,0x00,
    0x00,0x00,0x00,0x00,0x00,0x00,0x20,0x00,0x00,0x00,0x40,0xa4,0x00,0xff,0xa0,0xfe,
    0xc0,0xfe,0xc0,0xfe,0xc0,0xfe,0xc0,0xfe,0xa0,0xfe,0xa0,0xfe,0xa0,0xfe,0x00,0xff,
    0xe0,0x40,0xff,0x80,0xf6,0x60,0xcd,0x60,0xac,0xc0,0x93,0x00,0x73,0xc0,0x6a,0x80,
    0x62,0x60,0x5a,0x60,0x5a,0x60,0x5a,0x40,0x5a,0x60,0x5a,0x80,0x62,0x00,0x6b,0xe0,
    0x6a,0x40,0x08,0x00,0x00,0x00,0x00,0x00,0x00,0x20,0x00,0x00,0x00,0x40,0x5a,0x00,
    0xff,0xa0,0xfe,0xa0,0xfe,0xa0,0xfe,0xa0,0xfe,0xa0,0xfe,0xa0,0xfe,0xa0,0xfe,0xa0,
    0xfe,0xa0,0xfe,0xa0,0xfe,0xc0,0xfe,0xc0,0xfe,0xc0,0xfe,0xc0,0xfe,0x60,0xff,0x61,
    0x9c,0x80,0x10,0x00,0x00,0x00,0x00,0x00,0x00,0x00,0x00,0x00,0x00,0x00,0x00,0x00,
    0x00,0x00,0x00,0x00,0x00,0x00,0x00,0x00,0x00,0x20,0x00,0x00,0x00,0x00,0x73,0x20,
    0xff,0x00,0xff,0xc0,0xd5,0x20,0x00,0x00,0x00,0x40,0x08,0xa0,0xdd,0xc0,0xfe,0xa0,
    0xfe,0xa0,0xfe,0xa0,0xfe,0xa0,0xfe,0xa0,0xfe,0xc0,0xfe,0xc0,0xfe,0xa0,0xfe,0xe0,
    0xfe,0x40,0xe6,0xe0,0x20,0x00,0x00,0x20,0x00,0x00,0x00,0xa0,0xb4,0x00,0xff,0xa0,
    0xfe,0xa0,0xfe,0xa0,0xfe,0xa0,0xfe,0xa0,0xfe,0xa0,0xfe,0xa0,0xfe,0xa0,0xfe,0xa0,
    0xfe,0xa0,0xfe,0xa0,0xfe,0xa0,0xfe,0xa0,0xfe,0xa0,0xfe,0xa0,0xfe,0x80,0xfe,0xa0,
    0xfe,0x18,0xa0,0xfe,0x87,0xc0,0xfe,0xc0,0xfe,0xc0,0xfe,0xc0,0xfe,0xc0,0xfe,0xc0,
    0xfe,0xa0,0xfe,0x22,0xa0,0xfe,0x82,0x80,0xfe,0xa0,0xfe,0x12,0xa0,0xfe,0xa2,0x80,
    0xfe,0xa0,0xfe,0xa0,0xfe,0xa0,0xfe,0xa0,0xfe,0xa0,0xfe,0xa0,0xfe,0xa0,0xfe,0xa0,
    0xfe,0xa0,0xfe,0xa0,0xfe,0xa0,0xfe,0xa0,0xfe,0xa0,0xfe,0xe0,0xfe,0xa0,0xd5,0x00,
    0x00,0x00,0x00,0x00,0x00,0x00,0x00,0x20,0x00,0x00,0x00,0xa0,0x41,0xa0,0xfe,0x80,
    0xfe,0xa0,0xfe,0xa0,0xfe,0xa0,0xfe,0xa0,0xfe,0xe0,0xfe,0x80,0xa4,0xe0,0x49,0x60,
    0x10,0x00,0x00,0x11,0x00,0x00,0xbb,0x20,0x00,0x00,0x00,0x20,0x29,0x80,0xfe,0xa0,
    0xfe,0xa0,0xfe,0x00,0xff,0x20,0xbd,0x00,0x00,0x00,0x00,0x00,0x00,0x00,0x00,0x20,
    0x00,0x00,0x00,0xc0,0x41,0xc0,0xfe,0xa0,0xfe,0xa0,0xfe,0xa0,0xfe,0xa0,0xfe,0xa0,
    0xfe,0xa0,0xfe,0xa0,0xfe,0xa0,0xfe,0xa0,0xfe,0x00,0xff,0xe0,0x49,0x00,0x00,0x00,
    0x00,0x00,0x00,0x00,0x00,0x00,0x00,0x00,0x00,0x80,0xcd,0x00,0xff,0xc0,0xfe,0xa0,
    0xfe,0x20,0xff,0x20,0x9c,0x00,0x00,0x00,0x00,0x00,0x00,0x00,0x00,0x20,0x00,0x00,
    0x00,0x40,0xa4,0x00,0xff,0x80,0xfe,0xa0,0xfe,0xc0,0xfe,0xa0,0xfe,0xa0,0xfe,0xa0,
    0xfe,0xa0,0xfe,0x00,0xff,0x80,0xcd,0x80,0x5a,0xc0,0x20,0x00,0x00,0x13,0x00,0x00,
    0xcc,0x40,0x5a,0x00,0xff,0xa0,0xfe,0xa0,0xfe,0xa0,0xfe,0xa0,0xfe,0xa0,0xfe,0xa0,
    0xfe,0xa0,0xfe,0xa0,0xfe,0xa0,0xfe,0xa0,0xfe,0xa0,0xfe,0xc0,0xfe,0xc0,0xfe,0xc0,
    0xfe,0xc0,0xfe,0x60,0xff,0x21,0xde,0x01,0x6b,0xa0,0x18,0x00,0x00,0x00,0x00,0x00,
    0x00,0x00,0x00,0x00,0x00,0x00,0x00,0x00,0x00,0x00,0x00,0x00,0x00,0x00,0x00,0x00,
    0x00,0xc0,0x6a,0x40,0xff,0x00,0xff,0xc0,0xd5,0x00,0x00,0x00,0x00,0x00,0x00,0xa0,
    0xdd,0xe0,0xfe,0xa0,0xfe,0xa0,0xfe,0xa0,0xfe,0xa0,0xfe,0xa0,0xfe,0xa0,0xfe,0xc0,
    0xfe,0xc0,0xfe,0xa0,0xfe,0x00,0xff,0xa0,0xd5,0x80,0x10,0x00,0x00,0x00,0x00,0xa0,
    0xb4,0x00,0xff,0xa0,0xfe,0xa0,0xfe,0xa0,0xfe,0xa0,0xfe,0xa0,0xfe,0xa0,0xfe,0xa0,
    0xfe,0xa0,0xfe,0xa0,0xfe,0xa0,0xfe,0xa0,0xfe,0xa0,0xfe,0xa0,0xfe,0xa0,0xfe,0xa0,
    0xfe,0xa0,0xfe,0xa0,0xfe,0x80,0xfe,0xa0,0xfe,0x11,0xa0,0xfe,0x8c,0x80,0xfe,0xa0,
    0xfe,0xa0,0xfe,0xa0,0xfe,0xa0,0xfe,0xa0,0xfe,0xc0,0xfe,0xc0,0xfe,0xc0,0xfe,0xc0,
    0xfe,0xc0,0xfe,0xa0,0xfe,0x44,0xa0,0xfe,0xff,0xe0,0xfe,0xa0,0xd5,0x00,0x00,0x00,
    0x00,0x00,0x00,0x00,0x00,0x20,0x00,0x00,0x00,0xa0,0x41,0xc0,0xfe,0x80,0xfe,0xa0,
    0xfe,0xa0,0xfe,0xa0,0xfe,0xe0,0xfe,0xc0,0x62,0x00,0x00,0x00,0x00,0x00,0x00,0x00,
    0x00,0x00,0x00,0x00,0x00,0x20,0x00,0x20,0x00,0x20,0x00,0x20,0x00,0x20,0x00,0x20,
    0x00,0x20,0x00,0x20,0x00,0x20,0x00,0x20,0x00,0x00,0x00,0x00,0x00,0x00,0x00,0x00,
    0x00,0x00,0x00,0x20,0x00,0x00,0x00,0x20,0x29,0xa0,0xfe,0xa0,0xfe,0xa0,0xfe,0x00,
    0xff,0x20,0xc5,0x00,0x00,0x00,0x00,0x00,0x00,0x00,0x00,0x20,0x00,0x00,0x00,0xa0,
    0x41,0xc0,0xfe,0xa0,0xfe,0xa0,0xfe,0x80,0xfe,0xa0,0xfe,0xa0,0xfe,0xa0,0xfe,0xa0,
    0xfe,0xa0,0xfe,0xa0,0xfe,0x20,0xff,0x00,0x4a,0x00,0x00,0x00,0x00,0x00,0x00,0x00,
    0x00,0x00,0x00,0x00,0x00,0x80,0xcd,0x00,0xff,0xc0,0xfe,0xa0,0xfe,0x20,0xff,0x20,
    0x9c,0x00,0x00,0x00,0x00,0x00,0x00,0x00,0x00,0x20,0x00,0x00,0x00,0x40,0xa4,0x00,
    0xff,0x80,0xfe,0xa0,0xfe,0xc0,0xfe,0xa0,0xfe,0xa0,0xfe,0xa0,0xfe,0x00,0xff,0xa0,
    0xac,0x20,0x08,0x00,0x00,0x00,0x00,0x00,0x00,0x00,0x00,0x00,0x00,0x20,0x00,0x20,
    0x00,0x20,0x00,0x20,0x00,0x20,0x00,0x20,0x00,0x20,0x00,0x20,0x00,0x20,0x00,0x20,
    0x00,0x20,0x00,0x00,0x00,0x00,0x00,0x00,0x00,0x00,0x00,0x00,0x00,0x00,0x00,0x40,
    0x52,0x00,0xff,0xa0,0xfe,0xa0,0xfe,0xa0,0xfe,0xa0,0xfe,0xa0,0xfe,0xa0,0xfe,0xa0,
    0xfe,0xa0,0xfe,0xa0,0xfe,0xa0,0xfe,0xae,0xa0,0xfe,0xa0,0xfe,0xa0,0xfe,0xc0,0xfe,
    0xc0,0xfe,0xc0,0xfe,0x00,0xff,0x40,0xff,0x40,0xee,0x20,0xc5,0x60,0xac,0x00,0x9c,
    0x00,0x9c,0x00,0x9c,0x20,0xa4,0x20,0xa4,0x40,0xa4,0x40,0xa4,0x60,0xac,0x40,0xa4,
    0xa0,0xd5,0xe0,0xfe,0xc0,0xfe,0x80,0xf6,0xc0,0xbc,0xc0,0xb4,0x00,0xc5,0x80,0xf6,
    0xa0,0xfe,0xa0,0xfe,0xa0,0xfe,0xa0,0xfe,0xa0,0xfe,0xa0,0xfe,0xa0,0xfe,0xa0,0xfe,
    0xc0,0xfe,0xc0,0xfe,0xa0,0xfe,0xe0,0xfe,0xc0,0xdd,0xc0,0xbc,0x00,0xbd,0x40,0xee,
    0xc0,0xfe,0xa0,0xfe,0x1f,0xa0,0xfe,0x90,0x80,0xfe,0xa0,0xfe,0xa0,0xfe,0xa0,0xfe,
    0xa0,0xfe,0xa0,0xfe,0xa0,0xfe,0xa0,0xfe,0xa0,0xfe,0xa0,0xfe,0xc0,0xfe,0xc0,0xfe,
    0xc0,0xfe,0xc0,0xfe,0xc0,0xfe,0xa0,0xfe,0x27,0xa0,0xfe,0xad,0x80,0xfe,0xa0,0xfe,
    0xa0,0xfe,0xa0,0xfe,0xa0,0xfe,0xa0,0xfe,0xa0,0xfe,0xa0,0xfe,0xa0,0xfe,0xa0,0xfe,
    0xa0,0xfe,0xa0,0xfe,0x80,0xfe,0x80,0xfe,0x80,0xfe,0x80,0xfe,0x80,0xfe,0x80,0xfe,
    0x80,0xfe,0xa0,0xfe,0xa0,0xfe,0xa0,0xfe,0xa0,0xfe,0xa0,0xfe,0xa0,0xfe,0xa0,0xfe,
    0xa0,0xfe,0xa0,0xfe,0xa0,0xfe,0xe0,0xfe,0xa0,0xd5,0x00,0x00,0x00,0x00,0x00,0x00,
    0x00,0x00,0x20,0x00,0x00,0x00,0xa0,0x41,0xc0,0xfe,0x80,0xfe,0xa0,0xfe,0x80,0xfe,
    0x00,0xff,0x60,0xa4,0x00,0x00,0x15,0x00,0x00,0xba,0x20,0x00,0x00,0x00,0x20,0x29,
    0xa0,0xfe,0xa0,0xfe,0xa0,0xfe,0x00,0xff,0x00,0xc5,0x00,0x00,0x00,0x00,0x00,0x00,
    0x00,0x00,0x00,0x00,0x00,0x00,0xa0,0x41,0xc0,0xfe,0x80,0xfe,0xa0,0xfe,0x80,0xfe,
    0xa0,0xfe,0x80,0xfe,0x80,0xfe,0xa0,0xfe,0xa0,0xfe,0xa0,0xfe,0x00,0xff,0x00,0x4a,
    0x00,0x00,0x00,0x00,0x00,0x00,0x00,0x00,0x00,0x00,0x00,0x00,0x80,0xcd,0x00,0xff,
    0xc0,0xfe,0xa0,0xfe,0x20,0xff,0x40,0xa4,0x00,0x00,0x00,0x00,0x00,0x00,0x00,0x00,
    0x20,0x00,0x00,0x00,0x40,0xa4,0x00,0xff,0xa0,0xfe,0xa0,0xfe,0xa0,0xfe,0xa0,0xfe,
    0xa0,0xfe,0xe0,0xfe,0x20,0xe6,0x60,0x10,0x00,0x00,0x20,0x00,0x00,0x00,0x14,0x00,
    0x00,0xb9,0x20,0x52,0x00,0xff,0xa0,0xfe,0xa0,0xfe,0xa0,0xfe,0xa0,0xfe,0xa0,0xfe,
    0xa0,0xfe,0xa0,0xfe,0xa0,0xfe,0xa0,0xfe,0xa0,0xfe,0xa0,0xfe,0xa0,0xfe,0xa0,0xfe,
    0xa0,0xfe,0xa0,0xfe,0xc0,0xfe,0xc0,0xfe,0xa0,0xfe,0xe0,0xfe,0x00,0xff,0x20,0xff,
    0x20,0xff,0x20,0xff,0x20,0xff,0x20,0xff,0x20,0xff,0x20,0xff,0x20,0xff,0x20,0xff,
    0x20,0xff,0xe0,0xfe,0xa0,0xfe,0xc0,0xfe,0xc0,0xfe,0x20,0xff,0x20,0xff,0x00,0xff,
    0xa0,0xfe,0xa0,0xfe,0xa0,0xfe,0xa0,0xfe,0xa0,0xfe,0xa0,0xfe,0xa0,0xfe,0xa0,0xfe,
    0xa0,0xfe,0xa0,0xfe,0xc0,0xfe,0xc0,0xfe,0xa0,0xfe,0xe0,0xfe,0x00,0xff,0x00,0xff,
    0xc0,0xfe,0xa0,0xfe,0x25,0xa0,0xfe,0x8b,0x80,0xfe,0x80,0xfe,0xa0,0xfe,0xa0,0xfe,
    0xa0,0xfe,0xa0,0xfe,0xc0,0xfe,0xc0,0xfe,0xc0,0xfe,0xc0,0xfe,0xa0,0xfe,0x33,0xa0,
    0xfe,0xff,0xe0,0xfe,0x00,0xff,0x00,0xff,0x00,0xff,0x00,0xff,0x00,0xff,0x00,0xff,
    0xa0,0xfe,0xa0,0xfe,0xa0,0xfe,0xa0,0xfe,0xa0,0xfe,0xa0,0xfe,0xa0,0xfe,0xa0,0xfe,
    0xa0,0xfe,0xa0,0xfe,0xe0,0xfe,0xa0,0xd5,0x00,0x00,0x00,0x00,0x00,0x00,0x00,0x00,
    0x00,0x00,0x00,0x00,0xa0,0x41,0xc0,0xfe,0x80,0xfe,0xa0,0xfe,0x80,0xfe,0x00,0xff,
    0x80,0x62,0x00,0x00,0x00,0x00,0x00,0x00,0x00,0x00,0x00,0x00,0x00,0x00,0x00,0x00,
    0xa0,0x41,0x20,0x73,0xe0,0x93,0xa0,0xac,0xa0,0xb4,0xa0,0xac,0x80,0xa4,0x40,0x94,
    0x80,0x83,0xe0,0x41,0x00,0x00,0x00,0x00,0x00,0x00,0x00,0x00,0x00,0x00,0x20,0x00,
    0x00,0x00,0x20,0x29,0xa0,0xfe,0xa0,0xfe,0x80,0xfe,0x00,0xff,0x00,0xbd,0x00,0x00,
    0x00,0x00,0x00,0x00,0x00,0x00,0x00,0x00,0x00,0x00,0xc0,0x41,0xc0,0xfe,0x80,0xfe,
    0xa0,0xfe,0xa0,0xfe,0xa0,0xfe,0x80,0xfe,0xa0,0xfe,0xa0,0xfe,0xa0,0xfe,0x80,0xfe,
    0x00,0xff,0xe0,0x49,0x00,0x00,0x00,0x00,0x00,0x00,0x00,0x00,0x00,0x00,0x00,0x00,
    0x80,0xcd,0x00,0xff,0xc0,0xfe,0xa0,0xfe,0x20,0xff,0x40,0xa4,0x00,0x00,0x00,0x00,
    0x00,0x00,0x00,0x00,0x20,0x00,0x00,0x00,0x40,0xa4,0x20,0xff,0xa0,0xfe,0xa0,0xfe,
    0xa0,0xfe,0xc0,0xfe,0xa0,0xfe,0x20,0xff,0x60,0xa4,0x00,0x00,0x00,0x00,0x00,0x00,
    0x00,0x00,0x00,0x00,0x00,0x00,0x00,0x00,0xe0,0x20,0xc0,0x6a,0xa0,0x8b,0x20,0x9c,
    0x60,0xa4,0x80,0xac,0x60,0xa4,0x40,0x9c,0x80,0x83,0x20,0x52,0x40,0x08,0x00,0x00,
    0xba,0x00,0x00,0x00,0x00,0x00,0x00,0x00,0x00,0x00,0x00,0x20,0x52,0x00,0xff,0xa0,
    0xfe,0xa0,0xfe,0xa0,0xfe,0xa0,0xfe,0xa0,0xfe,0xa0,0xfe,0xa0,0xfe,0xa0,0xfe,0xa0,
    0xfe,0xa0,0xfe,0xa0,0xfe,0xa0,0xfe,0xa0,0xfe,0xa0,0xfe,0xa0,0xfe,0xc0,0xfe,0xc0,
    0xfe,0xc0,0xfe,0xa0,0xfe,0xa0,0xfe,0xa0,0xfe,0xa0,0xfe,0xa0,0xfe,0xa0,0xfe,0xa0,
    0xfe,0xa0,0xfe,0xa0,0xfe,0xa0,0xfe,0xa0,0xfe,0x80,0xfe,0xa0,0xfe,0xa0,0xfe,0xc0,
    0xfe,0xc0,0xfe,0xa0,0xfe,0xa0,0xfe,0xa0,0xfe,0xa0,0xfe,0xa0,0xfe,0xa0,0xfe,0xa0,
    0xfe,0xa0,0xfe,0xa0,0xfe,0xa0,0xfe,0xa0,0xfe,0xa0,0xfe,0xa0,0xfe,0xa0,0xfe,0xc0,
    0xfe,0xc0,0xfe,0xa0,0xfe,0x28,0xa0,0xfe,0x9b,0x80,0xfe,0xa0,0xfe,0xa0,0xfe,0xa0,
    0xfe,0xa0,0xfe,0xa0,0xfe,0xa0,0xfe,0xa0,0xfe,0xc0,0xfe,0xc0,0xfe,0xc0,0xfe,0xa0,
    0xfe,0xa0,0xfe,0xa0,0xfe,0xa0,0xfe,0xa0,0xfe,0xa0,0xfe,0xa0,0xfe,0xa0,0xfe,0xa0,
    0xfe,0xa0,0xfe,0xa0,0xfe,0xa0,0xfe,0xa0,0xfe,0xa0,0xfe,0x80,0xfe,0xa0,0xfe,0x24,
    0xa0,0xfe,0xff,0x40,0xc5,0xc0,0xb4,0xc0,0xb4,0xa0,0xb4,0x80,0xac,0x40,0xa4,0x40,
    0xa4,0x40,0xf6,0xc0,0xfe,0xa0,0xfe,0xa0,0xfe,0xa0,0xfe,0xa0,0xfe,0xa0,0xfe,0xa0,
    0xfe,0xa0,0xfe,0xa0,0xfe,0xe0,0xfe,0xc0,0xd5,0x00,0x00,0x00,0x00,0x00,0x00,0x00,
    0x00,0x00,0x00,0x00,0x00,0xa0,0x39,0xc0,0xfe,0x80,0xfe,0xa0,0xfe,0x80,0xfe,0x00,
    0xff,0x60,0x5a,0x00,0x00,0x00,0x00,0x00,0x00,0x00,0x00,0x00,0x00,0x20,0x08,0xc0,
    0xb4,0x40,0xff,0x40,0xff,0x20,0xff,0x20,0xff,0x20,0xff,0x40,0xff,0x60,0xff,0x60,
    0xff,0x60,0xff,0x80,0xff,0x00,0x94,0x00,0x00,0x00,0x00,0x00,0x00,0x00,0x00,0x20,
    0x00,0x00,0x00,0x20,0x29,0xa0,0xfe,0xa0,0xfe,0xa0,0xfe,0x00,0xff,0x00,0xbd,0x00,
    0x00,0x00,0x00,0x00,0x00,0x00,0x00,0x00,0x00,0x00,0x00,0xc0,0x41,0xc0,0xfe,0x80,
    0xfe,0xa0,0xfe,0xa0,0xfe,0x80,0xfe,0x80,0xfe,0xa0,0xfe,0xa0,0xfe,0xa0,0xfe,0x80,
    0xfe,0x00,0xff,0xe0,0x49,0x00,0x00,0x00,0x00,0x00,0x00,0x00,0x00,0x00,0x00,0x00,
    0x00,0x80,0xcd,0x00,0xff,0xc0,0xfe,0xa0,0xfe,0x20,0xff,0x40,0x9c,0x00,0x00,0x00,
    0x00,0x00,0x00,0x00,0x00,0x20,0x00,0x00,0x00,0x60,0xac,0x20,0xff,0xa0,0xfe,0xa0,
    0xfe,0xa0,0xfe,0xa0,0xfe,0x80,0xfe,0x20,0xff,0x00,0x9c,0x00,0x00,0x00,0x00,0x00,
    0x00,0x00,0x00,0x00,0x00,0x00,0x00,0x80,0x5a,0xe0,0xf6,0x40,0xff,0x40,0xff,0x20,
    0xff,0x20,0xff,0x20,0xff,0x20,0xff,0x20,0xff,0x40,0xff,0x60,0xff,0x40,0xc5,0x40,
    0x08,0xab,0x00,0x00,0x00,0x00,0x00,0x00,0x00,0x00,0x00,0x00,0x20,0x52,0xe0,0xfe,
    0xa0,0xfe,0xa0,0xfe,0xa0,0xfe,0xa0,0xfe,0xa0,0xfe,0xa0,0xfe,0xa0,0xfe,0xa0,0xfe,
    0xa0,0xfe,0xa0,0xfe,0xa0,0xfe,0xa0,0xfe,0xa0,0xfe,0xa0,0xfe,0xa0,0xfe,0xa0,0xfe,
    0xc0,0xfe,0xc0,0xfe,0xc0,0xfe,0xc0,0xfe,0xc0,0xfe,0xc0,0xfe,0xa0,0xfe,0xa0,0xfe,
    0xc0,0xfe,0xc0,0xfe,0xa0,0xfe,0xa0,0xfe,0xa0,0xfe,0xa0,0xfe,0xa0,0xfe,0xa0,0xfe,
    0xa0,0xfe,0xc0,0xfe,0xc0,0xfe,0xa0,0xfe,0x31,0xa0,0xfe,0x92,0x80,0xfe,0xa0,0xfe,
    0xa0,0xfe,0xa0,0xfe,0xa0,0xfe,0xa0,0xfe,0xa0,0xfe,0xa0,0xfe,0xa0,0xfe,0xa0,0xfe,
    0xa0,0xfe,0xa0,0xfe,0xa0,0xfe,0xa0,0xfe,0xc0,0xfe,0xc0,0xfe,0xc0,0xfe,0xa0,0xfe,
    0x31,0xa0,0xfe,0xff,0xc0,0xfe,0x80,0xf6,0xa0,0x18,0x00,0x00,0x00,0x00,0x00,0x00,
    0x00,0x00,0x00,0x00,0x00,0x00,0xc0,0xdd,0xe0,0xfe,0xa0,0xfe,0xa0,0xfe,0xa0,0xfe,
    0xa0,0xfe,0xa0,0xfe,0xa0,0xfe,0xa0,0xfe,0xa0,0xfe,0xe0,0xfe,0xc0,0xd5,0x00,0x00,
    0x00,0x00,0x00,0x00,0x00,0x00,0x00,0x00,0x00,0x00,0xa0,0x39,0xc0,0xfe,0x80,0xfe,
    0xa0,0xfe,0x80,0xfe,0x00,0xff,0x40,0x5a,0x00,0x00,0x00,0x00,0x00,0x00,0x00,0x00,
    0x00,0x00,0x00,0x29,0xe0,0xfe,0xc0,0xfe,0xa0,0xfe,0xa0,0xfe,0xa0,0xfe,0xa0,0xfe,
    0xc0,0xfe,0xc0,0xfe,0xc0,0xfe,0xc0,0xf6,0x20,0xff,0x80,0xcd,0x00,0x00,0x00,0x00,
    0x00,0x00,0x00,0x00,0x20,0x00,0x00,0x00,0x40,0x29,0xa0,0xfe,0xa0,0xfe,0xa0,0xfe,
    0x00,0xff,0x00,0xbd,0x00,0x00,0x00,0x00,0x00,0x00,0x00,0x00,0x00,0x00,0x00,0x00,
    0xe0,0x49,0xc0,0xfe,0x80,0xfe,0xa0,0xfe,0xa0,0xfe,0x80,0xfe,0x80,0xfe,0x80,0xfe,
    0xa0,0xfe,0xa0,0xfe,0x80,0xfe,0x00,0xff,0xe0,0x49,0x00,0x00,0x00,0x00,0x00,0x00,
    0x00,0x00,0x00,0x00,0x00,0x00,0x80,0xcd,0x00,0xff,0xc0,0xfe,0xa0,0xfe,0x40,0xff,
    0x40,0x9c,0x00,0x00,0x00,0x00,0x00,0x00,0x00,0x00,0x20,0x00,0x00,0x00,0x80,0xac,
    0x20,0xff,0xa0,0xfe,0xa0,0xfe,0xa0,0xfe,0xa0,0xfe,0x80,0xfe,0x20,0xff,0xe0,0x93,
    0x00,0x00,0x00,0x00,0x00,0x00,0x00,0x00,0x00,0x00,0x00,0x00,0xe0,0xb4,0x60,0xff,
    0xa0,0xf6,0xa0,0xfe,0xa0,0xfe,0xa0,0xfe,0xa0,0xfe,0xa0,0xfe,0xa0,0xfe,0xa0,0xfe,
    0xc0,0xfe,0x8a,0xe0,0xfe,0xe0,0x20,0x00,0x00,0x00,0x00,0x00,0x00,0x20,0x00,0x00,
    0x00,0x20,0x5a,0xe0,0xfe,0xa0,0xfe,0x5d,0xa0,0xfe,0x89,0x80,0xfe,0xa0,0xfe,0xa0,
    0xfe,0xa0,0xfe,0xa0,0xfe,0xc0,0xfe,0xc0,0xfe,0xc0,0xfe,0xa0,0xfe,0x31,0xa0,0xfe,
    0xff,0xc0,0xfe,0x80,0xf6,0xc0,0x20,0x00,0x00,0x00,0x00,0x00,0x00,0x00,0x00,0x00,
    0x00,0x20,0x00,0x80,0xd5,0x00,0xff,0xa0,0xfe,0xc0,0xfe,0xa0,0xfe,0xa0,0xfe,0xa0,
    0xfe,0xa0,0xfe,0xa0,0xfe,0x80,0xfe,0xc0,0xfe,0xe0,0xdd,0x20,0x00,0x00,0x00,0x00,
    0x00,0x00,0x00,0x00,0x00,0x00,0x00,0xa0,0x39,0xc0,0xfe,0x80,0xfe,0xa0,0xfe,0x80,
    0xfe,0x00,0xff,0x60,0x5a,0x00,0x00,0x00,0x00,0x00,0x00,0x00,0x00,0x00,0x00,0x20,
    0x29,0xa0,0xfe,0xc0,0xfe,0xc0,0xfe,0xc0,0xfe,0xc0,0xfe,0xc0,0xfe,0xc0,0xfe,0xc0,
    0xfe,0xc0,0xfe,0xa0,0xfe,0x00,0xff,0x60,0xcd,0x00,0x00,0x00,0x00,0x00,0x00,0x00,
    0x00,0x20,0x00,0x00,0x00,0x40,0x29,0xa0,0xfe,0xa0,0xfe,0xa0,0xfe,0x00,0xff,0x00,
    0xbd,0x00,0x00,0x00,0x00,0x00,0x00,0x00,0x00,0x00,0x00,0x00,0x00,0x00,0x4a,0xc0,
    0xfe,0x80,0xfe,0x80,0xfe,0x80,0xfe,0x80,0xfe,0x80,0xfe,0x80,0xfe,0x80,0xfe,0x80,
    0xfe,0x80,0xf6,0x00,0xff,0x00,0x4a,0x00,0x00,0x00,0x00,0x00,0x00,0x00,0x00,0x00,
    0x00,0x00,0x00,0x80,0xcd,0x00,0xff,0xc0,0xfe,0xc0,0xfe,0x40,0xff,0x20,0x9c,0x00,
    0x00,0x00,0x00,0x00,0x00,0x00,0x00,0x20,0x00,0x00,0x00,0x80,0xac,0x20,0xff,0xa0,
    0xfe,0xa0,0xfe,0xa0,0xfe,0xa0,0xfe,0x80,0xfe,0x20,0xff,0xe0,0x93,0x00,0x00,0x00,
    0x00,0x00,0x00,0x00,0x00,0x00,0x00,0x00,0x00,0xa0,0xb4,0x00,0xff,0xa0,0xfe,0xc0,
    0xfe,0xa0,0xfe,0xa0,0xfe,0xa0,0xfe,0xa0,0xfe,0xa0,0xfe,0xa0,0xfe,0xc0,0xfe,0x8a,
    0xa0,0xf6,0xe0,0x20,0x00,0x00,0x00,0x00,0x00,0x00,0x00,0x00,0x00,0x00,0x40,0x5a,
    0xe0,0xfe,0xa0,0xfe,0x55,0xa0,0xfe,0x9e,0x80,0xfe,0xa0,0xfe,0xa0,0xfe,0xa0,0xfe,
    0xa0,0xfe,0xa0,0xfe,0xa0,0xfe,0x80,0xfe,0xa0,0xfe,0xa0,0xfe,0xa0,0xfe,0xa0,0xfe,
    0xa0,0xfe,0xa0,0xfe,0xc0,0xfe,0xc0,0xfe,0xa0,0xfe,0xa0,0xfe,0xa0,0xfe,0xa0,0xfe,
    0xa0,0xfe,0xa0,0xfe,0xa0,0xfe,0xa0,0xfe,0xa0,0xfe,0xa0,0xfe,0xa0,0xfe,0xa0,0xfe,
    0x80,0xfe,0xa0,0xfe,0x24,0xa0,0xfe,0xff,0xc0,0xfe,0x80,0xf6,0xc0,0x18,0x00,0x00,
    0x00,0x00,0x00,0x00,0x00,0x00,0x00,0x00,0x00,0x00,0x40,0xcd,0x60,0xff,0xe0,0xfe,
    0xe0,0xfe,0xe0,0xfe,0xe0,0xfe,0xe0,0xfe,0xe0,0xfe,0xe0,0xfe,0xe0,0xfe,0x80,0xff,
    0x60,0xcd,0x00,0x00,0x00,0x00,0x00,0x00,0x00,0x00,0x00,0x00,0x00,0x00,0xa0,0x39,
    0xc0,0xfe,0x80,0xfe,0xa0,0xfe,0x80,0xfe,0x00,0xff,0x60,0x5a,0x00,0x00,0x00,0x00,
    0x00,0x00,0x00,0x00,0x00,0x00,0xc0,0x20,0xe0,0xfe,0x20,0xff,0x00,0xff,0xe0,0xfe,
    0xe0,0xfe,0xe0,0xfe,0xc0,0xfe,0xe0,0xfe,0xe0,0xfe,0xe0,0xfe,0x80,0xff,0xe0,0xbc,
    0x00,0x00,0x00,0x00,0x00,0x00,0x00,0x00,0x00,0x00,0x00,0x00,0x40,0x31,0xa0,0xfe,
    0xa0,0xfe,0xa0,0xfe,0x20,0xff,0x20,0xc5,0x00,0x00,0x00,0x00,0x00,0x00,0x00,0x00,
    0x00,0x00,0x00,0x00,0xc0,0x41,0x20,0xff,0xc0,0xfe,0xc0,0xfe,0xa0,0xfe,0xa0,0xfe,
    0xa0,0xfe,0xc0,0xfe,0xc0,0xfe,0xc0,0xfe,0x00,0xff,0x80,0xff,0xc0,0x41,0x00,0x00,
    0x00,0x00,0x00,0x00,0x00,0x00,0x00,0x00,0x00,0x00,0x80,0xcd,0x00,0xff,0xc0,0xfe,
    0xa0,0xfe,0x40,0xff,0x20,0x9c,0x00,0x00,0x00,0x00,0x00,0x00,0x00,0x00,0x20,0x00,
    0x00,0x00,0x60,0xa4,0x00,0xff,0x80,0xfe,0xa0,0xfe,0xa0,0xfe,0xa0,0xfe,0xa0,0xfe,
    0x20,0xff,0xe0,0x93,0x00,0x00,0x00,0x00,0x00,0x00,0x00,0x00,0x00,0x00,0x00,0x00,
    0xa0,0xb4,0x80,0xff,0xe0,0xfe,0xc0,0xfe,0xc0,0xfe,0xc0,0xfe,0xc0,0xfe,0xc0,0xfe,
    0xe0,0xfe,0xe0,0xfe,0x20,0xff,0x8b,0x00,0xff,0xc0,0x20,0x00,0x00,0x00,0x00,0x00,
    0x00,0x20,0x00,0x00,0x00,0x40,0x5a,0xe0,0xfe,0x80,0xfe,0xa0,0xfe,0x62,0xa0,0xfe,
    0x9d,0xc0,0xfe,0xc0,0xfe,0xa0,0xfe,0xa0,0xfe,0xa0,0xfe,0xa0,0xfe,0xa0,0xfe,0xa0,
    0xfe,0xa0,0xfe,0xa0,0xfe,0xa0,0xfe,0xa0,0xfe,0xa0,0xfe,0xa0,0xfe,0x80,0xfe,0x80,
    0xfe,0xa0,0xfe,0xa0,0xfe,0xa0,0xfe,0xa0,0xfe,0xa0,0xfe,0xa0,0xfe,0xa0,0xfe,0xa0,
    0xfe,0xa0,0xfe,0xa0,0xfe,0xa0,0xfe,0x80,0xfe,0xa0,0xfe,0x17,0xa0,0xfe,0xff,0xc0,
    0xfe,0x80,0xf6,0xc0,0x18,0x00,0x00,0x00,0x00,0x00,0x00,0x00,0x00,0x00,0x00,0x00,
    0x00,0x40,0x5a,0xc0,0xd5,0x00,0xe6,0x40,0xee,0x40,0xee,0x20,0xee,0x00,0xe6,0xe0,
    0xe5,0xc0,0xdd,0x40,0xc5,0x41,0x9c,0x00,0x29,0x00,0x00,0x00,0x00,0x00,0x00,0x00,
    0x00,0x20,0x00,0x00,0x00,0xc0,0x41,0xe0,0xfe,0x80,0xfe,0xa0,0xfe,0x80,0xfe,0x00,
    0xff,0x80,0x5a,0x00,0x00,0x00,0x00,0x00,0x00,0x00,0x00,0x00,0x00,0x00,0x00,0x20,
    0x7b,0xc0,0xd5,0x00,0xe6,0x60,0xee,0x60,0xee,0x40,0xee,0x20,0xee,0x00,0xee,0xe0,
    0xe5,0x60,0xc5,0x00,0x94,0x00,0x29,0x00,0x00,0x00,0x00,0x00,0x00,0x00,0x00,0x00,
    0x00,0x00,0x00,0x80,0x39,0xc0,0xfe,0xa0,0xfe,0xa0,0xfe,0x20,0xff,0x40,0xc5,0x00,
    0x00,0x00,0x00,0x00,0x00,0x00,0x00,0x00,0x00,0x00,0x00,0x40,0x08,0xe0,0x9b,0xc0,
    0xdd,0x00,0xe6,0x00,0xee,0x00,0xee,0x00,0xee,0x00,0xee,0xe0,0xe5,0xc0,0xdd,0x80,
    0xcd,0xc1,0x8b,0x40,0x08,0x00,0x00,0x00,0x00,0x00,0x00,0x00,0x00,0x00,0x00,0x20,
    0x00,0xa0,0xdd,0xe0,0xfe,0xc0,0xfe,0xa0,0xfe,0x40,0xff,0x40,0xa4,0x00,0x00,0x00,
    0x00,0x00,0x00,0x00,0x00,0x00,0x00,0x00,0x00,0x40,0xa4,0x00,0xff,0x80,0xfe,0xa0,
    0xfe,0xa0,0xfe,0xa0,0xfe,0x80,0xfe,0x20,0xff,0x00,0x9c,0x00,0x00,0x00,0x00,0x00,
    0x00,0x00,0x00,0x00,0x00,0x00,0x00,0x60,0x31,0xc0,0xac,0xa0,0xd5,0x00,0xee,0x20,
    0xee,0x20,0xee,0x20,0xf6,0x20,0xee,0x00,0xee,0xa0,0xdd,0x40,0xc5,0x8b,0x01,0x73,
    0x00,0x00,0x00,0x00,0x00,0x00,0x00,0x00,0x00,0x00,0x00,0x00,0x60,0x5a,0x00,0xff,
    0x80,0xfe,0xa0,0xfe,0x5f,0xa0,0xfe,0x97,0xc0,0xfe,0xa0,0xfe,0xa0,0xfe,0xc0,0xfe,
    0xc0,0xfe,0xa0,0xfe,0xa0,0xfe,0xa0,0xfe,0xa0,0xfe,0xa0,0xfe,0xa0,0xfe,0xa0,0xfe,
    0xa0,0xfe,0xa0,0xfe,0xa0,0xfe,0xa0,0xfe,0xa0,0xfe,0x80,0xfe,0x80,0xfe,0x80,0xfe,
    0x80,0xfe,0x80,0xfe,0xa0,0xfe,0x1a,0xa0,0xfe,0xff,0x80,0xfe,0x80,0xfe,0xa0,0xfe,
    0xa0,0xfe,0xa0,0xfe,0xa0,0xfe,0xa0,0xfe,0xc0,0xfe,0x00,0x21,0x00,0x00,0x00,0x00,
    0x00,0x00,0x00,0x00,0x00,0x00,0x00,0x00,0x00,0x00,0x00,0x00,0x60,0x08,0x80,0x10,
    0x80,0x10,0x60,0x10,0x60,0x10,0x40,0x08,0x20,0x00,0x00,0x00,0x00,0x00,0x00,0x00,
    0x00,0x00,0x00,0x00,0x00,0x00,0x00,0x00,0x20,0x00,0x00,0x00,0x80,0x8b,0x00,0xff,
    0x80,0xfe,0xa0,0xfe,0x80,0xfe,0x20,0xff,0x20,0x7b,0x00,0x00,0x20,0x00,0x00,0x00,
    0x00,0x00,0x00,0x00,0x00,0x00,0x00,0x00,0x00,0x00,0x40,0x08,0x80,0x10,0x80,0x18,
    0x80,0x10,0x80,0x10,0x60,0x10,0x40,0x08,0x00,0x00,0x00,0x00,0x00,0x00,0x00,0x00,
    0x00,0x00,0x00,0x00,0x00,0x00,0x20,0x00,0x00,0x00,0x80,0x8b,0x00,0xff,0xa0,0xfe,
    0xc0,0xfe,0xe0,0xfe,0x20,0xe6,0x20,0x08,0x00,0x00,0x00,0x00,0x00,0x00,0x00,0x00,
    0x00,0x00,0x00,0x00,0x00,0x00,0x20,0x00,0x60,0x10,0x80,0x10,0x80,0x18,0x80,0x18,
    0x60,0x18,0x40,0x10,0x20,0x08,0x00,0x00,0x00,0x00,0x00,0x00,0x00,0x00,0x00,0x00,
    0x00,0x00,0x20,0x00,0x00,0x00,0x00,0x29,0xa0,0xfe,0xc0,0xfe,0xc0,0xfe,0xa0,0xfe,
    0x40,0xff,0x40,0xa4,0x00,0x00,0x00,0x00,0x00,0x00,0x00,0x00,0x00,0x00,0x00,0x00,
    0x40,0xa4,0x00,0xff,0x80,0xfe,0xa0,0xfe,0xa0,0xfe,0xa0,0xfe,0xa0,0xfe,0x00,0xff,
    0x00,0xbd,0x00,0x00,0x20,0x00,0x00,0x00,0x00,0x00,0x00,0x00,0x00,0x00,0x00,0x00,
    0x00,0x00,0x20,0x00,0x80,0x10,0x80,0x10,0x91,0x80,0x18,0xa0,0x18,0x80,0x18,0x60,
    0x10,0x20,0x00,0x00,0x00,0x00,0x00,0x00,0x00,0x00,0x00,0x00,0x00,0x00,0x00,0x20,
    0x00,0x00,0x00,0xc0,0x6a,0x00,0xff,0x80,0xfe,0xa0,0xfe,0x62,0xa0,0xfe,0x9d,0xc0,
    0xfe,0xc0,0xfe,0x80,0xfe,0xa0,0xfe,0xa0,0xfe,0xa0,0xfe,0xa0,0xfe,0xa0,0xfe,0xa0,
    0xfe,0xa0,0xfe,0xa0,0xfe,0xa0,0xfe,0xa0,0xfe,0xa0,0xfe,0x80,0xfe,0x80,0xfe,0x80,
    0xfe,0x80,0xfe,0x80,0xfe,0xa0,0xfe,0xa0,0xfe,0xa0,0xfe,0xa0,0xfe,0xa0,0xfe,0xa0,
    0xfe,0xa0,0xfe,0xa0,0xfe,0x80,0xfe,0xa0,0xfe,0x11,0xa0,0xfe,0xff,0x80,0xfe,0xa0,
    0xfe,0xa0,0xfe,0xa0,0xfe,0xa0,0xfe,0xa0,0xfe,0xa0,0xfe,0x20,0xff,0xa1,0x83,0x01,
    0x00,0x00,0x00,0x00,0x00,0x00,0x00,0x00,0x00,0x00,0x00,0x20,0x00,0x00,0x00,0x00,
    0x00,0x00,0x00,0x00,0x00,0x00,0x00,0x00,0x00,0x00,0x00,0x00,0x00,0x20,0x00,0x20,
    0x00,0x20,0x00,0x00,0x00,0x00,0x00,0x00,0x00,0x00,0x00,0x00,0x00,0x80,0x39,0x80,
    0xf6,0xa0,0xfe,0xa0,0xfe,0xa0,0xfe,0xa0,0xfe,0xe0,0xfe,0xa0,0xdd,0x41,0x08,0x00,
    0x00,0x00,0x00,0x00,0x00,0x00,0x00,0x00,0x00,0x20,0x00,0x00,0x00,0x00,0x00,0x00,
    0x00,0x00,0x00,0x00,0x00,0x00,0x00,0x00,0x00,0x00,0x00,0x00,0x00,0x20,0x00,0x20,
    0x00,0x00,0x00,0x00,0x00,0x00,0x00,0x00,0x00,0x00,0x00,0xc0,0x41,0xa0,0xf6,0xc0,
    0xfe,0xc0,0xfe,0xc0,0xfe,0xc0,0xfe,0x20,0xff,0xe0,0x72,0x00,0x00,0x00,0x00,0x00,
    0x00,0x00,0x00,0x00,0x00,0x20,0x00,0x20,0x00,0x00,0x00,0x00,0x00,0x00,0x00,0x00,
    0x00,0x00,0x00,0x00,0x00,0x00,0x00,0x00,0x00,0x20,0x00,0x20,0x00,0x20,0x00,0x20,
    0x00,0x20,0x00,0x00,0x00,0x00,0x00,0x00,0x00,0xa0,0xb4,0x00,0xff,0xa0,0xfe,0xc0,
    0xfe,0xa0,0xfe,0x20,0xff,0x40,0xa4,0x00,0x00,0x20,0x00,0x00,0x00,0x00,0x00,0x20,
    0x00,0x00,0x00,0x40,0xa4,0x00,0xff,0xa0,0xfe,0xa0,0xfe,0xa0,0xfe,0xa0,0xfe,0xa0,
    0xfe,0xa0,0xfe,0xc0,0xfe,0x00,0x4a,0x00,0x00,0x00,0x00,0x00,0x00,0x00,0x00,0x00,
    0x00,0x20,0x00,0x20,0x00,0x00,0x00,0x00,0x00,0x00,0x00,0x91,0x00,0x00,0x00,0x00,
    0x00,0x00,0x00,0x00,0x00,0x00,0x20,0x00,0x20,0x00,0x00,0x00,0x00,0x00,0x00,0x00,
    0x00,0x00,0x00,0x00,0x00,0x00,0x40,0xcd,0xe0,0xfe,0x80,0xfe,0xa0,0xfe,0x62,0xa0,
    0xfe,0x9d,0xc0,0xfe,0xc0,0xfe,0x80,0xfe,0xa0,0xfe,0xa0,0xfe,0xa0,0xfe,0xa0,0xfe,
    0xa0,0xfe,0xa0,0xfe,0xa0,0xfe,0xa0,0xfe,0xa0,0xfe,0xa0,0xfe,0xa0,0xfe,0x80,0xfe,
    0x80,0xfe,0x80,0xfe,0xa0,0xfe,0xa0,0xfe,0xa0,0xfe,0xa0,0xfe,0xa0,0xfe,0xa0,0xfe,
    0xa0,0xfe,0xa0,0xfe,0xa0,0xfe,0xa0,0xfe,0x80,0xfe,0xa0,0xfe,0x17,0xa0,0xfe,0x86,
    0xc0,0xfe,0xc0,0xfe,0xe0,0xfe,0x81,0x7b,0x60,0x10,0x00,0x00,0x12,0x00,0x00,0x8d,
    0x80,0x18,0xe0,0x6a,0x60,0xee,0xc0,0xfe,0x80,0xfe,0xa0,0xfe,0xa0,0xfe,0xa0,0xfe,
    0xa0,0xfe,0xe0,0xfe,0x41,0xc5,0x81,0x31,0x00,0x00,0x12,0x00,0x00,0x8d,0xa0,0x18,
    0x40,0x7b,0xa0,0xf6,0xc0,0xfe,0xa0,0xfe,0xc0,0xfe,0xc0,0xfe,0xc0,0xfe,0xc0,0xfe,
    0xc0,0xfe,0xe0,0x6a,0x20,0x08,0x00,0x00,0x12,0x00,0x00,0x9c,0xe0,0x20,0x80,0xac,
    0xe0,0xfe,0x80,0xfe,0xa0,0xfe,0xa0,0xfe,0xa0,0xfe,0x20,0xff,0x20,0xa4,0x00,0x00,
    0x00,0x00,0x00,0x00,0x00,0x00,0x00,0x00,0x00,0x00,0x20,0xa4,0x20,0xff,0xa0,0xfe,
    0xa0,0xfe,0xa0,0xfe,0xa0,0xfe,0xa0,0xfe,0xa0,0xfe,0xc0,0xfe,0x80,0xf6,0x00,0x6b,
    0x60,0x08,0x00,0x00,0x12,0x00,0x00,0x85,0xe0,0x20,0x80,0xac,0xe0,0xfe,0x80,0xfe,
    0xa0,0xfe,0x63,0xa0,0xfe,0x9d,0xc0,0xfe,0xc0,0xfe,0x80,0xfe,0xa0,0xfe,0xa0,0xfe,
    0xa0,0xfe,0xa0,0xfe,0xa0,0xfe,0xa0,0xfe,0xa0,0xfe,0xa0,0xfe,0xa0,0xfe,0xa0,0xfe,
    0xa0,0xfe,0x80,0xfe,0x80,0xfe,0x80,0xfe,0xa0,0xfe,0xa0,0xfe,0xa0,0xfe,0xa0,0xfe,
    0xa0,0xfe,0xa0,0xfe,0xa0,0xfe,0xa0,0xfe,0x80,0xfe,0x80,0xfe,0x80,0xfe,0xa0,0xfe,
    0x16,0xa0,0xfe,0xff,0xc0,0xfe,0xc0,0xfe,0xc0,0xfe,0xc0,0xfe,0x40,0xff,0x40,0xe6,
    0xa0,0xb4,0x60,0x83,0xa0,0x62,0x20,0x4a,0xa0,0x39,0x40,0x29,0x00,0x21,0xe0,0x20,
    0xc0,0x18,0xa0,0x18,0xc0,0x18,0xc0,0x20,0x00,0x29,0x40,0x31,0xc0,0x39,0x20,0x4a,
    0xc0,0x6a,0xc0,0x8b,0xe0,0xb4,0x40,0xee,0x20,0xff,0xc0,0xfe,0xa0,0xfe,0xa0,0xfe,
    0xa0,0xfe,0xa0,0xfe,0xa0,0xfe,0xa0,0xfe,0xa0,0xfe,0x00,0xff,0xe0,0xfe,0x40,0xc5,
    0xc0,0x93,0xc0,0x6a,0x20,0x4a,0xc0,0x41,0x40,0x31,0x00,0x29,0xe0,0x20,0xc0,0x18,
    0xa0,0x18,0xa0,0x18,0xc0,0x20,0x00,0x29,0x40,0x31,0xa0,0x41,0x20,0x52,0xa0,0x62,
    0x80,0x8b,0xc0,0xb4,0x60,0xee,0x20,0xff,0xa0,0xfe,0xa0,0xfe,0xc0,0xfe,0xa0,0xfe,
    0xc0,0xfe,0xc0,0xfe,0xc0,0xfe,0xc0,0xfe,0x00,0xff,0xa0,0xd5,0x20,0x9c,0x00,0x73,
    0x40,0x5a,0xc0,0x41,0x60,0x31,0x20,0x29,0x00,0x29,0xe0,0x20,0xc0,0x20,0xa0,0x18,
    0xa0,0x18,0xc0,0x18,0xe0,0x20,0x20,0x29,0x80,0x39,0x00,0x4a,0xa0,0x6a,0xa0,0x8b,
    0xe0,0xbc,0x80,0xf6,0xe0,0xfe,0x80,0xfe,0xa0,0xfe,0xa0,0xfe,0xa0,0xfe,0xa0,0xfe,
    0x00,0xff,0x20,0xc5,0xe0,0x41,0xe0,0x49,0xe0,0x49,0x00,0x4a,0x20,0x52,0x20,0x52,
    0x60,0xcd,0xe0,0xfe,0xa0,0xfe,0xa0,0xfe,0xa0,0xfe,0xa0,0xfe,0xa0,0xfe,0xa0,0xfe,
    0xa0,0xfe,0xa0,0xfe,0x00,0xff,0xe0,0xe5,0x60,0xa4,0x20,0x7b,0x60,0x5a,0xe0,0x41,
    0x60,0x31,0x20,0x29,0x00,0x29,0xe0,0x20,0xc0,0x20,0xc0,0x20,0xe0,0x20,0x20,0x29,
    0x60,0x31,0x8a,0x80,0x39,0xe0,0x49,0x40,0x5a,0x00,0x73,0x00,0x9c,0x40,0xc5,0x80,
    0xf6,0x00,0xff,0x80,0xfe,0xa0,0xfe,0x49,0xa0,0xfe,0x83,0x80,0xfe,0x80,0xfe,0xa0,
    0xfe,0x18,0xa0,0xfe,0xa2,0xc0,0xfe,0xc0,0xfe,0x80,0xfe,0x80,0xfe,0xa0,0xfe,0xa0,
    0xfe,0xa0,0xfe,0xa0,0xfe,0xa0,0xfe,0xa0,0xfe,0xa0,0xfe,0xa0,0xfe,0xa0,0xfe,0xa0,
    0xfe,0x80,0xfe,0x80,0xfe,0x80,0xfe,0xa0,0xfe,0xa0,0xfe,0xa0,0xfe,0xa0,0xfe,0xa0,
    0xfe,0xa0,0xfe,0xa0,0xfe,0xa0,0xfe,0xa0,0xfe,0x80,0xfe,0x80,0xfe,0x80,0xfe,0xa0,
    0xfe,0xa0,0xfe,0xa0,0xfe,0x80,0xfe,0xa0,0xfe,0x12,0xa0,0xfe,0xff,0xc0,0xfe,0xc0,
    0xfe,0xc0,0xfe,0xa0,0xfe,0x00,0xff,0x40,0xff,0x40,0xff,0x20,0xff,0x20,0xff,0xe0,
    0xfe,0xc0,0xfe,0xa0,0xfe,0x80,0xf6,0x80,0xf6,0x60,0xf6,0x60,0xf6,0x80,0xf6,0xa0,
    0xfe,0xc0,0xfe,0x00,0xff,0x20,0xff,0x20,0xff,0x20,0xff,0x20,0xff,0xe0,0xfe,0xa0,
    0xfe,0xa0,0xfe,0xa0,0xfe,0xa0,0xfe,0xa0,0xfe,0xa0,0xfe,0xa0,0xfe,0xa0,0xfe,0xa0,
    0xfe,0xa0,0xfe,0xc0,0xfe,0x20,0xff,0x40,0xff,0x20,0xff,0x20,0xff,0xe0,0xfe,0xc0,
    0xfe,0xa0,0xfe,0xa0,0xfe,0x80,0xf6,0x60,0xf6,0x60,0xf6,0x80,0xf6,0xa0,0xfe,0xc0,
    0xfe,0xe0,0xfe,0x20,0xff,0x20,0xff,0x20,0xff,0x00,0xff,0xc0,0xfe,0x80,0xfe,0xa0,
    0xfe,0xa0,0xfe,0xa0,0xfe,0xa0,0xfe,0xa0,0xfe,0xa0,0xfe,0xc0,0xfe,0xc0,0xfe,0xa0,
    0xfe,0x00,0xff,0x40,0xff,0x20,0xff,0x20,0xff,0x00,0xff,0xe0,0xfe,0xc0,0xfe,0xa0,
    0xfe,0xa0,0xf6,0x80,0xf6,0x60,0xf6,0x40,0xf6,0x60,0xf6,0x80,0xfe,0xa0,0xfe,0xc0,
    0xfe,0x00,0xff,0x00,0xff,0x20,0xff,0x00,0xff,0xc0,0xfe,0x80,0xfe,0xa0,0xfe,0xa0,
    0xfe,0xa0,0xfe,0xa0,0xfe,0xa0,0xfe,0xa0,0xfe,0xc0,0xfe,0x00,0xff,0x00,0xff,0x00,
    0xff,0x00,0xff,0x20,0xff,0x20,0xff,0xe0,0xfe,0xa0,0xfe,0xa0,0xfe,0xa0,0xfe,0xa0,
    0xfe,0xa0,0xfe,0xa0,0xfe,0xa0,0xfe,0xa0,0xfe,0xa0,0xfe,0x80,0xfe,0xc0,0xfe,0x00,
    0xff,0x00,0xff,0x00,0xff,0xe0,0xfe,0xe0,0xfe,0xc0,0xfe,0xa0,0xfe,0xa0,0xf6,0x80,
    0xf6,0x80,0xf6,0xa0,0xfe,0xa0,0xfe,0xc0,0xfe,0xe0,0xfe,0x87,0xe0,0xfe,0x00,0xff,
    0x20,0xff,0x20,0xff,0x00,0xff,0xc0,0xfe,0xa0,0xfe,0x46,0xa0,0xfe,0x88,0x80,0xfe,
    0xa0,0xfe,0xa0,0xfe,0x80,0xfe,0x80,0xfe,0x80,0xfe,0x80,0xfe,0xa0,0xfe,0x18,0xa0,
    0xfe,0xa2,0xc0,0xfe,0xc0,0xfe,0x80,0xfe,0x80,0xfe,0xa0,0xfe,0xa0,0xfe,0xa0,0xfe,
    0xa0,0xfe,0xa0,0xfe,0xa0,0xfe,0xa0,0xfe,0xa0,0xfe,0x80,0xfe,0x80,0xfe,0x80,0xfe,
    0x80,0xfe,0x80,0xfe,0xa0,0xfe,0xa0,0xfe,0xa0,0xfe,0xa0,0xfe,0xa0,0xfe,0xa0,0xfe,
    0xa0,0xfe,0xa0,0xfe,0xa0,0xfe,0x80,0xfe,0x80,0xfe,0xa0,0xfe,0xa0,0xfe,0xa0,0xfe,
    0xa0,0xfe,0x80,0xfe,0xa0,0xfe,0x14,0xa0,0xfe,0xdd,0xc0,0xfe,0xc0,0xfe,0xc0,0xfe,
    0xa0,0xfe,0xa0,0xfe,0xa0,0xfe,0xa0,0xfe,0xa0,0xfe,0xa0,0xfe,0xc0,0xfe,0xc0,0xfe,
    0xc0,0xfe,0xc0,0xfe,0xc0,0xfe,0xc0,0xfe,0xc0,0xfe,0xc0,0xfe,0xa0,0xfe,0xa0,0xfe,
    0xa0,0xfe,0xa0,0xfe,0xa0,0xfe,0xa0,0xfe,0xa0,0xfe,0xa0,0xfe,0xa0,0xfe,0xa0,0xfe,
    0xa0,0xfe,0xa0,0xfe,0xa0,0xfe,0xa0,0xfe,0xa0,0xfe,0xa0,0xfe,0xc0,0xfe,0xa0,0xfe,
    0xa0,0xfe,0xa0,0xfe,0xa0,0xfe,0xa0,0xfe,0xa0,0xfe,0xa0,0xfe,0xc0,0xfe,0xc0,0xfe,
    0xc0,0xfe,0xc0,0xfe,0xc0,0xfe,0xc0,0xfe,0xc0,0xfe,0xa0,0xfe,0xa0,0xfe,0xa0,0xfe,
    0x80,0xfe,0x80,0xfe,0xa0,0xfe,0xa0,0xfe,0xa0,0xfe,0xa0,0xfe,0xa0,0xfe,0xa0,0xfe,
    0xa0,0xfe,0xa0,0xfe,0xa0,0xfe,0xa0,0xfe,0xc0,0xfe,0xa0,0xfe,0xa0,0xfe,0xa0,0xfe,
    0xc0,0xfe,0xc0,0xfe,0xc0,0xfe,0xc0,0xfe,0xc0,0xfe,0xc0,0xfe,0xc0,0xfe,0xc0,0xfe,
    0xa0,0xfe,0xa0,0xfe,0xa0,0xfe,0xa0,0xfe,0xa0,0xfe,0xa0,0xfe,0xa0,0xfe,0x80,0xfe,
    0x80,0xfe,0xa0,0xfe,0xa0,0xfe,0xa0,0xfe,0xa0,0xfe,0xa0,0xfe,0xa0,0xfe,0xa0,0xfe,
    0xc0,0xfe,0xa0,0xfe,0x12,0xa0,0xfe,0x95,0x80,0xfe,0x80,0xfe,0x80,0xfe,0xa0,0xfe,
    0xa0,0xfe,0xc0,0xfe,0xc0,0xfe,0xc0,0xfe,0xc0,0xfe,0xc0,0xfe,0xc0,0xfe,0xa0,0xfe,
    0xa0,0xfe,0xa0,0xfe,0xa0,0xfe,0xa0,0xfe,0xa0,0xfe,0xa0,0xfe,0xa0,0xfe,0xc0,0xfe,
    0xa0,0xfe,0x47,0xa0,0xfe,0xc1,0x80,0xfe,0xa0,0xfe,0x80,0xfe,0x80,0xfe,0x80,0xfe,
    0x80,0xfe,0xa0,0xfe,0xa0,0xfe,0xa0,0xfe,0xa0,0xfe,0xa0,0xfe,0xa0,0xfe,0xc0,0xfe,
    0xa0,0xfe,0xc0,0xfe,0xc0,0xfe,0xa0,0xfe,0xa0,0xfe,0xa0,0xfe,0xa0,0xfe,0xa0,0xfe,
    0xa0,0xfe,0xa0,0xfe,0xa0,0xfe,0xa0,0xfe,0xa0,0xfe,0xa0,0xfe,0xa0,0xfe,0xa0,0xfe,
    0xa0,0xfe,0xa0,0xfe,0xc0,0xfe,0xc0,0xfe,0x80,0xfe,0xa0,0xfe,0xa0,0xfe,0xa0,0xfe,
    0xa0,0xfe,0xa0,0xfe,0xa0,0xfe,0xa0,0xfe,0xa0,0xfe,0xa0,0xfe,0xa0,0xfe,0x80,0xfe,
    0x80,0xfe,0x80,0xfe,0x80,0xfe,0xa0,0xfe,0xa0,0xfe,0xa0,0xfe,0xa0,0xfe,0xa0,0xfe,
    0xa0,0xfe,0xa0,0xfe,0xa0,0xfe,0xa0,0xfe,0x80,0xfe,0x80,0xfe,0xa0,0xfe,0xa0,0xfe,
    0xa0,0xfe,0xa0,0xfe,0x80,0xfe,0xa0,0xfe,0x15,0xa0,0xfe,0xa3,0xc0,0xfe,0xc0,0xfe,
    0xc0,0xfe,0xc0,0xfe,0xc0,0xfe,0xc0,0xfe,0xc0,0xfe,0xa0,0xfe,0xa0,0xfe,0xa0,0xfe,
    0xa0,0xfe,0xa0,0xfe,0xa0,0xfe,0xa0,0xfe,0xa0,0xfe,0xc0,0xfe,0xc0,0xfe,0xc0,0xfe,
    0xa0,0xfe,0xa0,0xfe,0xa0,0xfe,0xa0,0xfe,0xa0,0xfe,0xa0,0xfe,0xa0,0xfe,0xa0,0xfe,
    0xa0,0xfe,0xa0,0xfe,0xa0,0xfe,0xa0,0xfe,0xa0,0xfe,0xa0,0xfe,0xc0,0xfe,0xc0,0xfe,
    0xa0,0xfe,0x1c,0xa0,0xfe,0x87,0xc0,0xfe,0xc0,0xfe,0xc0,0xfe,0xc0,0xfe,0xc0,0xfe,
    0xc0,0xfe,0xa0,0xfe,0x15,0xa0,0xfe,0x85,0xc0,0xfe,0xc0,0xfe,0xa0,0xfe,0xc0,0xfe,
    0xa0,0xfe,0x6a,0xa0,0xfe,0xbc,0x80,0xfe,0xa0,0xfe,0x80,0xfe,0x80,0xfe,0xa0,0xfe,
    0xa0,0xfe,0xa0,0xfe,0xa0,0xfe,0xa0,0xfe,0xa0,0xfe,0xa0,0xfe,0xa0,0xfe,0xa0,0xfe,
    0xc0,0xfe,0xc0,0xfe,0xa0,0xfe,0xc0,0xfe,0xa0,0xfe,0xa0,0xfe,0xa0,0xfe,0xa0,0xfe,
    0xa0,0xfe,0xa0,0xfe,0xa0,0xfe,0xa0,0xfe,0xa0,0xfe,0xa0,0xfe,0xa0,0xfe,0xa0,0xfe,
    0xa0,0xfe,0xa0,0xfe,0xc0,0xfe,0xa0,0xfe,0xa0,0xfe,0xa0,0xfe,0xa0,0xfe,0xa0,0xfe,
    0xa0,0xfe,0xa0,0xfe,0xa0,0xfe,0xa0,0xfe,0xa0,0xfe,0xa0,0xfe,0xa0,0xfe,0xa0,0xfe,
    0x80,0xfe,0x80,0xfe,0x80,0xfe,0x80,0xfe,0xa0,0xfe,0xa0,0xfe,0xa0,0xfe,0xa0,0xfe,
    0xa0,0xfe,0xa0,0xfe,0xa0,0xfe,0xa0,0xfe,0xa0,0xfe,0x80,0xfe,0xa0,0xfe,0x1d,0xa0,
    0xfe,0x83,0xc0,0xfe,0xc0,0xfe,0xa0,0xfe,0x2c,0xa0,0xfe,0x87,0x80,0xfe,0x80,0xfe,
    0xa0,0xfe,0xa0,0xfe,0x80,0xfe,0x80,0xfe,0xa0,0xfe,0x3c,0xa0,0xfe,0x82,0xc0,0xfe,
    0xa0,0xfe,0x27,0xa0,0xfe,0x82,0x80,0xfe,0xa0,0xfe,0x2a,0xa0,0xfe,0xbc,0x80,0xfe,
    0xa0,0xfe,0x80,0xfe,0xa0,0xfe,0xa0,0xfe,0xa0,0xfe,0xa0,0xfe,0xa0,0xfe,0xa0,0xfe,
    0xa0,0xfe,0xa0,0xfe,0xa0,0xfe,0xa0,0xfe,0xc0,0xfe,0xc0,0xfe,0xa0,0xfe,0xc0,0xfe,
    0xa0,0xfe,0xa0,0xfe,0xa0,0xfe,0xa0,0xfe,0xa0,0xfe,0xa0,0xfe,0xa0,0xfe,0xa0,0xfe,
    0xa0,0xfe,0xa0,0xfe,0xa0,0xfe,0xa0,0xfe,0xa0,0xfe,0xa0,0xfe,0xc0,0xfe,0xa0,0xfe,
    0x80,0xfe,0xa0,0xfe,0xa0,0xfe,0xa0,0xfe,0xa0,0xfe,0xa0,0xfe,0xa0,0xfe,0xa0,0xfe,
    0xa0,0xfe,0xa0,0xfe,0xa0,0xfe,0x80,0xfe,0x80,0xfe,0x80,0xfe,0x80,0xfe,0x80,0xfe,
    0xa0,0xfe,0xa0,0xfe,0xa0,0xfe,0xa0,0xfe,0xa0,0xfe,0xa0,0xfe,0xa0,0xfe,0xa0,0xfe,
    0xa0,0xfe,0x80,0xfe,0xa0,0xfe,0x49,0xa0,0xfe,0x89,0x80,0xfe,0x80,0xfe,0x80,0xfe,
    0x80,0xfe,0x80,0xfe,0x80,0xfe,0x80,0xfe,0x80,0xfe,0xa0,0xfe,0x1a,0xa0,0xfe,0x84,
    0x80,0xfe,0x80,0xfe,0x80,0xfe,0xa0,0xfe,0x15,0xa0,0xfe,0x86,0x80,0xfe,0x80,0xfe,
    0x80,0xfe,0x80,0xfe,0x80,0xfe,0xa0,0xfe,0x25,0xa0,0xfe,0x8a,0x80,0xfe,0xa0,0xfe,
    0xa0,0xfe,0xa0,0xfe,0xa0,0xfe,0xa0,0xfe,0x80,0xfe,0x80,0xfe,0x80,0xfe,0xa0,0xfe,
    0x2c,0xa0,0xfe,0xb1,0x80,0xfe,0xa0,0xfe,0xa0,0xfe,0xa0,0xfe,0xa0,0xfe,0xa0,0xfe,
    0xa0,0xfe,0xa0,0xfe,0xa0,0xfe,0xa0,0xfe,0xa0,0xfe,0xa0,0xfe,0xc0,0xfe,0xc0,0xfe,
    0xc0,0xfe,0xa0,0xfe,0xa0,0xfe,0xc0,0xfe,0xa0,0xfe,0xa0,0xfe,0xa0,0xfe,0xa0,0xfe,
    0xa0,0xfe,0xa0,0xfe,0xa0,0xfe,0xa0,0xfe,0xa0,0xfe,0xa0,0xfe,0xa0,0xfe,0xc0,0xfe,
    0xa0,0xfe,0x80,0xfe,0xa0,0xfe,0xa0,0xfe,0xa0,0xfe,0xa0,0xfe,0xa0,0xfe,0xa0,0xfe,
    0xa0,0xfe,0xa0,0xfe,0xa0,0xfe,0xa0,0xfe,0xa0,0xfe,0x80,0xfe,0x80,0xfe,0x80,0xfe,
    0x80,0xfe,0x80,0xfe,0xa0,0xfe,0x30,0xa0,0xfe,0x84,0x80,0xfe,0x80,0xfe,0x80,0xfe,
    0xa0,0xfe,0x11,0xa0,0xfe,0xfd,0x80,0xfe,0x80,0xfe,0x80,0xfe,0x80,0xfe,0x80,0xfe,
    0xa0,0xfe,0xa0,0xfe,0xa0,0xfe,0xa0,0xfe,0xa0,0xfe,0xa0,0xfe,0x80,0xfe,0x80,0xfe,
    0x80,0xfe,0x80,0xfe,0x80,0xfe,0x80,0xfe,0x80,0xfe,0x80,0xfe,0x80,0xfe,0x80,0xfe,
    0xa0,0xfe,0xa0,0xfe,0xa0,0xfe,0xa0,0xfe,0xa0,0xfe,0xa0,0xfe,0xa0,0xfe,0xa0,0xfe,
    0xa0,0xfe,0xa0,0xfe,0xa0,0xfe,0xa0,0xfe,0xa0,0xfe,0xa0,0xfe,0x80,0xfe,0x80,0xfe,
    0x80,0xfe,0x80,0xfe,0x80,0xfe,0x80,0xfe,0x80,0xfe,0x80,0xfe,0x80,0xfe,0x80,0xfe,
    0xa0,0xfe,0x80,0xfe,0x80,0xfe,0x80,0xfe,0x80,0xfe,0xa0,0xfe,0xa0,0xfe,0xa0,0xfe,
    0xa0,0xfe,0xa0,0xfe,0xa0,0xfe,0x80,0xfe,0xa0,0xfe,0xa0,0xfe,0xa0,0xfe,0xa0,0xfe,
    0xa0,0xfe,0xa0,0xfe,0xa0,0xfe,0xa0,0xfe,0xa0,0xfe,0xa0,0xfe,0xa0,0xfe,0xa0,0xfe,
    0xa0,0xfe,0xa0,0xfe,0xa0,0xfe,0x80,0xfe,0x80,0xfe,0x80,0xfe,0x80,0xfe,0x80,0xfe,
    0x80,0xfe,0x80,0xfe,0x80,0xfe,0x80,0xfe,0x80,0xfe,0x80,0xfe,0xa0,0xfe,0xa0,0xfe,
    0xa0,0xfe,0xa0,0xfe,0xa0,0xfe,0x80,0xfe,0x80,0xfe,0x80,0xfe,0x80,0xfe,0x80,0xfe,
    0xa0,0xfe,0xa0,0xfe,0xa0,0xfe,0xa0,0xfe,0xa0,0xfe,0xa0,0xfe,0x80,0xfe,0x80,0xfe,
    0xa0,0xfe,0xa0,0xfe,0xa0,0xfe,0xa0,0xfe,0xa0,0xfe,0xa0,0xfe,0xa0,0xfe,0xa0,0xfe,
    0xa0,0xfe,0xa0,0xfe,0xa0,0xfe,0xa0,0xfe,0xa0,0xfe,0x80,0xfe,0x80,0xfe,0x80,0xfe,
    0x80,0xfe,0x80,0xfe,0x80,0xfe,0xa0,0xfe,0xa0,0xfe,0x80,0xfe,0x80,0xfe,0xa0,0xfe,
    0x2b,0xa0,0xfe,0x84,0x80,0xfe,0x80,0xfe,0x80,0xfe,0xa0,0xfe,0x1b,0xa0,0xfe,0x9e,
    0xc0,0xfe,0xa0,0xfe,0xa0,0xfe,0xa0,0xfe,0xa0,0xfe,0xa0,0xfe,0xa0,0xfe,0xa0,0xfe,
    0xa0,0xfe,0xa0,0xfe,0xa0,0xfe,0xa0,0xfe,0xa0,0xfe,0xa0,0xfe,0xa0,0xfe,0x80,0xfe,
    0x80,0xfe,0xa0,0xfe,0xa0,0xfe,0xa0,0xfe,0xa0,0xfe,0xa0,0xfe,0xa0,0xfe,0xa0,0xfe,
    0xa0,0xfe,0xa0,0xfe,0xa0,0xfe,0xa0,0xfe,0x80,0xfe,0xa0,0xfe,0x26,0xa0,0xfe,0xff,
    0x80,0xfe,0x80,0xfe,0x80,0xfe,0x80,0xfe,0xa0,0xfe,0x80,0xfe,0x80,0xfe,0xa0,0xfe,
    0xa0,0xfe,0xa0,0xfe,0xa0,0xfe,0xa0,0xfe,0xa0,0xfe,0xa0,0xfe,0xa0,0xfe,0xa0,0xfe,
    0xa0,0xfe,0xa0,0xfe,0xa0,0xfe,0xa0,0xfe,0xa0,0xfe,0x80,0xfe,0x80,0xfe,0x80,0xfe,
    0x80,0xfe,0x80,0xfe,0x80,0xfe,0xa0,0xfe,0xa0,0xfe,0xa0,0xfe,0x80,0xfe,0x80,0xfe,
    0x80,0xfe,0x80,0xfe,0x80,0xfe,0x80,0xfe,0x80,0xfe,0x80,0xfe,0x80,0xfe,0x80,0xfe,
    0x80,0xfe,0x80,0xfe,0xa0,0xfe,0xa0,0xfe,0xa0,0xfe,0xa0,0xfe,0xa0,0xfe,0xa0,0xfe,
    0xa0,0xfe,0xa0,0xfe,0xa0,0xfe,0xa0,0xfe,0xa0,0xfe,0x80,0xfe,0xa0,0xfe,0x80,0xfe,
    0x80,0xfe,0x80,0xfe,0x80,0xfe,0x80,0xfe,0x80,0xfe,0x80,0xfe,0x80,0xfe,0x80,0xfe,
    0x80,0xfe,0x80,0xfe,0x80,0xfe,0x80,0xfe,0x80,0xfe,0x80,0xfe,0x80,0xfe,0x80,0xfe,
    0xa0,0xfe,0xa0,0xfe,0xa0,0xfe,0xa0,0xfe,0x80,0xfe,0x80,0xfe,0xa0,0xfe,0xa0,0xfe,
    0xa0,0xfe,0xa0,0xfe,0xa0,0xfe,0xa0,0xfe,0xa0,0xfe,0xa0,0xfe,0xa0,0xfe,0xa0,0xfe,
    0x80,0xfe,0x80,0xfe,0x80,0xfe,0x80,0xfe,0x80,0xfe,0x80,0xfe,0x80,0xfe,0x80,0xfe,
    0x80,0xfe,0x80,0xfe,0x80,0xfe,0x80,0xfe,0x80,0xfe,0x80,0xfe,0x80,0xfe,0x80,0xfe,
    0xa0,0xfe,0xa0,0xfe,0xa0,0xfe,0xa0,0xfe,0x80,0xfe,0x80,0xfe,0x80,0xfe,0x80,0xfe,
    0x80,0xfe,0x80,0xfe,0xa0,0xfe,0xa0,0xfe,0xa0,0xfe,0xa0,0xfe,0xa0,0xfe,0x80,0xfe,
    0x80,0xfe,0x80,0xfe,0x80,0xfe,0xa0,0xfe,0xa0,0xfe,0xa0,0xfe,0xa0,0xfe,0x95,0xa0,
    0xfe,0xa0,0xfe,0xa0,0xfe,0x80,0xfe,0x80,0xfe,0x80,0xfe,0x80,0xfe,0x80,0xfe,0x80,
    0xfe,0x80,0xfe,0x80,0xfe,0x80,0xfe,0x80,0xfe,0x80,0xfe,0xa0,0xfe,0x80,0xfe,0x80,
    0xfe,0x80,0xfe,0x80,0xfe,0x80,0xfe,0xa0,0xfe,0x48,0xa0,0xfe,0x9e,0xc0,0xfe,0xa0,
    0xfe,0xa0,0xfe,0xa0,0xfe,0xa0,0xfe,0xa0,0xfe,0xa0,0xfe,0xa0,0xfe,0xa0,0xfe,0xa0,
    0xfe,0xa0,0xfe,0xa0,0xfe,0xa0,0xfe,0xa0,0xfe,0xa0,0xfe,0xa0,0xfe,0x80,0xfe,0xa0,
    0xfe,0xa0,0xfe,0xa0,0xfe,0xa0,0xfe,0xa0,0xfe,0x80,0xfe,0xa0,0xfe,0xa0,0xfe,0x80,
    0xfe,0xa0,0xfe,0xa0,0xfe,0x80,0xfe,0xa0,0xfe,0x26,0xa0,0xfe,0xff,0x80,0xfe,0x80,
    0xfe,0x80,0xfe,0x80,0xfe,0x80,0xfe,0x80,0xfe,0x80,0xfe,0xa0,0xfe,0xa0,0xfe,0xa0,
    0xfe,0xa0,0xfe,0xa0,0xfe,0xa0,0xfe,0xa0,0xfe,0xa0,0xfe,0xa0,0xfe,0xa0,0xfe,0xa0,
    0xfe,0xa0,0xfe,0xa0,0xfe,0xa0,0xfe,0xa0,0xfe,0x80,0xfe,0x80,0xfe,0xa0,0xfe,0xa0,
    0xfe,0xa0,0xfe,0xa0,0xfe,0xa0,0xfe,0xa0,0xfe,0x80,0xfe,0x80,0xfe,0x80,0xfe,0x80,
    0xfe,0x80,0xfe,0x80,0xfe,0x80,0xfe,0x80,0xfe,0x80,0xfe,0x80,0xfe,0x80,0xfe,0xa0,
    0xfe,0xa0,0xfe,0xa0,0xfe,0xa0,0xfe,0xa0,0xfe,0xa0,0xfe,0xa0,0xfe,0xa0,0xfe,0xa0,
    0xfe,0xa0,0xfe,0xa0,0xfe,0xa0,0xfe,0xa0,0xfe,0xa0,0xfe,0x80,0xfe,0x80,0xfe,0x80,
    0xfe,0x80,0xfe,0x80,0xfe,0x80,0xfe,0x80,0xfe,0x80,0xfe,0x80,0xfe,0x80,0xfe,0x80,
    0xfe,0x80,0xfe,0x80,0xfe,0x80,0xfe,0x80,0xfe,0x80,0xfe,0x80,0xfe,0xa0,0xfe,0xa0,
    0xfe,0xa0,0xfe,0xa0,0xfe,0xa0,0xfe,0x80,0xfe,0xa0,0xfe,0x80,0xfe,0x80,0xfe,0xa0,
    0xfe,0xa0,0xfe,0xa0,0xfe,0xa0,0xfe,0xa0,0xfe,0xa0,0xfe,0xa0,0xfe,0x80,0xfe,0x80,
    0xfe,0x80,0xfe,0x80,0xfe,0x80,0xfe,0x80,0xfe,0x80,0xfe,0x80,0xfe,0x80,0xfe,0x80,
    0xfe,0x80,0xfe,0x80,0xfe,0x80,0xfe,0x80,0xfe,0x80,0xfe,0x80,0xfe,0xa0,0xfe,0xa0,
    0xfe,0x80,0xfe,0x80,0xfe,0xa0,0xfe,0x80,0xfe,0x80,0xfe,0x80,0xfe,0x80,0xfe,0x80,
    0xfe,0xa0,0xfe,0xa0,0xfe,0xa0,0xfe,0xa0,0xfe,0xa0,0xfe,0x80,0xfe,0x80,0xfe,0x80,
    0xfe,0x80,0xfe,0xa0,0xfe,0xa0,0xfe,0xa0,0xfe,0xa0,0xfe,0x95,0xa0,0xfe,0xa0,0xfe,
    0xa0,0xfe,0xa0,0xfe,0x80,0xfe,0x80,0xfe,0x80,0xfe,0x80,0xfe,0x80,0xfe,0x80,0xfe,
    0x80,0xfe,0x80,0xfe,0x80,0xfe,0x80,0xfe,0x80,0xfe,0x80,0xfe,0x80,0xfe,0x80,0xfe,
    0x80,0xfe,0x80,0xfe,0xa0,0xfe,0x27,0xa0,0xfe,0x84,0x80,0xfe,0x80,0xfe,0x80,0xfe,
    0xa0,0xfe,0x1d,0xa0,0xfe,0x99,0xc0,0xfe,0xa0,0xfe,0xa0,0xfe,0xa0,0xfe,0xa0,0xfe,
    0xa0,0xfe,0xa0,0xfe,0xa0,0xfe,0xa0,0xfe,0xa0,0xfe,0xa0,0xfe,0xc0,0xfe,0xa0,0xfe,
    0xa0,0xfe,0xa0,0xfe,0xa0,0xfe,0xa0,0xfe,0xa0,0xfe,0xa0,0xfe,0xa0,0xfe,0xa0,0xfe,
    0xa0,0xfe,0x80,0xfe,0x80,0xfe,0xa0,0xfe,0x4a,0xa0,0xfe,0xf4,0x80,0xfe,0x80,0xfe,
    0x80,0xfe,0x80,0xfe,0x80,0xfe,0x80,0xfe,0x80,0xfe,0xa0,0xfe,0x80,0xfe,0x80,0xfe,
    0xa0,0xfe,0xa0,0xfe,0xa0,0xfe,0xa0,0xfe,0xa0,0xfe,0xa0,0xfe,0xa0,0xfe,0xa0,0xfe,
    0xa0,0xfe,0xa0,0xfe,0xa0,0xfe,0xa0,0xfe,0xa0,0xfe,0xa0,0xfe,0xa0,0xfe,0x80,0xfe,
    0x80,0xfe,0x80,0xfe,0x80,0xfe,0x80,0xfe,0x80,0xfe,0x80,0xfe,0x80,0xfe,0x80,0xfe,
    0x80,0xfe,0x80,0xfe,0x80,0xfe,0x80,0xfe,0x80,0xfe,0x80,0xfe,0x80,0xfe,0xa0,0xfe,
    0xa0,0xfe,0xa0,0xfe,0xa0,0xfe,0xa0,0xfe,0x80,0xfe,0xa0,0xfe,0xa0,0xfe,0xa0,0xfe,
    0xa0,0xfe,0xa0,0xfe,0xa0,0xfe,0xa0,0xfe,0xa0,0xfe,0xa0,0xfe,0xa0,0xfe,0x80,0xfe,
    0x80,0xfe,0x80,0xfe,0x80,0xfe,0x80,0xfe,0x80,0xfe,0x80,0xfe,0x80,0xfe,0x80,0xfe,
    0x80,0xfe,0xa0,0xfe,0xa0,0xfe,0x80,0xfe,0x80,0xfe,0x80,0xfe,0xa0,0xfe,0xa0,0xfe,
    0xa0,0xfe,0xa0,0xfe,0x80,0xfe,0xa0,0xfe,0xa0,0xfe,0xa0,0xfe,0xa0,0xfe,0xa0,0xfe,
    0xa0,0xfe,0xa0,0xfe,0xa0,0xfe,0xa0,0xfe,0xa0,0xfe,0xa0,0xfe,0xa0,0xfe,0xa0,0xfe,
    0x80,0xfe,0xa0,0xfe,0xa0,0xfe,0xa0,0xfe,0xa0,0xfe,0xa0,0xfe,0xa0,0xfe,0xa0,0xfe,
    0x80,0xfe,0x80,0xfe,0x80,0xfe,0x80,0xfe,0x80,0xfe,0x80,0xfe,0x80,0xfe,0xa0,0xfe,
    0xa0,0xfe,0xa0,0xfe,0x80,0xfe,0x80,0xfe,0x80,0xfe,0x80,0xfe,0x80,0xfe,0x80,0xfe,
    0x80,0xfe,0xa0,0xfe,0x1e,0xa0,0xfe,0x94,0x80,0xfe,0xa0,0xfe,0xa0,0xfe,0x80,0xfe,
    0x80,0xfe,0xa0,0xfe,0xa0,0xfe,0xa0,0xfe,0xa0,0xfe,0xa0,0xfe,0x80,0xfe,0x80,0xfe,
    0x80,0xfe,0xa0,0xfe,0xa0,0xfe,0xa0,0xfe,0xa0,0xfe,0xa0,0xfe,0x80,0xfe,0xa0,0xfe,
    0x17,0xa0,0xfe,0x83,0xc0,0xfe,0xc0,0xfe,0xa0,0xfe,0x13,0xa0,0xfe,0x97,0x80,0xfe,
    0x80,0xfe,0x80,0xfe,0x80,0xfe,0xa0,0xfe,0xa0,0xfe,0xa0,0xfe,0xa0,0xfe,0xa0,0xfe,
    0xa0,0xfe,0xa0,0xfe,0xa0,0xfe,0xa0,0xfe,0xa0,0xfe,0xa0,0xfe,0xa0,0xfe,0xa0,0xfe,
    0xa0,0xfe,0xa0,0xfe,0x80,0xfe,0xa0,0xfe,0x80,0xfe,0xa0,0xfe,0x3b,0xa0,0xfe,0x83,
    0x80,0xfe,0x80,0xfe,0xa0,0xfe,0x14,0xa0,0xfe,0x8d,0x80,0xfe,0x80,0xfe,0x80,0xfe,
    0xa0,0xfe,0xa0,0xfe,0xa0,0xfe,0xa0,0xfe,0xa0,0xfe,0xa0,0xfe,0xa0,0xfe,0xa0,0xfe,
    0x80,0xfe,0xa0,0xfe,0x15,0xa0,0xfe,0x83,0x80,0xfe,0x80,0xfe,0xa0,0xfe,0x20,0xa0,
    0xfe,0x85,0x80,0xfe,0x80,0xfe,0x80,0xfe,0x80,0xfe,0xa0,0xfe,0x37,0xa0,0xfe,0x86,
    0x80,0xfe,0x80,0xfe,0x80,0xfe,0xa0,0xfe,0x80,0xfe,0xa0,0xfe,0x1a,0xa0,0xfe,0xad,
    0xc0,0xfe,0xc0,0xfe,0xa0,0xfe,0xa0,0xfe,0xa0,0xfe,0xa0,0xfe,0xa0,0xfe,0xa0,0xfe,
    0xa0,0xfe,0xa0,0xfe,0xa0,0xfe,0xa0,0xfe,0xa0,0xfe,0xa0,0xfe,0xa0,0xfe,0x80,0xfe,
    0xa0,0xfe,0xa0,0xfe,0xa0,0xfe,0xa0,0xfe,0xa0,0xfe,0xa0,0xfe,0xa0,0xfe,0x80,0xfe,
    0x80,0xfe,0x80,0xfe,0xa0,0xfe,0x80,0xfe,0x80,0xfe,0xa0,0xfe,0xa0,0xfe,0xa0,0xfe,
    0xa0,0xfe,0xa0,0xfe,0xa0,0xfe,0xa0,0xfe,0xa0,0xfe,0xa0,0xfe,0xa0,0xfe,0xa0,0xfe,
    0xa0,0xfe,0x80,0xfe,0x80,0xfe,0x80,0xfe,0xa0,0xfe,0x12,0xa0,0xfe,0x84,0xc0,0xfe,
    0xc0,0xfe,0xc0,0xfe,0xa0,0xfe,0x3a,0xa0,0xfe,0x82,0x80,0xfe,0xa0,0xfe,0x7c,0xa0,
    0xfe,0x8e,0x80,0xfe,0x80,0xfe,0xa0,0xfe,0x80,0xfe,0x80,0xfe,0x80,0xfe,0xa0,0xfe,
    0x80,0xfe,0x80,0xfe,0x80,0xfe,0x80,0xfe,0x80,0xfe,0x80,0xfe,0xa0,0xfe,0x17,0xa0,
    0xfe,0x83,0xc0,0xfe,0xc0,0xfe,0xa0,0xfe,0x18,0xa0,0xfe,0xff,0x80,0xfe,0x80,0xfe,
    0xa0,0xfe,0xa0,0xfe,0xa0,0xfe,0xa0,0xfe,0xa0,0xfe,0xa0,0xfe,0xa0,0xfe,0xa0,0xfe,
    0xa0,0xfe,0xa0,0xfe,0xa0,0xfe,0xa0,0xfe,0xa0,0xfe,0x80,0xfe,0x80,0xfe,0x80,0xfe,
    0xa0,0xfe,0xa0,0xfe,0xa0,0xfe,0xa0,0xfe,0xa0,0xfe,0xa0,0xfe,0xa0,0xfe,0xa0,0xfe,
    0xa0,0xfe,0x80,0xfe,0xa0,0xfe,0xa0,0xfe,0x80,0xfe,0xa0,0xfe,0xa0,0xfe,0xa0,0xfe,
    0xa0,0xfe,0xa0,0xfe,0xa0,0xfe,0xa0,0xfe,0xa0,0xfe,0xa0,0xfe,0xc0,0xfe,0xa0,0xfe,
    0xa0,0xfe,0xa0,0xfe,0xa0,0xfe,0xa0,0xfe,0xa0,0xfe,0xa0,0xfe,0xa0,0xfe,0xa0,0xfe,
    0xa0,0xfe,0xa0,0xfe,0xa0,0xfe,0xa0,0xfe,0xa0,0xfe,0xa0,0xfe,0xa0,0xfe,0xa0,0xfe,
    0x80,0xfe,0xa0,0xfe,0xa0,0xfe,0xa0,0xfe,0xa0,0xfe,0xa0,0xfe,0xa0,0xfe,0xa0,0xfe,
    0xa0,0xfe,0x80,0xfe,0xa0,0xfe,0xa0,0xfe,0xa0,0xfe,0xa0,0xfe,0xa0,0xfe,0xa0,0xfe,
    0xa0,0xfe,0xa0,0xfe,0x80,0xfe,0xa0,0xfe,0xa0,0xfe,0xa0,0xfe,0xa0,0xfe,0x80,0xfe,
    0xa0,0xfe,0xa0,0xfe,0xa0,0xfe,0xa0,0xfe,0xa0,0xfe,0xa0,0xfe,0xa0,0xfe,0xa0,0xfe,
    0xa0,0xfe,0xa0,0xfe,0xa0,0xfe,0xa0,0xfe,0xa0,0xfe,0x80,0xfe,0xa0,0xfe,0xa0,0xfe,
    0xa0,0xfe,0x80,0xfe,0x80,0xfe,0xa0,0xfe,0xa0,0xfe,0xa0,0xfe,0xa0,0xfe,0xa0,0xfe,
    0xa0,0xfe,0xc0,0xfe,0xa0,0xfe,0xa0,0xfe,0xa0,0xfe,0xa0,0xfe,0xa0,0xfe,0x80,0xfe,
    0xa0,0xfe,0xa0,0xfe,0xa0,0xfe,0xa0,0xfe,0xa0,0xfe,0xa0,0xfe,0xa0,0xfe,0xa0,0xfe,
    0xa0,0xfe,0xa0,0xfe,0xa0,0xfe,0xa0,0xfe,0xa0,0xfe,0xbf,0x80,0xfe,0xa0,0xfe,0xa0,
    0xfe,0xa0,0xfe,0xa0,0xfe,0xa0,0xfe,0xa0,0xfe,0xa0,0xfe,0xa0,0xfe,0xa0,0xfe,0xa0,
    0xfe,0xc0,0xfe,0xc0,0xfe,0xc0,0xfe,0xc0,0xfe,0xc0,0xfe,0xc0,0xfe,0xc0,0xfe,0xa0,
    0xfe,0xa0,0xfe,0xa0,0xfe,0xa0,0xfe,0xa0,0xfe,0xa0,0xfe,0xa0,0xfe,0xa0,0xfe,0xc0,
    0xfe,0xa0,0xfe,0xc0,0xfe,0xc0,0xfe,0xc0,0xfe,0xc0,0xfe,0xc0,0xfe,0xc0,0xfe,0xc0,
    0xfe,0xc0,0xfe,0xa0,0xfe,0xa0,0xfe,0xa0,0xfe,0xa0,0xfe,0xa0,0xfe,0xa0,0xfe,0xa0,
    0xfe,0xa0,0xfe,0xa0,0xfe,0xa0,0xfe,0xa0,0xfe,0xa0,0xfe,0xa0,0xfe,0xa0,0xfe,0xc0,
    0xfe,0xc0,0xfe,0xc0,0xfe,0xc0,0xfe,0xc0,0xfe,0xc0,0xfe,0xc0,0xfe,0xc0,0xfe,0xc0,
    0xfe,0xc0,0xfe,0xc0,0xfe,0xc0,0xfe,0xa0,0xfe,0x24,0xa0,0xfe,0x8d,0x80,0xfe,0x80,
    0xfe,0x80,0xfe,0x80,0xfe,0x80,0xfe,0x80,0xfe,0x80,0xfe,0x80,0xfe,0x80,0xfe,0xa0,
    0xfe,0x80,0xfe,0x80,0xfe,0xa0,0xfe,0x16,0xa0,0xfe,0x9e,0xc0,0xfe,0xc0,0xfe,0xa0,
    0xfe,0xa0,0xfe,0xa0,0xfe,0xa0,0xfe,0xa0,0xfe,0xa0,0xfe,0xa0,0xfe,0xa0,0xfe,0xa0,
    0xfe,0xa0,0xfe,0xa0,0xfe,0xa0,0xfe,0xa0,0xfe,0xa0,0xfe,0xa0,0xfe,0xa0,0xfe,0xa0,
    0xfe,0x80,0xfe,0xa0,0xfe,0xa0,0xfe,0xa0,0xfe,0xa0,0xfe,0xa0,0xfe,0xa0,0xfe,0x80,
    0xfe,0x80,0xfe,0x80,0xfe,0xa0,0xfe,0x18,0xa0,0xfe,0xff,0xe0,0xfe,0xc0,0xfe,0xa0,
    0xfe,0xc0,0xfe,0xa0,0xfe,0xc0,0xfe,0xc0,0xfe,0xc0,0xfe,0xa0,0xfe,0xe0,0xfe,0xe0,
    0xfe,0xe0,0xfe,0x00,0xff,0xa0,0xfe,0xc0,0xfe,0xa0,0xfe,0xa0,0xfe,0xa0,0xfe,0xe0,
    0xfe,0xe0,0xfe,0xa0,0xfe,0xe0,0xfe,0xc0,0xfe,0xa0,0xfe,0xc0,0xfe,0xc0,0xfe,0xa0,
    0xfe,0xc0,0xfe,0xe0,0xfe,0xa0,0xfe,0xc0,0xfe,0xc0,0xfe,0xa0,0xfe,0xc0,0xfe,0xc0,
    0xfe,0xa0,0xfe,0xe0,0xfe,0xe0,0xfe,0xa0,0xfe,0xc0,0xfe,0xe0,0xfe,0xa0,0xfe,0xa0,
    0xfe,0xa0,0xfe,0xa0,0xfe,0xc0,0xfe,0xe0,0xfe,0xa0,0xfe,0xa0,0xfe,0xe0,0xfe,0xa0,
    0xfe,0xa0,0xfe,0xa0,0xfe,0xa0,0xfe,0xe0,0xfe,0xc0,0xfe,0xa0,0xfe,0xc0,0xfe,0xe0,
    0xfe,0xc0,0xfe,0xa0,0xfe,0xc0,0xfe,0xc0,0xfe,0x00,0xff,0xc0,0xfe,0xa0,0xfe,0xa0,
    0xfe,0xa0,0xfe,0xe0,0xfe,0xa0,0xfe,0xa0,0xfe,0x80,0xfe,0xc0,0xfe,0xc0,0xfe,0x80,
    0xfe,0xa0,0xfe,0xc0,0xfe,0x00,0xff,0xc0,0xfe,0xc0,0xfe,0xc0,0xfe,0x00,0xff,0xc0,
    0xfe,0xa0,0xfe,0xa0,0xfe,0xc0,0xfe,0xe0,0xfe,0xa0,0xfe,0xa0,0xfe,0xa0,0xfe,0xe0,
    0xfe,0xe0,0xfe,0xa0,0xfe,0xa0,0xfe,0xa0,0xfe,0xe0,0xfe,0xc0,0xfe,0xa0,0xfe,0xa0,
    0xfe,0xa0,0xfe,0x00,0xff,0xc0,0xfe,0xa0,0xfe,0xa0,0xfe,0xa0,0xfe,0xa0,0xfe,0xa0,
    0xfe,0x80,0xfe,0xa0,0xfe,0xa0,0xfe,0xa0,0xfe,0xa0,0xfe,0xa0,0xfe,0xa0,0xfe,0xa0,
    0xfe,0x80,0xfe,0x80,0xf6,0x80,0xf6,0x80,0xfe,0x80,0xfe,0x80,0xfe,0xa0,0xfe,0x80,
    0xfe,0x80,0xfe,0xa0,0xfe,0xa0,0xfe,0xa0,0xfe,0xa6,0xa0,0xfe,0xa0,0xfe,0xa0,0xfe,
    0xa0,0xfe,0xa0,0xfe,0xa0,0xfe,0xa0,0xfe,0x80,0xfe,0x80,0xfe,0x80,0xfe,0x80,0xfe,
    0x80,0xfe,0x80,0xfe,0x80,0xfe,0xa0,0xfe,0xa0,0xfe,0xa0,0xfe,0x80,0xfe,0x80,0xfe,
    0x80,0xfe,0x80,0xfe,0x80,0xfe,0x80,0xfe,0x80,0xf6,0x80,0xf6,0xa0,0xfe,0xa0,0xfe,
    0xa0,0xfe,0xa0,0xfe,0xa0,0xfe,0xa0,0xfe,0xa0,0xfe,0x80,0xf6,0x80,0xf6,0x80,0xf6,
    0xa0,0xfe,0x00,0xff,0xa0,0xfe,0x22,0xa0,0xfe,0x8b,0x80,0xfe,0x80,0xfe,0x80,0xfe,
    0x80,0xfe,0x80,0xfe,0x80,0xfe,0x80,0xfe,0xa0,0xfe,0x80,0xfe,0x80,0xfe,0xa0,0xfe,
    0x18,0xa0,0xfe,0x9e,0xc0,0xfe,0xc0,0xfe,0xa0,0xfe,0xa0,0xfe,0xa0,0xfe,0xa0,0xfe,
    0xa0,0xfe,0xa0,0xfe,0xc0,0xfe,0xa0,0xfe,0xa0,0xfe,0xa0,0xfe,0xa0,0xfe,0xa0,0xfe,
    0xa0,0xfe,0xa0,0xfe,0xa0,0xfe,0xa0,0xfe,0xa0,0xfe,0xa0,0xfe,0xa0,0xfe,0xa0,0xfe,
    0xa0,0xfe,0xa0,0xfe,0xa0,0xfe,0x80,0xfe,0x80,0xfe,0x80,0xfe,0x80,0xfe,0xa0,0xfe,
    0x17,0xa0,0xfe,0xff,0xe0,0xfe,0xa0,0xac,0x80,0x39,0x60,0x39,0xe0,0xc4,0xe0,0xfe,
    0xa0,0xfe,0xc0,0xfe,0xa0,0xfe,0xe0,0xfe,0x20,0xc5,0xa0,0x41,0x60,0x39,0x80,0xb4,
    0xe0,0xfe,0xa0,0xfe,0xc0,0xfe,0xa0,0xfe,0xe0,0xfe,0xc0,0xd5,0x00,0x4a,0x20,0x29,
    0x40,0x5a,0x40,0xee,0xc0,0xfe,0xa0,0xfe,0xa0,0xfe,0xe0,0xfe,0x00,0xe6,0x20,0x52,
    0x20,0x31,0xa0,0x49,0x20,0xcd,0xe0,0xfe,0xa0,0xfe,0xc0,0xfe,0x00,0xff,0x80,0xd5,
    0xe0,0x49,0x40,0x31,0x60,0x39,0xc0,0x93,0xc0,0xfe,0xa0,0xfe,0xa0,0xfe,0xe0,0xfe,
    0xc0,0xdd,0xe0,0x49,0x40,0x31,0x40,0x31,0xc0,0x93,0xe0,0xfe,0xa0,0xfe,0xa0,0xfe,
    0xe0,0xfe,0x00,0x9c,0x40,0x39,0x60,0x39,0x60,0x39,0xe0,0x51,0xc0,0xdd,0xe0,0xfe,
    0xc0,0xfe,0x20,0xff,0x60,0xc5,0x80,0x39,0x20,0x29,0x20,0x29,0x20,0x31,0x20,0x7b,
    0xa0,0xfe,0x80,0xfe,0xe0,0xfe,0x00,0xc5,0x80,0x39,0x40,0x31,0x40,0x31,0x40,0x31,
    0xc0,0x93,0xe0,0xfe,0xc0,0xfe,0x20,0xff,0x20,0x94,0x40,0x31,0x40,0x31,0x40,0x31,
    0x60,0x39,0x40,0x83,0xa0,0xfe,0xa0,0xfe,0x00,0xff,0x40,0xc5,0xa0,0x41,0x40,0x31,
    0x40,0x31,0x20,0x31,0x00,0x52,0xe0,0xe5,0xc0,0xfe,0xa0,0xfe,0xe0,0xfe,0xe0,0x93,
    0x40,0x31,0x20,0x29,0x20,0x29,0x40,0x31,0x20,0x29,0x20,0x29,0x20,0x29,0x20,0x29,
    0x20,0x29,0x20,0x29,0x20,0x29,0x20,0x29,0x20,0x29,0x00,0x29,0x00,0x21,0x00,0x21,
    0x00,0x21,0x00,0x21,0x00,0x21,0x00,0x29,0x20,0x29,0x20,0x29,0x20,0x29,0x20,0x29,
    0x20,0x29,0xa7,0x20,0x29,0x20,0x29,0x20,0x29,0x20,0x29,0x20,0x29,0x00,0x29,0x00,
    0x29,0x00,0x29,0x00,0x29,0x00,0x29,0x00,0x29,0x00,0x29,0x00,0x29,0x00,0x29,0x20,
    0x29,0x20,0x29,0x20,0x29,0x00,0x29,0x20,0x29,0x20,0x29,0x20,0x29,0x00,0x29,0x00,
    0x29,0x00,0x29,0x00,0x21,0x00,0x21,0x00,0x21,0x00,0x29,0x00,0x29,0x00,0x29,0x00,
    0x29,0x00,0x21,0x00,0x21,0x00,0x21,0x00,0x21,0x00,0x21,0x20,0x29,0x40,0x83,0xa0,
    0xfe,0x12,0xa0,0xfe,0x9d,0x80,0xfe,0xa0,0xfe,0xa0,0xfe,0xa0,0xfe,0xa0,0xfe,0xa0,
    0xfe,0xa0,0xfe,0xa0,0xfe,0xa0,0xfe,0xa0,0xfe,0xa0,0xfe,0xa0,0xfe,0x80,0xfe,0xa0,
    0xfe,0x80,0xfe,0x80,0xfe,0x80,0xfe,0x80,0xfe,0x80,0xfe,0x80,0xfe,0x80,0xfe,0x80,
    0xfe,0x80,0xfe,0x80,0xfe,0x80,0xfe,0x80,0xfe,0x80,0xfe,0x80,0xfe,0xa0,0xfe,0x13,
    0xa0,0xfe,0xa1,0xc0,0xfe,0xa0,0xfe,0xc0,0xfe,0xc0,0xfe,0xc0,0xfe,0xa0,0xfe,0xa0,
    0xfe,0xa0,0xfe,0xa0,0xfe,0xa0,0xfe,0xa0,0xfe,0xa0,0xfe,0xa0,0xfe,0xc0,0xfe,0xa0,
    0xfe,0xa0,0xfe,0xa0,0xfe,0xa0,0xfe,0xa0,0xfe,0xa0,0xfe,0xa0,0xfe,0xa0,0xfe,0xa0,
    0xfe,0xa0,0xfe,0xa0,0xfe,0xa0,0xfe,0xa0,0xfe,0xa0,0xfe,0x80,0xfe,0x80,0xfe,0x80,
    0xfe,0x80,0xfe,0xa0,0xfe,0x16,0xa0,0xfe,0xe7,0xc0,0xfe,0x80,0xf6,0xa0,0x18,0x00,
    0x00,0x00,0x00,0x60,0x39,0xc0,0xfe,0xa0,0xfe,0xa0,0xfe,0xa0,0xfe,0xe0,0xfe,0x80,
    0x39,0x00,0x00,0x00,0x00,0xe0,0x28,0x80,0xfe,0xc0,0xfe,0xc0,0xfe,0xa0,0xfe,0x20,
    0xff,0x80,0x5a,0x00,0x00,0x00,0x00,0x00,0x00,0xc0,0x8b,0x20,0xff,0xa0,0xfe,0xc0,
    0xfe,0x40,0xff,0x80,0x62,0x00,0x00,0x00,0x00,0x00,0x00,0xa0,0x41,0xe0,0xfe,0xc0,
    0xfe,0xc0,0xfe,0x20,0xff,0x00,0x52,0x00,0x00,0x00,0x00,0x00,0x00,0x40,0x08,0x00,
    0xee,0xc0,0xfe,0xa0,0xfe,0x20,0xff,0x40,0x5a,0x00,0x00,0x00,0x00,0x00,0x00,0x20,
    0x08,0x00,0xe6,0xc0,0xfe,0xc0,0xfe,0x20,0xe6,0x20,0x08,0x00,0x00,0x00,0x00,0x00,
    0x00,0x00,0x00,0xa0,0x6a,0x20,0xff,0xc0,0xf6,0x20,0xff,0xa0,0x39,0x00,0x00,0x00,
    0x00,0x00,0x00,0x00,0x00,0x00,0x00,0x00,0xc5,0x00,0xff,0xe0,0xfe,0xa0,0x41,0x00,
    0x00,0x00,0x00,0x00,0x00,0x00,0x00,0x00,0x00,0xe0,0xe5,0x20,0xff,0x60,0xee,0x40,
    0x08,0x00,0x00,0x00,0x00,0x00,0x00,0x00,0x00,0x00,0x00,0x40,0xcd,0x00,0xff,0xe0,
    0xfe,0x60,0x31,0x00,0x00,0x00,0x00,0x00,0x00,0x00,0x00,0x00,0x00,0x60,0x62,0x00,
    0xff,0x00,0xff,0x80,0xac,0x00,0x00,0x3f,0x00,0x00,0xb0,0x60,0x83,0x00,0xff,0x80,
    0xfe,0xa0,0xfe,0xa0,0xfe,0xa0,0xfe,0xa0,0xfe,0xa0,0xfe,0xa0,0xfe,0xa0,0xfe,0xa0,
    0xfe,0xa0,0xfe,0xa0,0xfe,0xa0,0xfe,0xa0,0xfe,0xa0,0xfe,0xa0,0xfe,0xa0,0xfe,0xa0,
    0xfe,0x80,0xfe,0x80,0xfe,0xa0,0xfe,0xa0,0xfe,0xa0,0xfe,0xa0,0xfe,0xa0,0xfe,0xa0,
    0xfe,0xa0,0xfe,0xa0,0xfe,0xa0,0xfe,0x80,0xfe,0x80,0xfe,0xa0,0xfe,0x80,0xfe,0x80,
    0xfe,0x80,0xfe,0x80,0xfe,0x80,0xfe,0x80,0xfe,0x80,0xfe,0x80,0xfe,0xa0,0xfe,0x80,
    0xfe,0x80,0xfe,0x80,0xfe,0xa0,0xfe,0x80,0xfe,0xa0,0xfe,0x13,0xa0,0xfe,0x86,0xc0,
    0xfe,0xc0,0xfe,0xc0,0xfe,0xc0,0xfe,0xc0,0xfe,0xa0,0xfe,0x15,0xa0,0xfe,0x84,0x80,
    0xfe,0x80,0xfe,0x80,0xfe,0xa0,0xfe,0x18,0xa0,0xfe,0xe9,0xc0,0xfe,0x20,0xee,0x60,
    0x10,0x00,0x00,0x00,0x00,0x00,0x29,0x80,0xfe,0xc0,0xfe,0xa0,0xfe,0xa0,0xfe,0xa0,
    0xfe,0x40,0x29,0x00,0x00,0x00,0x00,0xc0,0x20,0x40,0xf6,0xc0,0xfe,0xa0,0xfe,0xa0,
    0xfe,0x20,0xff,0x20,0x4a,0x00,0x00,0x40,0x08,0x00,0x00,0x00,0x73,0x20,0xff,0xa0,
    0xfe,0xc0,0xfe,0x20,0xff,0xe0,0x49,0x00,0x00,0x20,0x00,0x00,0x00,0x60,0x31,0xc0,
    0xfe,0xc0,0xfe,0xc0,0xfe,0x00,0xff,0x80,0x39,0x00,0x00,0x20,0x00,0x00,0x00,0x20,
    0x08,0xa0,0xdd,0xe0,0xfe,0xa0,0xfe,0x00,0xff,0xc0,0x41,0x00,0x00,0x20,0x00,0x00,
    0x00,0x20,0x00,0x80,0xdd,0xe0,0xfe,0xe0,0xfe,0x80,0xd5,0x00,0x00,0x00,0x00,0x00,
    0x00,0x20,0x00,0x00,0x00,0x20,0x5a,0x00,0xff,0xc0,0xfe,0xc0,0xfe,0x20,0x29,0x00,
    0x00,0x00,0x00,0x00,0x00,0x20,0x00,0x00,0x00,0x20,0xa4,0x20,0xff,0xa0,0xfe,0x40,
    0x29,0x00,0x00,0x20,0x00,0x00,0x00,0x00,0x00,0x00,0x00,0x60,0xcd,0x60,0xff,0xe0,
    0xdd,0x20,0x00,0x00,0x00,0x00,0x00,0x00,0x00,0x20,0x00,0x00,0x00,0xa0,0xb4,0x20,
    0xff,0xa0,0xf6,0xe0,0x20,0x00,0x00,0x00,0x00,0x00,0x00,0x00,0x00,0x00,0x00,0x40,
    0x31,0xc0,0xfe,0x00,0xff,0xc0,0x41,0x00,0x00,0x20,0x00,0x00,0x00,0x2c,0x00,0x00,
    0x94,0x20,0x00,0x00,0x00,0x00,0x00,0x00,0x00,0x00,0x00,0x00,0x00,0x00,0x00,0x00,
    0x00,0x00,0x00,0x00,0x00,0x00,0x00,0x00,0x00,0x00,0x00,0x00,0x00,0x00,0x00,0x20,
    0x00,0x00,0x00,0xa0,0x18,0x40,0xf6,0xa0,0xfe,0x19,0xa0,0xfe,0x91,0x80,0xfe,0x80,
    0xfe,0xa0,0xfe,0xa0,0xfe,0xa0,0xfe,0x80,0xfe,0x80,0xfe,0x80,0xfe,0x80,0xfe,0x80,
    0xfe,0x80,0xfe,0x80,0xfe,0x80,0xfe,0x80,0xfe,0x80,0xfe,0x80,0xfe,0xa0,0xfe,0x17,
    0xa0,0xfe,0x9e,0xc0,0xfe,0xc0,0xfe,0xc0,0xfe,0xc0,0xfe,0xa0,0xfe,0xa0,0xfe,0xc0,
    0xfe,0xa0,0xfe,0xa0,0xfe,0xa0,0xfe,0xc0,0xfe,0xc0,0xfe,0xa0,0xfe,0xa0,0xfe,0xa0,
    0xfe,0xa0,0xfe,0xa0,0xfe,0xa0,0xfe,0xa0,0xfe,0xa0,0xfe,0xa0,0xfe,0xa0,0xfe,0xa0,
    0xfe,0xa0,0xfe,0xa0,0xfe,0xa0,0xfe,0x80,0xfe,0xa0,0xfe,0x80,0xfe,0xa0,0xfe,0x18,
    0xa0,0xfe,0xe7,0xc0,0xfe,0x40,0xee,0x60,0x10,0x00,0x00,0x00,0x00,0x00,0x29,0x80,
    0xfe,0xc0,0xfe,0xa0,0xfe,0xc0,0xfe,0xa0,0xfe,0x20,0x29,0x00,0x00,0x00,0x00,0xc0,
    0x20,0x40,0xf6,0xc0,0xfe,0xa0,0xfe,0xa0,0xfe,0x20,0xff,0x20,0x4a,0x00,0x00,0x20,
    0x00,0x00,0x00,0x00,0x7b,0x20,0xff,0xa0,0xfe,0xc0,0xfe,0x20,0xff,0x00,0x4a,0x00,
    0x00,0x20,0x00,0x00,0x00,0x40,0x31,0xc0,0xfe,0xc0,0xfe,0xc0,0xfe,0x00,0xff,0xa0,
    0x41,0x00,0x00,0x00,0x00,0x00,0x00,0x20,0x08,0xa0,0xdd,0xe0,0xfe,0xa0,0xfe,0xe0,
    0xfe,0xc0,0x41,0x00,0x00,0x00,0x00,0x00,0x00,0x00,0x00,0x80,0xdd,0xe0,0xfe,0x00,
    0xff,0x80,0xd5,0x00,0x00,0x00,0x00,0x00,0x00,0x20,0x00,0x00,0x00,0x40,0x5a,0x00,
    0xff,0xc0,0xfe,0xe0,0xfe,0x20,0x29,0x00,0x00,0x00,0x00,0x00,0x00,0x00,0x00,0x00,
    0x00,0x40,0xac,0x20,0xff,0xa0,0xfe,0x20,0x29,0x00,0x00,0x00,0x00,0x00,0x00,0x00,
    0x00,0x00,0x00,0x40,0xcd,0x60,0xff,0xe0,0xdd,0x20,0x00,0x00,0x00,0x00,0x00,0x00,
    0x00,0x00,0x00,0x00,0x00,0x80,0xb4,0x40,0xff,0xc0,0xf6,0xe0,0x20,0x00,0x00,0x00,
    0x00,0x00,0x00,0x00,0x00,0x00,0x00,0x40,0x31,0xc0,0xfe,0xc0,0xfe,0x40,0x31,0x00,
    0x00,0x3f,0x00,0x00,0x84,0x40,0x08,0xa0,0xdd,0xc0,0xfe,0xa0,0xfe,0x12,0xa0,0xfe,
    0x99,0x80,0xfe,0xa0,0xfe,0x80,0xfe,0xa0,0xfe,0x80,0xfe,0x80,0xfe,0x80,0xfe,0x80,
    0xfe,0x80,0xfe,0x80,0xfe,0x80,0xfe,0x80,0xfe,0x80,0xfe,0x80,0xfe,0x80,0xfe,0x80,
    0xfe,0x80,0xfe,0x80,0xfe,0x80,0xfe,0x80,0xfe,0x80,0xfe,0xa0,0xfe,0x80,0xfe,0x80,
    0xfe,0xa0,0xfe,0x17,0xa0,0xfe,0x8b,0xc0,0xfe,0xc0,0xfe,0xa0,0xfe,0xa0,0xfe,0xa0,
    0xfe,0xa0,0xfe,0xa0,0xfe,0xa0,0xfe,0xc0,0xfe,0xc0,0xfe,0xa0,0xfe,0x29,0xa0,0xfe,
    0xe7,0xc0,0xfe,0x20,0xee,0x60,0x10,0x00,0x00,0x00,0x00,0x20,0x29,0x80,0xfe,0xc0,
    0xfe,0xc0,0xfe,0xc0,0xfe,0xa0,0xfe,0x20,0x29,0x00,0x00,0x00,0x00,0xc0,0x20,0x40,
    0xf6,0xc0,0xfe,0xa0,0xfe,0xa0,0xfe,0x00,0xff,0x20,0x4a,0x00,0x00,0x20,0x00,0x00,
    0x00,0x00,0x73,0x20,0xff,0xa0,0xfe,0xc0,0xfe,0x20,0xff,0x20,0x52,0x00,0x00,0x20,
    0x00,0x00,0x00,0x40,0x31,0xa0,0xfe,0xc0,0xfe,0xc0,0xfe,0x00,0xff,0xa0,0x41,0x00,
    0x00,0x00,0x00,0x00,0x00,0x20,0x08,0xa0,0xdd,0xe0,0xfe,0xa0,0xfe,0x00,0xff,0xc0,
    0x41,0x00,0x00,0x00,0x00,0x00,0x00,0x20,0x00,0x80,0xdd,0xe0,0xfe,0xe0,0xfe,0xa0,
    0xd5,0x00,0x00,0x00,0x00,0x00,0x00,0x00,0x00,0x00,0x00,0x40,0x5a,0x00,0xff,0xe0,
    0xfe,0xe0,0xfe,0x40,0x29,0x00,0x00,0x00,0x00,0x00,0x00,0x00,0x00,0x00,0x00,0x60,
    0xac,0x20,0xff,0xa0,0xfe,0x20,0x29,0x00,0x00,0x00,0x00,0x00,0x00,0x00,0x00,0x00,
    0x00,0x40,0xcd,0x60,0xff,0xe0,0xdd,0x20,0x00,0x00,0x00,0x00,0x00,0x00,0x00,0x00,
    0x00,0x00,0x00,0x80,0xb4,0x40,0xff,0xc0,0xf6,0xe0,0x20,0x00,0x00,0x00,0x00,0x00,
    0x00,0x00,0x00,0x00,0x00,0x40,0x31,0xc0,0xfe,0x20,0xff,0x80,0x31,0x00,0x00,0x3f,
    0x00,0x00,0xab,0x60,0x08,0xe0,0xed,0xc0,0xfe,0xa0,0xfe,0xa0,0xfe,0xa0,0xfe,0xa0,
    0xfe,0xa0,0xfe,0xa0,0xfe,0xa0,0xfe,0xa0,0xfe,0xa0,0xfe,0xa0,0xfe,0xa0,0xfe,0xa0,
    0xfe,0xa0,0xfe,0xa0,0xfe,0xa0,0xfe,0xa0,0xfe,0xa0,0xfe,0x80,0xfe,0xa0,0xfe,0x80,
    0xfe,0xa0,0xfe,0x80,0xfe,0x80,0xfe,0xa0,0xfe,0xa0,0xfe,0x80,0xfe,0x80,0xfe,0x80,
    0xfe,0x80,0xfe,0x80,0xfe,0x80,0xfe,0x80,0xfe,0x80,0xfe,0x80,0xfe,0x80,0xfe,0x80,
    0xfe,0x80,0xfe,0x80,0xfe,0x80,0xfe,0xa0,0xfe,0x13,0xa0,0xfe,0x93,0x80,0xfe,0xa0,
    0xfe,0xa0,0xfe,0xa0,0xfe,0xa0,0xfe,0xa0,0xfe,0xa0,0xfe,0xa0,0xfe,0xc0,0xfe,0xc0,
    0xfe,0xa0,0xfe,0xa0,0xfe,0xa0,0xfe,0xa0,0xfe,0xa0,0xfe,0xa0,0xfe,0xc0,0xfe,0xc0,
    0xfe,0xa0,0xfe,0x29,0xa0,0xfe,0xfd,0xc0,0xfe,0x20,0xee,0x40,0x08,0x00,0x00,0x00,
    0x00,0x00,0x29,0xc0,0xfe,0xc0,0xfe,0xc0,0xfe,0xc0,0xfe,0xc0,0xfe,0x00,0x21,0x00,
    0x00,0x00,0x00,0xc0,0x18,0x60,0xf6,0xc0,0xfe,0xa0,0xfe,0xa0,0xfe,0x20,0xff,0x00,
    0x4a,0x00,0x00,0x40,0x00,0x00,0x00,0x00,0x73,0x20,0xff,0xa0,0xfe,0xc0,0xfe,0x40,
    0xff,0x40,0x52,0x00,0x00,0x40,0x00,0x00,0x00,0x40,0x31,0xc0,0xfe,0xc0,0xfe,0xc0,
    0xfe,0x00,0xff,0xa0,0x39,0x00,0x00,0x20,0x00,0x00,0x00,0x00,0x00,0xc0,0xe5,0xe0,
    0xfe,0xa0,0xfe,0x20,0xff,0xc0,0x41,0x00,0x00,0x20,0x00,0x00,0x00,0x00,0x00,0xc0,
    0xe5,0xe0,0xfe,0xe0,0xfe,0xc0,0xdd,0x00,0x00,0x00,0x00,0x00,0x00,0x20,0x00,0x00,
    0x00,0x60,0x5a,0x20,0xff,0xc0,0xfe,0x00,0xff,0x40,0x29,0x00,0x00,0x00,0x00,0x00,
    0x00,0x00,0x00,0x00,0x00,0xa0,0xb4,0x20,0xff,0xc0,0xfe,0x00,0x21,0x00,0x00,0x00,
    0x00,0x00,0x00,0x00,0x00,0x00,0x00,0x80,0xd5,0x60,0xff,0x20,0xe6,0x20,0x00,0x00,
    0x00,0x00,0x00,0x00,0x00,0x20,0x00,0x00,0x00,0xc0,0xbc,0x20,0xff,0xe0,0xfe,0x20,
    0x29,0x00,0x00,0x00,0x00,0x00,0x00,0x00,0x00,0x00,0x00,0xa0,0x41,0x00,0xff,0x60,
    0xff,0x61,0x7b,0x00,0x00,0x00,0x00,0x00,0x00,0x00,0x00,0x00,0x00,0x00,0x00,0x00,
    0x00,0x00,0x00,0x00,0x00,0x00,0x00,0x00,0x00,0x00,0x00,0x00,0x00,0x20,0x00,0x00,
    0x00,0x00,0x00,0x00,0x00,0x00,0x00,0x00,0x00,0x00,0x00,0x00,0x00,0x20,0x00,0x00,
    0x00,0x11,0x00,0x00,0xef,0x20,0x00,0x20,0x00,0x00,0x00,0x00,0x00,0x00,0x00,0x20,
    0x00,0x20,0x00,0x00,0x00,0x00,0x00,0x20,0x00,0x00,0x00,0x00,0x00,0x00,0x00,0x00,
    0x00,0x00,0x00,0x00,0x00,0x00,0x00,0x00,0x00,0x00,0x00,0x00,0x00,0x00,0x00,0x00,
    0x00,0x20,0x00,0x00,0x00,0x60,0x62,0xe0,0xfe,0x80,0xfe,0xa0,0xfe,0xa0,0xfe,0xa0,
    0xfe,0xa0,0xfe,0xa0,0xfe,0xa0,0xfe,0xa0,0xfe,0xa0,0xfe,0xa0,0xfe,0xa0,0xfe,0xa0,
    0xfe,0xa0,0xfe,0xa0,0xfe,0xa0,0xfe,0xa0,0xfe,0x80,0xfe,0x80,0xfe,0x80,0xfe,0x80,
    0xfe,0x80,0xfe,0x80,0xfe,0x80,0xfe,0xa0,0xfe,0xa0,0xfe,0x80,0xfe,0x80,0xfe,0x80,
    0xfe,0x80,0xfe,0x80,0xfe,0x80,0xfe,0x80,0xfe,0x80,0xfe,0x80,0xfe,0x80,0xfe,0x80,
    0xfe,0x80,0xfe,0x80,0xfe,0x80,0xfe,0x80,0xfe,0x80,0xfe,0x80,0xfe,0xa0,0xfe,0xa0,
    0xfe,0xa0,0xfe,0xa0,0xfe,0xa0,0xfe,0xa0,0xfe,0xa0,0xfe,0xa0,0xfe,0xa0,0xfe,0xa0,
    0xfe,0xa0,0xfe,0xa0,0xfe,0xa0,0xfe,0xa0,0xfe,0xa0,0xfe,0xa0,0xfe,0xa0,0xfe,0x80,
    0xfe,0xa0,0xfe,0xa0,0xfe,0xa0,0xfe,0xa0,0xfe,0xa0,0xfe,0xc0,0xfe,0xa0,0xfe,0xa0,
    0xfe,0xc0,0xfe,0xc0,0xfe,0xa0,0xfe,0xa0,0xfe,0xa0,0xfe,0xa0,0xfe,0xa0,0xfe,0xa0,
    0xfe,0xa0,0xfe,0xa0,0xfe,0xa0,0xfe,0xa0,0xfe,0xa0,0xfe,0xa0,0xfe,0xa0,0xfe,0x80,
    0xfe,0xa0,0xfe,0x22,0xa0,0xfe,0xe9,0xc0,0xfe,0xa0,0xfe,0xc0,0xfe,0x20,0x5a,0x00,
    0x00,0x00,0x00,0xa0,0x8b,0x00,0xff,0xc0,0xfe,0xc0,0xfe,0xc0,0xfe,0x20,0xff,0x20,
    0x7b,0x00,0x00,0x00,0x00,0xc0,0x6a,0xe0,0xfe,0xa0,0xfe,0xc0,0xfe,0xa0,0xfe,0x00,
    0xff,0x20,0x9c,0x20,0x00,0x00,0x00,0x60,0x10,0x20,0xc5,0x00,0xff,0xa0,0xfe,0xc0,
    0xfe,0x20,0xff,0x60,0xa4,0x20,0x08,0x00,0x00,0x20,0x08,0x00,0x9c,0x00,0xff,0xc0,
    0xfe,0xc0,0xfe,0x20,0xff,0xc0,0x93,0x00,0x00,0x00,0x00,0x00,0x00,0x20,0x52,0xc0,
    0xfe,0xc0,0xfe,0xa0,0xfe,0x20,0xff,0x00,0x9c,0x00,0x00,0x00,0x00,0x00,0x00,0x40,
    0x5a,0xc0,0xfe,0xa0,0xfe,0xa0,0xfe,0xa0,0xfe,0x00,0x52,0x00,0x00,0x00,0x00,0x00,
    0x00,0x80,0x10,0x20,0xc5,0x00,0xff,0xa0,0xf6,0x20,0xff,0x60,0x83,0x00,0x00,0x00,
    0x00,0x00,0x00,0x00,0x00,0x20,0x29,0x20,0xee,0xc0,0xfe,0x00,0xff,0x00,0x7b,0x00,
    0x00,0x00,0x00,0x00,0x00,0x00,0x00,0xa0,0x39,0xa0,0xf6,0xe0,0xfe,0xe0,0xfe,0xe0,
    0x49,0x00,0x00,0x00,0x00,0x00,0x00,0x00,0x00,0x40,0x31,0x60,0xee,0xc0,0xfe,0x20,
    0xff,0x80,0x8b,0x00,0x00,0x00,0x00,0x00,0x00,0x00,0x00,0x60,0x10,0xa0,0xb4,0x20,
    0xff,0xe0,0xfe,0xa0,0xee,0x01,0x4a,0x00,0x00,0x3d,0x00,0x00,0xb0,0xc0,0x41,0x40,
    0xee,0xc0,0xfe,0xa0,0xfe,0xa0,0xfe,0xa0,0xfe,0xa0,0xfe,0xa0,0xfe,0xa0,0xfe,0xa0,
    0xfe,0xa0,0xfe,0xa0,0xfe,0xa0,0xfe,0xa0,0xfe,0xa0,0xfe,0xa0,0xfe,0x80,0xfe,0xa0,
    0xfe,0x80,0xfe,0xa0,0xfe,0x80,0xfe,0x80,0xfe,0xa0,0xfe,0xa0,0xfe,0x80,0xfe,0xa0,
    0xfe,0x80,0xfe,0xa0,0xfe,0x80,0xfe,0xa0,0xfe,0x80,0xfe,0x80,0xfe,0x80,0xfe,0x80,
    0xfe,0x80,0xfe,0x80,0xfe,0x80,0xfe,0x80,0xfe,0x80,0xfe,0x80,0xfe,0x80,0xfe,0xa0,
    0xfe,0xa0,0xfe,0x80,0xfe,0x80,0xfe,0x80,0xfe,0x80,0xfe,0xa0,0xfe,0x14,0xa0,0xfe,
    0x94,0xc0,0xfe,0xa0,0xfe,0xa0,0xfe,0xc0,0xfe,0xc0,0xfe,0xa0,0xfe,0xa0,0xfe,0xa0,
    0xfe,0xa0,0xfe,0xa0,0xfe,0xa0,0xfe,0xa0,0xfe,0xa0,0xfe,0xa0,0xfe,0xa0,0xfe,0xa0,
    0xfe,0xa0,0xfe,0xa0,0xfe,0x80,0xfe,0xa0,0xfe,0x22,0xa0,0xfe,0xff,0xc0,0xfe,0xc0,
    0xfe,0xe0,0xfe,0xa0,0xfe,0x00,0xc5,0x60,0xcd,0xe0,0xfe,0xa0,0xfe,0xc0,0xfe,0xc0,
    0xfe,0xc0,0xfe,0xe0,0xfe,0xc0,0xfe,0x60,0xcd,0x60,0xd5,0xa0,0xfe,0xc0,0xfe,0xa0,
    0xfe,0xc0,0xfe,0xc0,0xfe,0xc0,0xfe,0xe0,0xfe,0xa0,0xd5,0x20,0xc5,0x00,0xe6,0xe0,
    0xfe,0xa0,0xfe,0xc0,0xfe,0xc0,0xfe,0xc0,0xfe,0xe0,0xfe,0xa0,0xdd,0x00,0xc5,0xc0,
    0xdd,0xe0,0xfe,0xa0,0xfe,0xc0,0xfe,0xc0,0xfe,0xc0,0xfe,0xc0,0xfe,0x80,0xd5,0x00,
    0xbd,0x60,0xcd,0x80,0xfe,0xc0,0xfe,0xc0,0xfe,0xc0,0xfe,0xc0,0xfe,0xc0,0xfe,0x80,
    0xd5,0x00,0xc5,0x20,0xcd,0x80,0xfe,0xc0,0xfe,0xa0,0xfe,0xa0,0xfe,0xc0,0xfe,0xa0,
    0xfe,0x40,0xcd,0x00,0xc5,0x00,0xc5,0x00,0xe6,0x00,0xff,0xc0,0xfe,0xc0,0xfe,0xc0,
    0xfe,0xc0,0xfe,0x60,0xcd,0x20,0xc5,0x40,0xcd,0x80,0xd5,0x60,0xf6,0xe0,0xfe,0xc0,
    0xfe,0xc0,0xfe,0xa0,0xfe,0x60,0xcd,0x00,0xc5,0xe0,0xbc,0x20,0xc5,0x60,0xf6,0xe0,
    0xfe,0xc0,0xfe,0x00,0xff,0x80,0xf6,0x40,0xc5,0x00,0xbd,0xe0,0xbc,0x00,0xc5,0x60,
    0xf6,0xc0,0xfe,0xc0,0xfe,0xc0,0xfe,0xc0,0xfe,0x60,0xd5,0x20,0xc5,0x40,0xcd,0x60,
    0xcd,0x00,0xe6,0x00,0xff,0xc0,0xfe,0xe0,0xfe,0xe0,0xfe,0xc0,0xfe,0x60,0xcd,0x20,
    0xc5,0x20,0xc5,0x20,0xc5,0x40,0xc5,0x40,0xc5,0x40,0xc5,0x60,0xc5,0x60,0xc5,0x40,
    0xc5,0x40,0xc5,0x40,0xc5,0x40,0xc5,0x40,0xc5,0x40,0xc5,0x40,0xc5,0x40,0xc5,0x40,
    0xc5,0x20,0xc5,0x20,0xc5,0x20,0xc5,0x20,0xc5,0x20,0xc5,0xd7,0x20,0xc5,0x20,0xc5,
    0x20,0xc5,0x20,0xc5,0x20,0xc5,0x20,0xc5,0x20,0xc5,0x20,0xc5,0x00,0xbd,0x20,0xbd,
    0x20,0xc5,0x20,0xc5,0x20,0xc5,0x40,0xc5,0x40,0xc5,0x20,0xc5,0x20,0xc5,0x20,0xc5,
    0x20,0xc5,0x20,0xc5,0x20,0xc5,0x20,0xc5,0x20,0xc5,0x20,0xc5,0x20,0xc5,0x20,0xc5,
    0x20,0xc5,0x20,0xc5,0x20,0xc5,0x20,0xbd,0x20,0xbd,0x20,0xc5,0x20,0xc5,0x20,0xbd,
    0x00,0xc5,0x20,0xc5,0x20,0xc5,0x20,0xc5,0x60,0xcd,0xc0,0xfe,0xc0,0xfe,0xa0,0xfe,
    0xa0,0xfe,0xa0,0xfe,0xa0,0xfe,0xa0,0xfe,0xa0,0xfe,0xa0,0xfe,0xa0,0xfe,0xa0,0xfe,
    0xa0,0xfe,0xa0,0xfe,0xa0,0xfe,0xa0,0xfe,0xa0,0xfe,0x80,0xfe,0xa0,0xfe,0xa0,0xfe,
    0xa0,0xfe,0xa0,0xfe,0x80,0xfe,0xa0,0xfe,0x80,0xfe,0x80,0xfe,0xa0,0xfe,0x80,0xfe,
    0x80,0xfe,0xa0,0xfe,0x80,0xfe,0x80,0xfe,0x80,0xfe,0x80,0xfe,0x80,0xfe,0x80,0xfe,
    0x80,0xfe,0x80,0xfe,0x80,0xfe,0x80,0xfe,0x80,0xfe,0x80,0xfe,0x80,0xfe,0x80,0xfe,
    0xa0,0xfe,0xa0,0xfe,0x80,0xfe,0x80,0xfe,0xa0,0xfe,0x14,0xa0,0xfe,0x94,0xc0,0xfe,
    0xa0,0xfe,0xa0,0xfe,0xc0,0xfe,0xc0,0xfe,0xa0,0xfe,0xa0,0xfe,0xa0,0xfe,0xa0,0xfe,
    0xa0,0xfe,0xa0,0xfe,0xa0,0xfe,0xa0,0xfe,0xa0,0xfe,0xa0,0xfe,0xa0,0xfe,0xa0,0xfe,
    0xa0,0xfe,0x80,0xfe,0xa0,0xfe,0x23,0xa0,0xfe,0xff,0xc0,0xfe,0xc0,0xfe,0xe0,0xfe,
    0x20,0xff,0x00,0xff,0xa0,0xfe,0xc0,0xfe,0xc0,0xfe,0xc0,0xfe,0xc0,0xfe,0xc0,0xfe,
    0xc0,0xfe,0x00,0xff,0x00,0xff,0xc0,0xfe,0xa0,0xfe,0xc0,0xfe,0xc0,0xfe,0xa0,0xfe,
    0xc0,0xfe,0xa0,0xfe,0x00,0xff,0x00,0xff,0xe0,0xfe,0xa0,0xfe,0xa0,0xfe,0xa0,0xfe,
    0xa0,0xfe,0xc0,0xfe,0xa0,0xfe,0xe0,0xfe,0x00,0xff,0xe0,0xfe,0xa0,0xfe,0xa0,0xfe,
    0xc0,0xfe,0xc0,0xfe,0xc0,0xfe,0xa0,0xfe,0x00,0xff,0x00,0xff,0x00,0xff,0xc0,0xfe,
    0xa0,0xfe,0xc0,0xfe,0xc0,0xfe,0xc0,0xfe,0xc0,0xfe,0x00,0xff,0x00,0xff,0x00,0xff,
    0xc0,0xfe,0xa0,0xfe,0xa0,0xfe,0xa0,0xfe,0xa0,0xfe,0xc0,0xfe,0x00,0xff,0x00,0xff,
    0x00,0xff,0xe0,0xfe,0xc0,0xfe,0xc0,0xfe,0xc0,0xfe,0xc0,0xfe,0xc0,0xfe,0x00,0xff,
    0x00,0xff,0x00,0xff,0x00,0xff,0xe0,0xfe,0xa0,0xfe,0xc0,0xfe,0xc0,0xfe,0xc0,0xfe,
    0x00,0xff,0x00,0xff,0x00,0xff,0x00,0xff,0xc0,0xfe,0xc0,0xfe,0xc0,0xfe,0xc0,0xfe,
    0xe0,0xfe,0x20,0xff,0x00,0xff,0x00,0xff,0x00,0xff,0xc0,0xfe,0xa0,0xfe,0xc0,0xfe,
    0xc0,0xfe,0xc0,0xfe,0x00,0xff,0x00,0xff,0x00,0xff,0x00,0xff,0xe0,0xfe,0xc0,0xfe,
    0xc0,0xfe,0xe0,0xfe,0xc0,0xfe,0xc0,0xfe,0x00,0xff,0x00,0xff,0x00,0xff,0x00,0xff,
    0x20,0xff,0x20,0xff,0x20,0xff,0x20,0xff,0x20,0xff,0x20,0xff,0x20,0xff,0x20,0xff,
    0x20,0xff,0x20,0xff,0x20,0xff,0x20,0xff,0x20,0xff,0x20,0xff,0x20,0xff,0x20,0xff,
    0x00,0xff,0x00,0xff,0x00,0xff,0x00,0xff,0xbc,0x00,0xff,0x00,0xff,0x00,0xff,0x00,
    0xff,0x00,0xff,0x00,0xff,0x00,0xff,0x00,0xff,0x00,0xff,0x00,0xff,0x00,0xff,0x00,
    0xff,0x00,0xff,0xe0,0xfe,0x00,0xff,0x00,0xff,0x00,0xff,0x00,0xff,0x20,0xff,0x20,
    0xff,0x00,0xff,0x00,0xff,0x20,0xff,0x20,0xff,0x00,0xff,0x20,0xff,0x20,0xff,0x20,
    0xff,0x20,0xff,0x20,0xff,0x20,0xff,0x20,0xff,0x20,0xff,0x20,0xff,0x20,0xff,0x20,
    0xff,0x20,0xff,0x00,0xff,0xc0,0xfe,0xa0,0xfe,0xa0,0xfe,0xa0,0xfe,0xa0,0xfe,0xa0,
    0xfe,0xa0,0xfe,0xa0,0xfe,0xa0,0xfe,0xa0,0xfe,0xa0,0xfe,0xa0,0xfe,0xa0,0xfe,0xa0,
    0xfe,0xa0,0xfe,0xa0,0xfe,0xa0,0xfe,0xa0,0xfe,0x80,0xfe,0x80,0xfe,0xa0,0xfe,0x80,
    0xfe,0x16,0x80,0xfe,0x83,0xa0,0xfe,0x80,0xfe,0xa0,0xfe,0x18,0xa0,0xfe,0x91,0xc0,
    0xfe,0xc0,0xfe,0xa0,0xfe,0xa0,0xfe,0xa0,0xfe,0xa0,0xfe,0xa0,0xfe,0xa0,0xfe,0xa0,
    0xfe,0xa0,0xfe,0xa0,0xfe,0xa0,0xfe,0xa0,0xfe,0xa0,0xfe,0x80,0xfe,0x80,0xfe,0xa0,
    0xfe,0x23,0xa0,0xfe,0xa3,0xc0,0xfe,0xc0,0xfe,0xc0,0xfe,0xc0,0xfe,0xc0,0xfe,0xa0,
    0xfe,0xa0,0xfe,0xa0,0xfe,0xc0,0xfe,0xc0,0xfe,0xc0,0xfe,0xc0,0xfe,0xc0,0xfe,0xa0,
    0xfe,0xc0,0xfe,0xa0,0xfe,0xa0,0xfe,0xa0,0xfe,0xa0,0xfe,0xa0,0xfe,0xc0,0xfe,0xa0,
    0xfe,0xa0,0xfe,0xa0,0xfe,0xa0,0xfe,0xa0,0xfe,0xa0,0xfe,0xa0,0xfe,0xa0,0xfe,0xa0,
    0xfe,0xa0,0xfe,0xa0,0xfe,0xa0,0xfe,0xc0,0xfe,0xa0,0xfe,0x1a,0xa0,0xfe,0xe0,0xc0,
    0xfe,0xc0,0xfe,0xc0,0xfe,0xc0,0xfe,0xc0,0xfe,0xa0,0xfe,0xa0,0xfe,0xa0,0xfe,0xa0,
    0xfe,0xc0,0xfe,0xc0,0xfe,0xc0,0xfe,0xa0,0xfe,0xa0,0xfe,0xa0,0xfe,0xa0,0xfe,0xa0,
    0xfe,0xa0,0xfe,0xa0,0xfe,0xc0,0xfe,0xc0,0xfe,0xc0,0xfe,0xc0,0xfe,0xa0,0xfe,0xa0,
    0xfe,0xa0,0xfe,0xa0,0xfe,0xa0,0xfe,0xa0,0xfe,0xc0,0xfe,0xc0,0xfe,0xc0,0xfe,0xa0,
    0xfe,0xa0,0xfe,0xa0,0xfe,0xa0,0xfe,0xc0,0xfe,0xc0,0xfe,0xc0,0xfe,0xc0,0xfe,0xc0,
    0xfe,0xc0,0xfe,0xa0,0xfe,0xa0,0xfe,0xa0,0xfe,0xa0,0xfe,0xa0,0xfe,0xa0,0xfe,0xa0,
    0xfe,0xa0,0xfe,0xa0,0xfe,0xa0,0xfe,0xa0,0xfe,0xa0,0xfe,0xa0,0xfe,0xa0,0xfe,0xc0,
    0xfe,0xa0,0xfe,0xa0,0xfe,0xa0,0xfe,0xa0,0xfe,0xa0,0xfe,0xa0,0xfe,0xa0,0xfe,0xa0,
    0xfe,0x80,0xfe,0xa0,0xfe,0xa0,0xfe,0x80,0xfe,0xa0,0xfe,0xa0,0xfe,0x80,0xfe,0x80,
    0xfe,0x80,0xfe,0x80,0xfe,0x80,0xfe,0xa0,0xfe,0x80,0xfe,0xa0,0xfe,0xa0,0xfe,0xa0,
    0xfe,0xa0,0xfe,0xa0,0xfe,0xa0,0xfe,0xa0,0xfe,0xa0,0xfe,0xa0,0xfe,0xa0,0xfe,0xa0,
    0xfe,0xa0,0xfe,0xa0,0xfe,0xa0,0xfe,0xa0,0xfe,0xa0,0xfe,0xc0,0xfe,0xa0,0xfe,0x1b,
    0xa0,0xfe,0x84,0x80,0xfe,0xa0,0xfe,0xa0,0xfe,0x80,0xfe,0x18,0x80,0xfe,0x18,0xa0,
    0xfe,0x92,0xc0,0xfe,0xa0,0xfe,0xa0,0xfe,0xa0,0xfe,0xa0,0xfe,0xa0,0xfe,0xa0,0xfe,
    0xa0,0xfe,0xa0,0xfe,0xa0,0xfe,0xa0,0xfe,0xa0,0xfe,0xa0,0xfe,0xa0,0xfe,0x80,0xfe,
    0x80,0xfe,0x80,0xfe,0xa0,0xfe,0x23,0xa0,0xfe,0x8d,0xc0,0xfe,0xa0,0xfe,0xc0,0xfe,
    0xc0,0xfe,0xa0,0xfe,0xa0,0xfe,0xa0,0xfe,0xa0,0xfe,0xa0,0xfe,0xa0,0xfe,0xc0,0xfe,
    0xc0,0xfe,0xa0,0xfe,0x33,0xa0,0xfe,0xb9,0xc0,0xfe,0xc0,0xfe,0xc0,0xfe,0xc0,0xfe,
    0xc0,0xfe,0xc0,0xfe,0xa0,0xfe,0xa0,0xfe,0xa0,0xfe,0xa0,0xfe,0xc0,0xfe,0xc0,0xfe,
    0xa0,0xfe,0xa0,0xfe,0xa0,0xfe,0xa0,0xfe,0xa0,0xfe,0xc0,0xfe,0xc0,0xfe,0xc0,0xfe,
    0xa0,0xfe,0xa0,0xfe,0xa0,0xfe,0xa0,0xfe,0xa0,0xfe,0xa0,0xfe,0xa0,0xfe,0xa0,0xfe,
    0xc0,0xfe,0xa0,0xfe,0xc0,0xfe,0xc0,0xfe,0xc0,0xfe,0xc0,0xfe,0xa0,0xfe,0xa0,0xfe,
    0xa0,0xfe,0xa0,0xfe,0xa0,0xfe,0xa0,0xfe,0xa0,0xfe,0xa0,0xfe,0xa0,0xfe,0xa0,0xfe,
    0xa0,0xfe,0xa0,0xfe,0xa0,0xfe,0xa0,0xfe,0xa0,0xfe,0xc0,0xfe,0xa0,0xfe,0xc0,0xfe,
    0xc0,0xfe,0xc0,0xfe,0xa0,0xfe,0xc0,0xfe,0xa0,0xfe,0x15,0xa0,0xfe,0x8e,0xc0,0xfe,
    0xc0,0xfe,0xa0,0xfe,0xa0,0xfe,0xa0,0xfe,0xa0,0xfe,0xa0,0xfe,0xa0,0xfe,0xa0,0xfe,
    0xa0,0xfe,0xa0,0xfe,0xc0,0xfe,0xc0,0xfe,0xa0,0xfe,0x1b,0xa0,0xfe,0x10,0x80,0xfe,
    0x8c,0xa0,0xfe,0x80,0xfe,0x80,0xfe,0x80,0xfe,0x80,0xfe,0x80,0xfe,0x80,0xfe,0x80,
    0xfe,0x80,0xfe,0x80,0xfe,0x80,0xfe,0xa0,0xfe,0x18,0xa0,0xfe,0x9c,0xc0,0xfe,0xc0,
    0xfe,0xa0,0xfe,0xa0,0xfe,0xc0,0xfe,0xc0,0xfe,0xa0,0xfe,0xa0,0xfe,0xa0,0xfe,0xa0,
    0xfe,0xa0,0xfe,0xa0,0xfe,0xa0,0xfe,0x80,0xfe,0x80,0xfe,0x80,0xfe,0x80,0xfe,0x80,
    0xfe,0xa0,0xfe,0xa0,0xfe,0xa0,0xfe,0xa0,0xfe,0xa0,0xfe,0xa0,0xfe,0xa0,0xfe,0x80,
    0xfe,0x80,0xfe,0xa0,0xfe,0x5a,0xa0,0xfe,0x82,0xc0,0xfe,0xa0,0xfe,0x38,0xa0,0xfe,
    0x8d,0x80,0xfe,0x80,0xfe,0x80,0xfe,0x80,0xfe,0x80,0xfe,0x80,0xfe,0x80,0xfe,0x80,
    0xfe,0x80,0xfe,0x80,0xfe,0x80,0xfe,0x80,0xfe,0xa0,0xfe,0x1f,0xa0,0xfe,0xae,0x80,
    0xfe,0x80,0xfe,0xa0,0xfe,0xa0,0xfe,0xa0,0xfe,0xa0,0xfe,0xa0,0xfe,0xa0,0xfe,0xa0,
    0xfe,0xa0,0xfe,0xa0,0xfe,0xa0,0xfe,0xa0,0xfe,0xa0,0xfe,0xa0,0xfe,0xa0,0xfe,0x80,
    0xfe,0x80,0xfe,0x80,0xfe,0x80,0xfe,0xa0,0xfe,0x80,0xfe,0x80,0xfe,0x80,0xfe,0x80,
    0xfe,0x80,0xfe,0x80,0xfe,0x80,0xfe,0x80,0xfe,0x80,0xfe,0x80,0xfe,0xa0,0xfe,0xa0,
    0xfe,0x80,0xfe,0x80,0xfe,0x80,0xfe,0x80,0xfe,0x80,0xfe,0x80,0xfe,0x80,0xfe,0x80,
    0xfe,0x80,0xfe,0x80,0xfe,0x80,0xfe,0x80,0xfe,0xa0,0xfe,0x16,0xa0,0xfe,0x9d,0xc0,
    0xfe,0xc0,0xfe,0xa0,0xfe,0xa0,0xfe,0xc0,0xfe,0xa0,0xfe,0xa0,0xfe,0xa0,0xfe,0xc0,
    0xfe,0xa0,0xfe,0xa0,0xfe,0xa0,0xfe,0xa0,0xfe,0xa0,0xfe,0x80,0xfe,0x80,0xfe,0x80,
    0xfe,0x80,0xfe,0x80,0xfe,0xa0,0xfe,0xa0,0xfe,0xa0,0xfe,0xa0,0xfe,0xa0,0xfe,0xa0,
    0xfe,0xa0,0xfe,0x80,0xfe,0x80,0xfe,0xa0,0xfe,0x7f,0xa0,0xfe,0x16,0xa0,0xfe,0xd7,
    0x80,0xfe,0x80,0xfe,0x80,0xfe,0x80,0xfe,0x80,0xfe,0x80,0xfe,0x80,0xfe,0x80,0xfe,
    0x80,0xfe,0x80,0xfe,0x80,0xfe,0x80,0xfe,0xa0,0xfe,0xa0,0xfe,0xa0,0xfe,0xa0,0xfe,
    0xa0,0xfe,0xa0,0xfe,0xa0,0xfe,0xa0,0xfe,0xa0,0xfe,0xa0,0xfe,0xa0,0xfe,0x80,0xfe,
    0x80,0xfe,0xa0,0xfe,0xa0,0xfe,0xa0,0xfe,0xa0,0xfe,0xa0,0xfe,0x80,0xfe,0xa0,0xfe,
    0xa0,0xfe,0xa0,0xfe,0xa0,0xfe,0xa0,0xfe,0xa0,0xfe,0xa0,0xfe,0xa0,0xfe,0xa0,0xfe,
    0xa0,0xfe,0xa0,0xfe,0xa0,0xfe,0x80,0xfe,0xa0,0xfe,0xa0,0xfe,0xa0,0xfe,0xa0,0xfe,
    0xa0,0xfe,0xa0,0xfe,0xa0,0xfe,0xa0,0xfe,0xa0,0xfe,0xa0,0xfe,0xa0,0xfe,0xa0,0xfe,
    0xa0,0xfe,0xa0,0xfe,0x80,0xfe,0x80,0xfe,0x80,0xfe,0x80,0xfe,0x80,0xfe,0x80,0xfe,
    0x80,0xfe,0x80,0xfe,0x80,0xfe,0x80,0xfe,0x80,0xfe,0x80,0xfe,0x80,0xfe,0xa0,0xfe,
    0xa0,0xfe,0xa0,0xfe,0xa0,0xfe,0xa0,0xfe,0xa0,0xfe,0x80,0xfe,0x80,0xfe,0x80,0xfe,
    0x80,0xfe,0x80,0xfe,0x80,0xfe,0xa0,0xfe,0x80,0xfe,0x80,0xfe,0xa0,0xfe,0x17,0xa0,
    0xfe,0x9d,0xc0,0xfe,0xc0,0xfe,0xa0,0xfe,0xa0,0xfe,0xc0,0xfe,0xa0,0xfe,0xa0,0xfe,
    0xc0,0xfe,0xc0,0xfe,0xa0,0xfe,0xa0,0xfe,0xa0,0xfe,0x80,0xfe,0x80,0xfe,0x80,0xfe,
    0x80,0xfe,0x80,0xfe,0x80,0xfe,0xa0,0xfe,0xa0,0xfe,0xa0,0xfe,0xa0,0xfe,0xa0,0xfe,
    0xa0,0xfe,0xa0,0xfe,0xa0,0xfe,0xa0,0xfe,0x80,0xfe,0xa0,0xfe,0x7f,0xa0,0xfe,0x15,
    0xa0,0xfe,0xa2,0x80,0xfe,0x80,0xfe,0x80,0xfe,0x80,0xfe,0x80,0xfe,0x80,0xfe,0x80,
    0xfe,0x80,0xfe,0x80,0xfe,0x80,0xfe,0x80,0xfe,0x80,0xfe,0xa0,0xfe,0xa0,0xfe,0xa0,
    0xfe,0xa0,0xfe,0xa0,0xfe,0xa0,0xfe,0xa0,0xfe,0xa0,0xfe,0xa0,0xfe,0xa0,0xfe,0xa0,
    0xfe,0x80,0xfe,0x80,0xfe,0x80,0xfe,0x80,0xfe,0x80,0xfe,0x80,0xfe,0x80,0xfe,0x80,
    0xfe,0x80,0xfe,0x80,0xfe,0xa0,0xfe,0x18,0xa0,0xfe,0x9d,0x80,0xfe,0x80,0xfe,0x80,
    0xfe,0x80,0xfe,0x80,0xfe,0x80,0xfe,0x80,0xfe,0x80,0xfe,0x80,0xfe,0x80,0xfe,0x80,
    0xfe,0x80,0xfe,0x80,0xfe,0xa0,0xfe,0xa0,0xfe,0xa0,0xfe,0x80,0xfe,0x80,0xfe,0x80,
    0xfe,0xa0,0xfe,0x80,0xfe,0x80,0xfe,0x80,0xfe,0x80,0xfe,0x80,0xfe,0x80,0xfe,0x80,
    0xfe,0x80,0xfe,0xa0,0xfe,0x18,0xa0,0xfe,0x94,0xc0,0xfe,0xc0,0xfe,0xa0,0xfe,0xa0,
    0xfe,0xa0,0xfe,0xc0,0xfe,0xa0,0xfe,0xa0,0xfe,0xa0,0xfe,0xa0,0xfe,0xa0,0xfe,0xa0,
    0xfe,0xa0,0xfe,0x80,0xfe,0x80,0xfe,0x80,0xfe,0x80,0xfe,0x80,0xfe,0x80,0xfe,0xa0,
    0xfe,0x1a,0xa0,0xfe,0x82,0x80,0xfe,0xa0,0xfe,0x7f,0xa0,0xfe,0xa5,0xa0,0xfe,0xa0,
    0xfe,0x80,0xfe,0x80,0xfe,0x80,0xfe,0x80,0xfe,0x80,0xfe,0x80,0xfe,0x80,0xfe,0x80,
    0xfe,0x80,0xfe,0x80,0xfe,0x80,0xfe,0x80,0xfe,0x80,0xfe,0xa0,0xfe,0xa0,0xfe,0x80,
    0xfe,0xa0,0xfe,0xa0,0xfe,0xa0,0xfe,0xa0,0xfe,0xa0,0xfe,0xa0,0xfe,0xa0,0xfe,0x80,
    0xfe,0x80,0xfe,0x80,0xfe,0x80,0xfe,0x80,0xfe,0x80,0xfe,0x80,0xfe,0x80,0xfe,0x80,
    0xfe,0x80,0xfe,0x80,0xfe,0xa0,0xfe,0x17,0xa0,0xfe,0x9d,0x80,0xfe,0x80,0xfe,0x80,
    0xfe,0x80,0xfe,0x80,0xfe,0x80,0xfe,0x80,0xfe,0x80,0xfe,0x80,0xfe,0x80,0xfe,0x80,
    0xfe,0x80,0xfe,0x80,0xfe,0xa0,0xfe,0xa0,0xfe,0xa0,0xfe,0xa0,0xfe,0xa0,0xfe,0x80,
    0xfe,0x80,0xfe,0x80,0xfe,0x80,0xfe,0x80,0xfe,0xa0,0xfe,0xa0,0xfe,0x80,0xfe,0x80,
    0xfe,0x80,0xfe,0xa0,0xfe,0x18,0xa0,0xfe,0xab,0xc0,0xfe,0xc0,0xfe,0xa0,0xfe,0xa0,
    0xfe,0xa0,0xfe,0xa0,0xfe,0xa0,0xfe,0xc0,0xfe,0xa0,0xfe,0xa0,0xfe,0xa0,0xfe,0xa0,
    0xfe,0xa0,0xfe,0x80,0xfe,0x80,0xfe,0x80,0xfe,0x80,0xfe,0x80,0xfe,0xa0,0xfe,0xa0,
    0xfe,0xa0,0xfe,0xa0,0xfe,0xa0,0xfe,0xa0,0xfe,0xa0,0xfe,0xa0,0xfe,0xa0,0xfe,0xa0,
    0xfe,0x80,0xfe,0xa0,0xfe,0xa0,0xfe,0xa0,0xfe,0xa0,0xfe,0xa0,0xfe,0xa0,0xfe,0xa0,
    0xfe,0xa0,0xfe,0xa0,0xfe,0xa0,0xfe,0xa0,0xfe,0xa0,0xfe,0x80,0xfe,0xa0,0xfe,0x41,
    0xa0,0xfe,0x83,0x80,0xfe,0x80,0xfe,0xa0,0xfe,0x3c,0xa0,0xfe,0xa9,0x80,0xfe,0xa0,
    0xfe,0xa0,0xfe,0xa0,0xfe,0x80,0xfe,0x80,0xfe,0x80,0xfe,0x80,0xfe,0x80,0xfe,0x80,
    0xfe,0x80,0xfe,0x80,0xfe,0x80,0xfe,0x80,0xfe,0x80,0xfe,0x80,0xfe,0x80,0xfe,0x80,
    0xfe,0x80,0xfe,0x80,0xfe,0xa0,0xfe,0x80,0xfe,0x80,0xfe,0x80,0xfe,0x80,0xfe,0xa0,
    0xfe,0xa0,0xfe,0xa0,0xfe,0x80,0xfe,0x80,0xfe,0x80,0xfe,0x80,0xfe,0x80,0xfe,0x80,
    0xfe,0x80,0xfe,0x80,0xfe,0x80,0xfe,0x80,0xfe,0x80,0xfe,0x80,0xfe,0xa0,0xfe,0x18,
    0xa0,0xfe,0x9b,0x80,0xfe,0x80,0xfe,0x80,0xfe,0x80,0xfe,0x80,0xfe,0x80,0xfe,0x80,
    0xfe,0x80,0xfe,0x80,0xfe,0xa0,0xfe,0xa0,0xfe,0xa0,0xfe,0x80,0xfe,0xa0,0xfe,0xa0,
    0xfe,0xa0,0xfe,0xa0,0xfe,0xa0,0xfe,0xa0,0xfe,0xa0,0xfe,0x80,0xfe,0x80,0xfe,0xa0,
    0xfe,0xa0,0xfe,0x80,0xfe,0x80,0xfe,0xa0,0xfe,0x19,0xa0,0xfe,0x92,0xc0,0xfe,0xc0,
    0xfe,0x80,0xfe,0xa0,0xfe,0xa0,0xfe,0xa0,0xfe,0xa0,0xfe,0xa0,0xfe,0xc0,0xfe,0xa0,
    0xfe,0xa0,0xfe,0xa0,0xfe,0xa0,0xfe,0x80,0xfe,0xa0,0xfe,0x80,0xfe,0x80,0xfe,0xa0,
    0xfe,0x17,0xa0,0xfe,0x88,0x80,0xfe,0xa0,0xfe,0xa0,0xfe,0xa0,0xfe,0x80,0xfe,0x80,
    0xfe,0x80,0xfe,0xa0,0xfe,0x13,0xa0,0xfe,0x82,0x80,0xfe,0xa0,0xfe,0x26,0xa0,0xfe,
    0x83,0x80,0xfe,0x80,0xfe,0xa0,0xfe,0x45,0xa0,0xfe,0x9c,0x80,0xfe,0x80,0xfe,0x80,
    0xfe,0x80,0xfe,0x80,0xfe,0x80,0xfe,0x80,0xfe,0x80,0xfe,0x80,0xfe,0x80,0xfe,0x80,
    0xfe,0x80,0xfe,0xa0,0xfe,0x80,0xfe,0x80,0xfe,0x80,0xfe,0xa0,0xfe,0xa0,0xfe,0x80,
    0xfe,0x80,0xfe,0x80,0xfe,0x80,0xfe,0xa0,0xfe,0x80,0xfe,0x80,0xfe,0x80,0xfe,0x80,
    0xfe,0xa0,0xfe,0x1c,0xa0,0xfe,0x9b,0x80,0xfe,0x80,0xfe,0x80,0xfe,0x80,0xfe,0x80,
    0xfe,0x80,0xfe,0x80,0xfe,0x80,0xfe,0x80,0xfe,0xa0,0xfe,0xa0,0xfe,0xa0,0xfe,0xa0,
    0xfe,0xa0,0xfe,0xa0,0xfe,0xa0,0xfe,0x80,0xfe,0x80,0xfe,0xa0,0xfe,0xa0,0xfe,0x80,
    0xfe,0x80,0xfe,0xa0,0xfe,0xa0,0xfe,0xa0,0xfe,0x80,0xfe,0xa0,0xfe,0x19,0xa0,0xfe,
    0x91,0xc0,0xfe,0xc0,0xfe,0x80,0xfe,0xa0,0xfe,0xa0,0xfe,0xa0,0xfe,0xa0,0xfe,0xa0,
    0xfe,0xc0,0xfe,0xa0,0xfe,0xa0,0xfe,0xa0,0xfe,0xa0,0xfe,0x80,0xfe,0x80,0xfe,0x80,
    0xfe,0xa0,0xfe,0x18,0xa0,0xfe,0x88,0x80,0xfe,0x80,0xfe,0xa0,0xfe,0xa0,0xfe,0xa0,
    0xfe,0x80,0xfe,0x80,0xfe,0xa0,0xfe,0x38,0xa0,0xfe,0x85,0x80,0xfe,0x80,0xfe,0x80,
    0xfe,0x80,0xfe,0xa0,0xfe,0x46,0xa0,0xfe,0x9c,0x80,0xfe,0x80,0xfe,0x80,0xfe,0x80,
    0xfe,0x80,0xfe,0x80,0xfe,0x80,0xfe,0x80,0xfe,0x80,0xfe,0xa0,0xfe,0x80,0xfe,0x80,
    0xfe,0xa0,0xfe,0x80,0xfe,0x80,0xfe,0x80,0xfe,0xa0,0xfe,0xa0,0xfe,0xa0,0xfe,0xa0,
    0xfe,0x80,0xfe,0x80,0xfe,0x80,0xfe,0x80,0xfe,0x80,0xfe,0x80,0xfe,0x80,0xfe,0xa0,
    0xfe,0x1b,0xa0,0xfe,0x94,0x80,0xfe,0x80,0xfe,0x80,0xfe,0x80,0xfe,0x80,0xfe,0x80,
    0xfe,0x80,0xfe,0x80,0xfe,0x80,0xfe,0xa0,0xfe,0xa0,0xfe,0xa0,0xfe,0xa0,0xfe,0xa0,
    0xfe,0xa0,0xfe,0xa0,0xfe,0xa0,0xfe,0x80,0xfe,0x80,0xfe,0xa0,0xfe,0x21,0xa0,0xfe,
    0x91,0xc0,0xfe,0xc0,0xfe,0x80,0xfe,0xa0,0xfe,0xa0,0xfe,0xa0,0xfe,0xa0,0xfe,0xa0,
    0xfe,0xa0,0xfe,0xa0,0xfe,0xa0,0xfe,0xa0,0xfe,0xa0,0xfe,0xa0,0xfe,0xa0,0xfe,0x80,
    0xfe,0xa0,0xfe,0x1c,0xa0,0xfe,0x82,0x80,0xfe,0xa0,0xfe,0x1e,0xa0,0xfe,0x82,0x80,
    0xfe,0xa0,0xfe,0x66,0xa0,0xfe,0x9c,0x80,0xfe,0xa0,0xfe,0xa0,0xfe,0x80,0xfe,0x80,
    0xfe,0xa0,0xfe,0xa0,0xfe,0x80,0xfe,0xa0,0xfe,0x80,0xfe,0x80,0xfe,0xa0,0xfe,0xa0,
    0xfe,0x80,0xfe,0xa0,0xfe,0xa0,0xfe,0xa0,0xfe,0xa0,0xfe,0xa0,0xfe,0xa0,0xfe,0xa0,
    0xfe,0xa0,0xfe,0xa0,0xfe,0x80,0xfe,0x80,0xfe,0x80,0xfe,0x80,0xfe,0xa0,0xfe,0x1a,
    0xa0,0xfe,0x8c,0x80,0xfe,0x80,0xfe,0x80,0xfe,0x80,0xfe,0x80,0xfe,0x80,0xfe,0x80,
    0xfe,0xa0,0xfe,0x80,0xfe,0x80,0xfe,0x80,0xfe,0xa0,0xfe,0x29,0xa0,0xfe,0x91,0xc0,
    0xfe,0xc0,0xfe,0xa0,0xfe,0xa0,0xfe,0xa0,0xfe,0xa0,0xfe,0xa0,0xfe,0xc0,0xfe,0xc0,
    0xfe,0xa0,0xfe,0xa0,0xfe,0xa0,0xfe,0xa0,0xfe,0xa0,0xfe,0xa0,0xfe,0x80,0xfe,0xa0,
    0xfe,0x1c,0xa0,0xfe,0x82,0x80,0xfe,0xa0,0xfe,0x7f,0xa0,0xfe,0x11,0xa0,0xfe,0x90,
    0x80,0xfe,0xa0,0xfe,0xa0,0xfe,0xa0,0xfe,0xa0,0xfe,0xa0,0xfe,0xa0,0xfe,0xa0,0xfe,
    0xa0,0xfe,0xa0,0xfe,0xa0,0xfe,0xa0,0xfe,0xa0,0xfe,0xa0,0xfe,0x80,0xfe,0xa0,0xfe,
    0x1d,0xa0,0xfe,0x87,0x80,0xfe,0x80,0xfe,0x80,0xfe,0x80,0xfe,0x80,0xfe,0x80,0xfe,
    0xa0,0xfe,0x2d,0xa0,0xfe,0x8a,0xc0,0xfe,0xc0,0xfe,0xa0,0xfe,0xa0,0xfe,0xa0,0xfe,
    0xa0,0xfe,0xa0,0xfe,0xc0,0xfe,0xc0,0xfe,0xa0,0xfe,0x1d,0xa0,0xfe,0x82,0x80,0xfe,
    0xa0,0xfe,0x6e,0xa0,0xfe,0x83,0xc0,0xfe,0xc0,0xfe,0xa0,0xfe,0x50,0xa0,0xfe,0x8b,
    0x80,0xfe,0x80,0xfe,0xa0,0xfe,0x80,0xfe,0x80,0xfe,0x80,0xfe,0x80,0xfe,0x80,0xfe,
    0x80,0xfe,0x80,0xfe,0xa0,0xfe,0x2b,0xa0,0xfe,0x8a,0xc0,0xfe,0xc0,0xfe,0xa0,0xfe,
    0xa0,0xfe,0xc0,0xfe,0xa0,0xfe,0xa0,0xfe,0xc0,0xfe,0xc0,0xfe,0xa0,0xfe,0x1c,0xa0,
    0xfe,0x83,0x80,0xfe,0x80,0xfe,0xa0,0xfe,0x6f,0xa0,0xfe,0x82,0xc0,0xfe,0xa0,0xfe,
    0x22,0xa0,0xfe,0x85,0x80,0xfe,0xa0,0xfe,0xa0,0xfe,0x80,0xfe,0xa0,0xfe,0x2b,0xa0,
    0xfe,0x89,0x80,0xfe,0x80,0xfe,0x80,0xfe,0x80,0xfe,0x80,0xfe,0x80,0xfe,0x80,0xfe,
    0x80,0xfe,0xa0,0xfe,0x2b,0xa0,0xfe,0x8a,0xc0,0xfe,0xc0,0xfe,0xa0,0xfe,0xa0,0xfe,
    0xc0,0xfe,0xc0,0xfe,0xc0,0xfe,0xc0,0xfe,0xc0,0xfe,0xa0,0xfe,0x1c,0xa0,0xfe,0x99,
    0x80,0xfe,0x80,0xfe,0xa0,0xfe,0xa0,0xfe,0xa0,0xfe,0xa0,0xfe,0xa0,0xfe,0xa0,0xfe,
    0xa0,0xfe,0xa0,0xfe,0xa0,0xfe,0xa0,0xfe,0xa0,0xfe,0xa0,0xfe,0xa0,0xfe,0xa0,0xfe,
    0xa0,0xfe,0xa0,0xfe,0xc0,0xfe,0xa0,0xfe,0xa0,0xfe,0xa0,0xfe,0xc0,0xfe,0xc0,0xfe,
    0xa0,0xfe,0x5a,0xa0,0xfe,0x82,0xc0,0xfe,0xa0,0xfe,0x51,0xa0,0xfe,0x88,0x80,0xfe,
    0xa0,0xfe,0xa0,0xfe,0x80,0xfe,0x80,0xfe,0x80,0xfe,0x80,0xfe,0xa0,0xfe,0x2b,0xa0,
    0xfe,0x8d,0xc0,0xfe,0xc0,0xfe,0xc0,0xfe,0xa0,0xfe,0xa0,0xfe,0xa0,0xfe,0xc0,0xfe,
    0xc0,0xfe,0xc0,0xfe,0xc0,0xfe,0xc0,0xfe,0xc0,0xfe,0xa0,0xfe,0x1b,0xa0,0xfe,0x82,
    0x80,0xfe,0xa0,0xfe,0x13,0xa0,0xfe,0x85,0xc0,0xfe,0xc0,0xfe,0xc0,0xfe,0xc0,0xfe,
    0xa0,0xfe,0x57,0xa0,0xfe,0x84,0xc0,0xfe,0xc0,0xfe,0xc0,0xfe,0xa0,0xfe,0x53,0xa0,
    0xfe,0x86,0x80,0xfe,0x80,0xfe,0xa0,0xfe,0x80,0xfe,0x80,0xfe,0xa0,0xfe,0x2a,0xa0,
    0xfe,0x8d,0xc0,0xfe,0xc0,0xfe,0xa0,0xfe,0xa0,0xfe,0xa0,0xfe,0xa0,0xfe,0xc0,0xfe,
    0xc0,0xfe,0xc0,0xfe,0xc0,0xfe,0xc0,0xfe,0xc0,0xfe,0xa0,0xfe,0x31,0xa0,0xfe,0x85,
    0xc0,0xfe,0xa0,0xfe,0xc0,0xfe,0xc0,0xfe,0xa0,0xfe,0x57,0xa0,0xfe,0x82,0xc0,0xfe,
    0xa0,0xfe,0x54,0xa0,0xfe,0x87,0x80,0xfe,0x80,0xfe,0xa0,0xfe,0xa0,0xfe,0xa0,0xfe,
    0x80,0xfe,0xa0,0xfe,0x2a,0xa0,0xfe,0x9e,0xc0,0xfe,0xc0,0xfe,0xa0,0xfe,0xa0,0xfe,
    0xa0,0xfe,0xa0,0xfe,0xc0,0xfe,0xc0,0xfe,0xc0,0xfe,0xc0,0xfe,0xc0,0xfe,0xa0,0xfe,
    0xa0,0xfe,0xa0,0xfe,0xa0,0xfe,0xa0,0xfe,0xa0,0xfe,0xa0,0xfe,0xa0,0xfe,0xa0,0xfe,
    0xa0,0xfe,0xa0,0xfe,0xa0,0xfe,0xa0,0xfe,0xa0,0xfe,0xa0,0xfe,0xa0,0xfe,0x80,0xfe,
    0x80,0xfe,0xa0,0xfe,0x20,0xa0,0xfe,0x83,0xc0,0xfe,0xc0,0xfe,0xa0,0xfe,0x73,0xa0,
    0xfe,0x82,0x80,0xfe,0xa0,0xfe,0x39,0xa0,0xfe,0x82,0x80,0xfe,0xa0,0xfe,0x2f,0xa0,
    0xfe,0x9e,0xc0,0xfe,0xc0,0xfe,0xa0,0xfe,0xa0,0xfe,0xa0,0xfe,0xa0,0xfe,0xa0,0xfe,
    0xa0,0xfe,0xc0,0xfe,0xc0,0xfe,0xa0,0xfe,0xa0,0xfe,0xa0,0xfe,0xa0,0xfe,0xa0,0xfe,
    0xa0,0xfe,0xa0,0xfe,0xa0,0xfe,0xa0,0xfe,0xa0,0xfe,0xa0,0xfe,0xa0,0xfe,0xa0,0xfe,
    0xa0,0xfe,0xa0,0xfe,0xa0,0xfe,0xa0,0xfe,0x80,0xfe,0x80,0xfe,0xa0,0xfe,0x20,0xa0,
    0xfe,0x83,0xc0,0xfe,0xc0,0xfe,0xa0,0xfe,0x68,0xa0,0xfe,0x82,0x80,0xfe,0xa0,0xfe,
    0x16,0xa0,0xfe,0x83,0x80,0xfe,0x80,0xfe,0xa0,0xfe,0x2c,0xa0,0xfe,0x83,0x80,0xfe,
    0x80,0xfe,0xa0,0xfe,0x2d,0xa0,0xfe,0x8b,0xc0,0xfe,0xc0,0xfe,0xa0,0xfe,0xa0,0xfe,
    0xa0,0xfe,0xa0,0xfe,0xa0,0xfe,0xa0,0xfe,0xa0,0xfe,0xc0,0xfe,0xa0,0xfe,0x7f,0xa0,
    0xfe,0x37,0xa0,0xfe,0x84,0x80,0xfe,0x80,0xfe,0x80,0xfe,0xa0,0xfe,0x28,0xa0,0xfe,
    0x86,0x80,0xfe,0x80,0xfe,0xa0,0xfe,0x80,0xfe,0x80,0xfe,0xa0,0xfe,0x13,0xa0,0xfe,
    0x83,0x80,0xfe,0x80,0xfe,0xa0,0xfe,0x16,0xa0,0xfe,0x87,0xc0,0xfe,0xc0,0xfe,0xc0,
    0xfe,0xa0,0xfe,0xa0,0xfe,0xc0,0xfe,0xa0,0xfe,0x7f,0xa0,0xfe,0x2f,0xa0,0xfe,0x91,
    0x80,0xfe,0xa0,0xfe,0xa0,0xfe,0xa0,0xfe,0xa0,0xfe,0xa0,0xfe,0xa0,0xfe,0xa0,0xfe,
    0xa0,0xfe,0xa0,0xfe,0xa0,0xfe,0xa0,0xfe,0xa0,0xfe,0x80,0xfe,0x80,0xfe,0x80,0xfe,
    0xa0,0xfe,0x28,0xa0,0xfe,0x86,0x80,0xfe,0x80,0xfe,0x80,0xfe,0x80,0xfe,0x80,0xfe,
    0xa0,0xfe,0x11,0xa0,0xfe,0x85,0x80,0xfe,0x80,0xfe,0x80,0xfe,0x80,0xfe,0xa0,0xfe,
    0x16,0xa0,0xfe,0x87,0xc0,0xfe,0xc0,0xfe,0xc0,0xfe,0xa0,0xfe,0xa0,0xfe,0xc0,0xfe,
    0xa0,0xfe,0x7f,0xa0,0xfe,0x1a,0xa0,0xfe,0x86,0x80,0xfe,0xa0,0xfe,0xa0,0xfe,0x80,
    0xfe,0x80,0xfe,0xa0,0xfe,0x1f,0xa0,0xfe,0x82,0x80,0xfe,0xa0,0xfe,0x18,0xa0,0xfe,
    0xab,0x80,0xfe,0xa0,0xfe,0xa0,0xfe,0xa0,0xfe,0xa0,0xfe,0xa0,0xfe,0xa0,0xfe,0xa0,
    0xfe,0xa0,0xfe,0xa0,0xfe,0xa0,0xfe,0xa0,0xfe,0xa0,0xfe,0xa0,0xfe,0xa0,0xfe,0xa0,
    0xfe,0xa0,0xfe,0x80,0xfe,0x80,0xfe,0xa0,0xfe,0xa0,0xfe,0x80,0xfe,0xa0,0xfe,0xa0,
    0xfe,0xa0,0xfe,0xa0,0xfe,0xa0,0xfe,0xa0,0xfe,0xa0,0xfe,0xa0,0xfe,0xa0,0xfe,0xa0,
    0xfe,0xa0,0xfe,0xa0,0xfe,0xa0,0xfe,0xa0,0xfe,0x80,0xfe,0xa0,0xfe,0x80,0xfe,0x80,
    0xfe,0xa0,0xfe,0x80,0xfe,0xa0,0xfe,0x17,0xa0,0xfe,0x83,0xc0,0xfe,0xc0,0xfe,0xa0,
    0xfe,0x26,0xa0,0xfe,0x82,0x80,0xfe,0xa0,0xfe,0x39,0xa0,0xfe,0x82,0xc0,0xfe,0xa0,
    0xfe,0x39,0xa0,0xfe,0x82,0x80,0xfe,0xa0,0xfe,0x15,0xa0,0xfe,0x82,0x80,0xfe,0xa0,
    0xfe,0x37,0xa0,0xfe,0x83,0x80,0xfe,0x80,0xfe,0xa0,0xfe,0x13,0xa0,0xfe,0x84,0x80,
    0xfe,0x80,0xfe,0x80,0xfe,0xa0,0xfe,0x17,0xa0,0xfe,0x83,0xc0,0xfe,0xc0,0xfe,0xa0,
    0xfe,0x24,0xa0,0xfe,0x82,0x80,0xfe,0xa0,0xfe,0x2c,0xa0,0xfe,0x82,0xc0,0xfe,0xa0,
    0xfe,0x5f,0xa0,0xfe,0x82,0x80,0xfe,0xa0,0xfe,0x25,0xa0,0xfe,0x94,0x80,0xfe,0xa0,
    0xfe,0xa0,0xfe,0xa0,0xfe,0xa0,0xfe,0xa0,0xfe,0xa0,0xfe,0xa0,0xfe,0xa0,0xfe,0xa0,
    0xfe,0xa0,0xfe,0xa0,0xfe,0xa0,0xfe,0xa0,0xfe,0x80,0xfe,0x80,0xfe,0x80,0xfe,0x80,
    0xfe,0x80,0xfe,0xa0,0xfe,0x15,0xa0,0xfe,0x83,0x80,0xfe,0x80,0xfe,0xa0,0xfe,0x17,
    0xa0,0xfe,0x91,0xc0,0xfe,0xa0,0xfe,0xa0,0xfe,0xa0,0xfe,0xa0,0xfe,0xa0,0xfe,0xa0,
    0xfe,0xa0,0xfe,0xa0,0xfe,0xa0,0xfe,0xa0,0xfe,0xa0,0xfe,0xa0,0xfe,0xa0,0xfe,0xa0,
    0xfe,0x80,0xfe,0xa0,0xfe,0x15,0xa0,0xfe,0x85,0x80,0xfe,0x80,0xfe,0x80,0xfe,0x80,
    0xfe,0xa0,0xfe,0x1d,0xa0,0xfe,0x82,0x80,0xfe,0xa0,0xfe,0x57,0xa0,0xfe,0x83,0x80,
    0xfe,0x80,0xfe,0xa0,0xfe,0x11,0xa0,0xfe,0x8a,0x80,0xfe,0x80,0xfe,0x80,0xfe,0xa0,
    0xfe,0xa0,0xfe,0x80,0xfe,0x80,0xfe,0x80,0xfe,0x80,0xfe,0xa0,0xfe,0x1e,0xa0,0xfe,
    0x93,0x80,0xfe,0xa0,0xfe,0xa0,0xfe,0xa0,0xfe,0xa0,0xfe,0xa0,0xfe,0xa0,0xfe,0xa0,
    0xfe,0xa0,0xfe,0xa0,0xfe,0xa0,0xfe,0xa0,0xfe,0xa0,0xfe,0x80,0xfe,0x80,0xfe,0x80,
    0xfe,0x80,0xfe,0x80,0xfe,0xa0,0xfe,0x15,0xa0,0xfe,0x82,0x80,0xfe,0xa0,0xfe,0x19,
    0xa0,0xfe,0x91,0xc0,0xfe,0xa0,0xfe,0xa0,0xfe,0xa0,0xfe,0xa0,0xfe,0xa0,0xfe,0xa0,
    0xfe,0xa0,0xfe,0xa0,0xfe,0xa0,0xfe,0xa0,0xfe,0xa0,0xfe,0xa0,0xfe,0xa0,0xfe,0xa0,
    0xfe,0x80,0xfe,0xa0,0xfe,0x15,0xa0,0xfe,0xa8,0x80,0xfe,0x80,0xfe,0x80,0xfe,0x80,
    0xfe,0x80,0xfe,0xa0,0xfe,0xa0,0xfe,0xa0,0xfe,0xa0,0xfe,0xa0,0xfe,0xa0,0xfe,0xa0,
    0xfe,0xa0,0xfe,0xa0,0xfe,0xa0,0xfe,0xa0,0xfe,0xa0,0xfe,0xa0,0xfe,0xa0,0xfe,0x80,
    0xfe,0xa0,0xfe,0xa0,0xfe,0xa0,0xfe,0xa0,0xfe,0xa0,0xfe,0xa0,0xfe,0xa0,0xfe,0xa0,
    0xfe,0xa0,0xfe,0xa0,0xfe,0xa0,0xfe,0xa0,0xfe,0xa0,0xfe,0xa0,0xfe,0xa0,0xfe,0xa0,
    0xfe,0xa0,0xfe,0x80,0xfe,0x80,0xfe,0xa0,0xfe,0x6c,0xa0,0xfe,0x82,0x80,0xfe,0xa0,
    0xfe,0x2d,0xa0,0xfe,0x87,0x80,0xfe,0xa0,0xfe,0x80,0xfe,0x80,0xfe,0xa0,0xfe,0x80,
    0xfe,0xa0,0xfe,0x3f,0xa0,0xfe,0x82,0x80,0xfe,0xa0,0xfe,0x13,0xa0,0xfe,0x88,0x80,
    0xfe,0x80,0xfe,0x80,0xfe,0x80,0xfe,0x80,0xfe,0x80,0xfe,0x80,0xfe,0xa0,0xfe,0x1e,
    0xa0,0xfe,0x84,0x80,0xfe,0x80,0xfe,0x80,0xfe,0xa0,0xfe,0x12,0xa0,0xfe,0x90,0x80,
    0xfe,0xa0,0xfe,0xa0,0xfe,0xa0,0xfe,0xa0,0xfe,0xa0,0xfe,0xa0,0xfe,0xa0,0xfe,0xa0,
    0xfe,0xa0,0xfe,0xa0,0xfe,0xa0,0xfe,0xa0,0xfe,0xa0,0xfe,0x80,0xfe,0xa0,0xfe,0x24,
    0xa0,0xfe,0x83,0x80,0xfe,0x80,0xfe,0xa0,0xfe,0x27,0xa0,0xfe,0x82,0x80,0xfe,0xa0,
    0xfe,0x2b,0xa0,0xfe,0x9c,0x80,0xfe,0x80,0xfe,0x80,0xfe,0x80,0xfe,0x80,0xfe,0xa0,
    0xfe,0xa0,0xfe,0xa0,0xfe,0xa0,0xfe,0xa0,0xfe,0xa0,0xfe,0xa0,0xfe,0xa0,0xfe,0xa0,
    0xfe,0xa0,0xfe,0xa0,0xfe,0xa0,0xfe,0xa0,0xfe,0xa0,0xfe,0xa0,0xfe,0xa0,0xfe,0x80,
    0xfe,0x80,0xfe,0xa0,0xfe,0x80,0xfe,0xa0,0xfe,0x80,0xfe,0xa0,0xfe,0x3e,0xa0,0xfe,
    0xa6,0x80,0xfe,0x80,0xfe,0x80,0xfe,0x80,0xfe,0x80,0xfe,0x80,0xfe,0x80,0xfe,0xa0,
    0xfe,0xa0,0xfe,0xa0,0xfe,0xa0,0xfe,0xa0,0xfe,0xa0,0xfe,0xa0,0xfe,0xa0,0xfe,0xa0,
    0xfe,0xa0,0xfe,0xa0,0xfe,0xa0,0xfe,0x80,0xfe,0x80,0xfe,0xa0,0xfe,0xa0,0xfe,0xa0,
    0xfe,0xa0,0xfe,0xa0,0xfe,0xa0,0xfe,0xa0,0xfe,0xa0,0xfe,0xa0,0xfe,0xa0,0xfe,0x80,
    0xfe,0x80,0xfe,0x80,0xfe,0xa0,0xfe,0xa0,0xfe,0x80,0xfe,0xa0,0xfe,0x47,0xa0,0xfe,
    0x82,0x80,0xfe,0xa0,0xfe,0x32,0xa0,0xfe,0x83,0x80,0xfe,0x80,0xfe,0xa0,0xfe,0x24,
    0xa0,0xfe,0x96,0x80,0xfe,0x80,0xfe,0xa0,0xfe,0x80,0xfe,0xa0,0xfe,0xa0,0xfe,0xa0,
    0xfe,0xa0,0xfe,0xa0,0xfe,0xa0,0xfe,0xa0,0xfe,0xa0,0xfe,0xa0,0xfe,0xa0,0xfe,0xa0,
    0xfe,0xa0,0xfe,0xa0,0xfe,0xa0,0xfe,0xa0,0xfe,0x80,0xfe,0x80,0xfe,0xa0,0xfe,0x43,
    0xa0,0xfe,0x85,0x80,0xfe,0x80,0xfe,0x80,0xfe,0x80,0xfe,0xa0,0xfe,0x1d,0xa0,0xfe,
    0x82,0x80,0xfe,0xa0,0xfe,0x5a,0xa0,0xfe,0x84,0x80,0xfe,0x80,0xfe,0x80,0xfe,0xa0,
    0xfe,0x19,0xa0,0xfe,0x88,0x80,0xfe,0x80,0xfe,0xa0,0xfe,0x80,0xfe,0x80,0xfe,0x80,
    0xfe,0x80,0xfe,0xa0,0xfe,0x17,0xa0,0xfe,0xa4,0x80,0xfe,0x80,0xfe,0x80,0xfe,0x80,
    0xfe,0xa0,0xfe,0xa0,0xfe,0xa0,0xfe,0xa0,0xfe,0xa0,0xfe,0xa0,0xfe,0xa0,0xfe,0xa0,
    0xfe,0x80,0xfe,0xa0,0xfe,0x80,0xfe,0xa0,0xfe,0x80,0xfe,0xa0,0xfe,0xa0,0xfe,0xa0,
    0xfe,0xa0,0xfe,0xa0,0xfe,0xa0,0xfe,0xa0,0xfe,0xa0,0xfe,0xa0,0xfe,0xa0,0xfe,0xa0,
    0xfe,0xa0,0xfe,0x80,0xfe,0xa0,0xfe,0xa0,0xfe,0x80,0xfe,0x80,0xfe,0x80,0xfe,0xa0,
    0xfe,0x1c,0xa0,0xfe,0x82,0xc0,0xfe,0xa0,0xfe,0x13,0xa0,0xfe,0x96,0x80,0xfe,0x80,
    0xfe,0x80,0xfe,0xa0,0xfe,0xa0,0xfe,0xa0,0xfe,0xa0,0xfe,0xa0,0xfe,0xa0,0xfe,0xa0,
    0xfe,0xa0,0xfe,0xa0,0xfe,0xa0,0xfe,0xa0,0xfe,0x80,0xfe,0x80,0xfe,0x80,0xfe,0x80,
    0xfe,0x80,0xfe,0x80,0xfe,0x80,0xfe,0xa0,0xfe,0x42,0xa0,0xfe,0x83,0x80,0xfe,0x80,
    0xfe,0xa0,0xfe,0x38,0xa0,0xfe,0x83,0x80,0xfe,0x80,0xfe,0xa0,0xfe,0x17,0xa0,0xfe,
    0x88,0x80,0xfe,0x80,0xfe,0x80,0xfe,0x80,0xfe,0x80,0xfe,0xa0,0xfe,0x80,0xfe,0xa0,
    0xfe,0x17,0xa0,0xfe,0xa6,0x80,0xfe,0x80,0xfe,0xa0,0xfe,0xa0,0xfe,0xa0,0xfe,0xa0,
    0xfe,0xa0,0xfe,0xa0,0xfe,0xa0,0xfe,0x80,0xfe,0xa0,0xfe,0x80,0xfe,0x80,0xfe,0xa0,
    0xfe,0xa0,0xfe,0x80,0xfe,0x80,0xfe,0x80,0xfe,0x80,0xfe,0x80,0xfe,0xa0,0xfe,0xa0,
    0xfe,0xa0,0xfe,0xa0,0xfe,0xa0,0xfe,0xa0,0xfe,0xa0,0xfe,0x80,0xfe,0x80,0xfe,0xa0,
    0xfe,0x80,0xfe,0x80,0xfe,0x80,0xfe,0x80,0xfe,0xa0,0xfe,0x80,0xfe,0x80,0xfe,0xa0,
    0xfe,0x19,0xa0,0xfe,0xac,0xc0,0xfe,0xc0,0xfe,0xa0,0xfe,0xa0,0xfe,0xa0,0xfe,0xa0,
    0xfe,0xc0,0xfe,0xa0,0xfe,0xa0,0xfe,0xa0,0xfe,0xa0,0xfe,0xa0,0xfe,0xa0,0xfe,0xa0,
    0xfe,0xa0,0xfe,0xa0,0xfe,0xa0,0xfe,0xa0,0xfe,0xa0,0xfe,0xa0,0xfe,0xa0,0xfe,0x80,
    0xfe,0x80,0xfe,0x80,0xfe,0x80,0xfe,0xa0,0xfe,0xa0,0xfe,0xa0,0xfe,0xa0,0xfe,0xa0,
    0xfe,0xa0,0xfe,0xa0,0xfe,0xa0,0xfe,0xa0,0xfe,0x80,0xfe,0x80,0xfe,0x80,0xfe,0x80,
    0xfe,0x80,0xfe,0x80,0xfe,0x80,0xfe,0x80,0xfe,0x80,0xfe,0xa0,0xfe,0x17,0xa0,0xfe,
    0x83,0x80,0xfe,0x80,0xfe,0xa0,0xfe,0x19,0xa0,0xfe,0x82,0x80,0xfe,0xa0,0xfe,0x23,
    0xa0,0xfe,0x82,0x80,0xfe,0xa0,0xfe,0x18,0xa0,0xfe,0x8e,0x80,0xfe,0xa0,0xfe,0xa0,
    0xfe,0xa0,0xfe,0xa0,0xfe,0x80,0xfe,0xa0,0xfe,0x80,0xfe,0x80,0xfe,0x80,0xfe,0x80,
    0xfe,0x80,0xfe,0x80,0xfe,0xa0,0xfe,0x16,0xa0,0xfe,0x89,0x80,0xfe,0x80,0xfe,0xa0,
    0xfe,0x80,0xfe,0x80,0xfe,0xa0,0xfe,0xa0,0xfe,0x80,0xfe,0xa0,0xfe,0x17,0xa0,0xfe,
    0xa4,0x80,0xfe,0xa0,0xfe,0xa0,0xfe,0xa0,0xfe,0x80,0xfe,0xa0,0xfe,0x80,0xfe,0xa0,
    0xfe,0x80,0xfe,0xa0,0xfe,0xa0,0xfe,0xa0,0xfe,0x80,0xfe,0x80,0xfe,0x80,0xfe,0x80,
    0xfe,0x80,0xfe,0x80,0xfe,0x80,0xfe,0x80,0xfe,0xa0,0xfe,0xa0,0xfe,0xa0,0xfe,0xa0,
    0xfe,0xa0,0xfe,0xa0,0xfe,0x80,0xfe,0x80,0xfe,0x80,0xfe,0x80,0xfe,0x80,0xfe,0x80,
    0xfe,0xa0,0xfe,0x80,0xfe,0x80,0xfe,0xa0,0xfe,0x1a,0xa0,0xfe,0xcb,0xc0,0xfe,0xa0,
    0xfe,0xa0,0xfe,0xc0,0xfe,0xa0,0xfe,0xa0,0xfe,0xa0,0xfe,0xa0,0xfe,0xa0,0xfe,0xa0,
    0xfe,0xa0,0xfe,0xa0,0xfe,0xa0,0xfe,0xa0,0xfe,0xa0,0xfe,0xa0,0xfe,0xa0,0xfe,0xa0,
    0xfe,0xa0,0xfe,0xa0,0xfe,0xa0,0xfe,0x80,0xfe,0x80,0xfe,0xa0,0xfe,0x80,0xfe,0xa0,
    0xfe,0xa0,0xfe,0xa0,0xfe,0xa0,0xfe,0xa0,0xfe,0xa0,0xfe,0xa0,0xfe,0xa0,0xfe,0xa0,
    0xfe,0x80,0xfe,0x80,0xfe,0x80,0xfe,0x80,0xfe,0x80,0xfe,0x80,0xfe,0x80,0xfe,0x80,
    0xfe,0x80,0xfe,0xa0,0xfe,0xa0,0xfe,0xa0,0xfe,0xa0,0xfe,0xa0,0xfe,0xa0,0xfe,0xa0,
    0xfe,0xa0,0xfe,0xa0,0xfe,0xa0,0xfe,0xa0,0xfe,0xa0,0xfe,0xa0,0xfe,0xa0,0xfe,0xa0,
    0xfe,0xa0,0xfe,0xa0,0xfe,0x80,0xfe,0xa0,0xfe,0xa0,0xfe,0xa0,0xfe,0xa0,0xfe,0xa0,
    0xfe,0xa0,0xfe,0xa0,0xfe,0xa0,0xfe,0xa0,0xfe,0xa0,0xfe,0xa0,0xfe,0xa0,0xfe,0x80,
    0xfe,0xa0,0xfe,0x15,0xa0,0xfe,0x83,0x80,0xfe,0x80,0xfe,0xa0,0xfe,0x12,0xa0,0xfe,
    0x92,0x80,0xfe,0xa0,0xfe,0xa0,0xfe,0xa0,0xfe,0xa0,0xfe,0xa0,0xfe,0xa0,0xfe,0x80,
    0xfe,0xa0,0xfe,0xa0,0xfe,0xa0,0xfe,0xa0,0xfe,0xa0,0xfe,0xa0,0xfe,0xa0,0xfe,0xa0,
    0xfe,0x80,0xfe,0xa0,0xfe,0x1c,0xa0,0xfe,0xa8,0x80,0xfe,0xa0,0xfe,0x80,0xfe,0x80,
    0xfe,0x80,0xfe,0x80,0xfe,0x80,0xfe,0x80,0xfe,0x80,0xfe,0x80,0xfe,0xa0,0xfe,0xa0,
    0xfe,0xa0,0xfe,0xa0,0xfe,0xa0,0xfe,0xa0,0xfe,0xa0,0xfe,0xa0,0xfe,0xa0,0xfe,0xa0,
    0xfe,0x80,0xfe,0x80,0xfe,0xa0,0xfe,0xa0,0xfe,0xa0,0xfe,0xa0,0xfe,0xa0,0xfe,0xa0,
    0xfe,0xa0,0xfe,0xa0,0xfe,0xa0,0xfe,0xa0,0xfe,0xa0,0xfe,0xa0,0xfe,0xa0,0xfe,0x80,
    0xfe,0xa0,0xfe,0xa0,0xfe,0x80,0xfe,0xa0,0xfe,0x15,0xa0,0xfe,0xa6,0x80,0xfe,0x80,
    0xfe,0xa0,0xfe,0xa0,0xfe,0xa0,0xfe,0xa0,0xfe,0x80,0xfe,0xa0,0xfe,0xa0,0xfe,0x80,
    0xfe,0xa0,0xfe,0xa0,0xfe,0xa0,0xfe,0x80,0xfe,0xa0,0xfe,0xa0,0xfe,0x80,0xfe,0x80,
    0xfe,0x80,0xfe,0x80,0xfe,0x80,0xfe,0x80,0xfe,0x80,0xfe,0xa0,0xfe,0xa0,0xfe,0xa0,
    0xfe,0xa0,0xfe,0xa0,0xfe,0x80,0xfe,0x80,0xfe,0x80,0xfe,0x80,0xfe,0x80,0xfe,0x80,
    0xfe,0xa0,0xfe,0xa0,0xfe,0x80,0xfe,0xa0,0xfe,0x2f,0xa0,0xfe,0xff,0x80,0xfe,0x80,
    0xfe,0x80,0xfe,0xa0,0xfe,0xa0,0xfe,0xa0,0xfe,0xa0,0xfe,0xa0,0xfe,0xa0,0xfe,0xa0,
    0xfe,0xa0,0xfe,0xa0,0xfe,0xa0,0xfe,0xa0,0xfe,0x80,0xfe,0x80,0xfe,0x80,0xfe,0x80,
    0xfe,0x80,0xfe,0x80,0xfe,0xa0,0xfe,0xa0,0xfe,0x80,0xfe,0xa0,0xfe,0xa0,0xfe,0xa0,
    0xfe,0xa0,0xfe,0xa0,0xfe,0xa0,0xfe,0xa0,0xfe,0xa0,0xfe,0xa0,0xfe,0xa0,0xfe,0xa0,
    0xfe,0xa0,0xfe,0xa0,0xfe,0xa0,0xfe,0xa0,0xfe,0xa0,0xfe,0xa0,0xfe,0x80,0xfe,0xa0,
    0xfe,0xa0,0xfe,0xa0,0xfe,0xa0,0xfe,0xa0,0xfe,0xa0,0xfe,0xa0,0xfe,0xa0,0xfe,0xa0,
    0xfe,0xa0,0xfe,0x80,0xfe,0x80,0xfe,0xa0,0xfe,0xa0,0xfe,0xa0,0xfe,0x80,0xfe,0x80,
    0xfe,0xa0,0xfe,0xa0,0xfe,0xa0,0xfe,0xa0,0xfe,0xa0,0xfe,0xa0,0xfe,0xa0,0xfe,0xa0,
    0xfe,0xa0,0xfe,0xa0,0xfe,0xa0,0xfe,0xa0,0xfe,0xa0,0xfe,0xa0,0xfe,0xa0,0xfe,0xa0,
    0xfe,0x80,0xfe,0x80,0xfe,0x80,0xfe,0xa0,0xfe,0xa0,0xfe,0xa0,0xfe,0xa0,0xfe,0xa0,
    0xfe,0xa0,0xfe,0xa0,0xfe,0xa0,0xfe,0x80,0xfe,0xa0,0xfe,0xa0,0xfe,0xa0,0xfe,0xa0,
    0xfe,0xa0,0xfe,0x80,0xfe,0x80,0xfe,0xa0,0xfe,0xa0,0xfe,0x80,0xfe,0x80,0xfe,0xa0,
    0xfe,0x80,0xfe,0xa0,0xfe,0xa0,0xfe,0xa0,0xfe,0xa0,0xfe,0xa0,0xfe,0xa0,0xfe,0xa0,
    0xfe,0xa0,0xfe,0xa0,0xfe,0xa0,0xfe,0xa0,0xfe,0xa0,0xfe,0xa0,0xfe,0xa0,0xfe,0x80,
    0xfe,0x80,0xfe,0xa0,0xfe,0xa0,0xfe,0xa0,0xfe,0xa0,0xfe,0xa0,0xfe,0xa0,0xfe,0xa0,
    0xfe,0xa0,0xfe,0x80,0xfe,0xa0,0xfe,0x80,0xfe,0xa0,0xfe,0xb2,0xa0,0xfe,0xa0,0xfe,
    0xa0,0xfe,0xa0,0xfe,0xa0,0xfe,0xa0,0xfe,0xa0,0xfe,0xa0,0xfe,0xa0,0xfe,0xa0,0xfe,
    0xa0,0xfe,0xa0,0xfe,0x80,0xfe,0x80,0xfe,0x80,0xfe,0x80,0xfe,0xa0,0xfe,0xa0,0xfe,
    0xa0,0xfe,0x80,0xfe,0x80,0xfe,0x80,0xfe,0x80,0xfe,0x80,0xfe,0x80,0xfe,0xa0,0xfe,
    0xa0,0xfe,0xa0,0xfe,0xa0,0xfe,0xa0,0xfe,0x80,0xfe,0x80,0xfe,0x80,0xfe,0x80,0xfe,
    0xa0,0xfe,0x80,0xfe,0x80,0xfe,0xa0,0xfe,0xa0,0xfe,0xa0,0xfe,0xa0,0xfe,0xa0,0xfe,
    0xa0,0xfe,0xa0,0xfe,0xa0,0xfe,0xa0,0xfe,0xa0,0xfe,0xa0,0xfe,0x80,0xfe,0xa0,0xfe,
    0x18,0xa0,0xfe,0xa5,0x80,0xfe,0xa0,0xfe,0xa0,0xfe,0xa0,0xfe,0xa0,0xfe,0xa0,0xfe,
    0xa0,0xfe,0xa0,0xfe,0xa0,0xfe,0x80,0xfe,0x80,0xfe,0x80,0xfe,0x80,0xfe,0xa0,0xfe,
    0xa0,0xfe,0xa0,0xfe,0xa0,0xfe,0xa0,0xfe,0xa0,0xfe,0x80,0xfe,0x80,0xfe,0x80,0xfe,
    0x80,0xfe,0x80,0xfe,0x80,0xfe,0xa0,0xfe,0xa0,0xfe,0xa0,0xfe,0xa0,0xfe,0x80,0xfe,
    0x80,0xfe,0x80,0xfe,0x80,0xfe,0x80,0xfe,0x80,0xfe,0x80,0xfe,0xa0,0xfe,0x1e,0xa0,
    0xfe,0xe2,0xc0,0xfe,0xa0,0xfe,0xa0,0xfe,0xa0,0xfe,0xa0,0xfe,0xa0,0xfe,0xa0,0xfe,
    0xc0,0xfe,0xa0,0xfe,0xa0,0xfe,0xa0,0xfe,0xa0,0xfe,0xa0,0xfe,0xa0,0xfe,0xa0,0xfe,
    0xa0,0xfe,0xa0,0xfe,0xa0,0xfe,0xa0,0xfe,0xa0,0xfe,0xa0,0xfe,0x80,0xfe,0xa0,0xfe,
    0xa0,0xfe,0xa0,0xfe,0xa0,0xfe,0xa0,0xfe,0xa0,0xfe,0xa0,0xfe,0xa0,0xfe,0xa0,0xfe,
    0xa0,0xfe,0xa0,0xfe,0x80,0xfe,0xa0,0xfe,0x80,0xfe,0x80,0xfe,0x80,0xfe,0x80,0xfe,
    0xa0,0xfe,0xa0,0xfe,0xa0,0xfe,0xa0,0xfe,0xa0,0xfe,0xa0,0xfe,0xa0,0xfe,0xa0,0xfe,
    0xa0,0xfe,0xa0,0xfe,0xa0,0xfe,0xa0,0xfe,0xa0,0xfe,0xa0,0xfe,0xa0,0xfe,0x80,0xfe,
    0xa0,0xfe,0xa0,0xfe,0x80,0xfe,0xa0,0xfe,0xa0,0xfe,0x80,0xfe,0x80,0xfe,0xa0,0xfe,
    0xa0,0xfe,0xa0,0xfe,0xa0,0xfe,0xa0,0xfe,0xa0,0xfe,0xa0,0xfe,0xa0,0xfe,0xa0,0xfe,
    0xa0,0xfe,0xa0,0xfe,0xa0,0xfe,0x80,0xfe,0x80,0xfe,0xa0,0xfe,0xa0,0xfe,0xa0,0xfe,
    0xa0,0xfe,0xa0,0xfe,0xa0,0xfe,0xa0,0xfe,0x80,0xfe,0xa0,0xfe,0xa0,0xfe,0xa0,0xfe,
    0xa0,0xfe,0xa0,0xfe,0xa0,0xfe,0xa0,0xfe,0xa0,0xfe,0xa0,0xfe,0xa0,0xfe,0xa0,0xfe,
    0xa0,0xfe,0x80,0xfe,0xa0,0xfe,0x11,0xa0,0xfe,0x83,0x80,0xfe,0x80,0xfe,0xa0,0xfe,
    0x17,0xa0,0xfe,0xab,0x80,0xfe,0x80,0xfe,0xa0,0xfe,0xa0,0xfe,0x80,0xfe,0x80,0xfe,
    0xa0,0xfe,0xa0,0xfe,0xa0,0xfe,0xa0,0xfe,0xa0,0xfe,0xa0,0xfe,0xa0,0xfe,0xa0,0xfe,
    0xa0,0xfe,0xa0,0xfe,0xa0,0xfe,0xa0,0xfe,0xa0,0xfe,0xa0,0xfe,0xa0,0xfe,0x80,0xfe,
    0x80,0xfe,0x80,0xfe,0xa0,0xfe,0xa0,0xfe,0x80,0xfe,0x80,0xfe,0x80,0xfe,0x80,0xfe,
    0x80,0xfe,0x80,0xfe,0xa0,0xfe,0xa0,0xfe,0xa0,0xfe,0xa0,0xfe,0x80,0xfe,0x80,0xfe,
    0x80,0xfe,0x80,0xfe,0x80,0xfe,0x80,0xfe,0xa0,0xfe,0x1d,0xa0,0xfe,0xad,0x80,0xfe,
    0x80,0xfe,0x80,0xfe,0xa0,0xfe,0xa0,0xfe,0x80,0xfe,0x80,0xfe,0x80,0xfe,0x80,0xfe,
    0x80,0xfe,0xa0,0xfe,0xa0,0xfe,0xa0,0xfe,0xa0,0xfe,0xa0,0xfe,0xa0,0xfe,0xa0,0xfe,
    0x80,0xfe,0xa0,0xfe,0x80,0xfe,0x80,0xfe,0xa0,0xfe,0xa0,0xfe,0xa0,0xfe,0xa0,0xfe,
    0xa0,0xfe,0xa0,0xfe,0xa0,0xfe,0xa0,0xfe,0xa0,0xfe,0xa0,0xfe,0xa0,0xfe,0xa0,0xfe,
    0xa0,0xfe,0xa0,0xfe,0xa0,0xfe,0xa0,0xfe,0x80,0xfe,0x80,0xfe,0x80,0xfe,0x80,0xfe,
    0x80,0xfe,0x80,0xfe,0x80,0xfe,0xa0,0xfe,0x1a,0xa0,0xfe,0x86,0xc0,0xfe,0xa0,0xfe,
    0xa0,0xfe,0xc0,0xfe,0xc0,0xfe,0xa0,0xfe,0x1a,0xa0,0xfe,0xff,0x80,0xfe,0x80,0xfe,
    0xa0,0xfe,0x80,0xfe,0x80,0xfe,0x80,0xfe,0x80,0xfe,0xa0,0xfe,0xa0,0xfe,0xa0,0xfe,
    0xa0,0xfe,0xa0,0xfe,0xa0,0xfe,0xa0,0xfe,0xa0,0xfe,0xa0,0xfe,0x80,0xfe,0x80,0xfe,
    0xa0,0xfe,0xa0,0xfe,0xa0,0xfe,0xa0,0xfe,0xa0,0xfe,0xa0,0xfe,0xa0,0xfe,0x80,0xfe,
    0xa0,0xfe,0xa0,0xfe,0xa0,0xfe,0x80,0xfe,0xa0,0xfe,0x80,0xfe,0x80,0xfe,0x80,0xfe,
    0xa0,0xfe,0xa0,0xfe,0xa0,0xfe,0x80,0xfe,0xa0,0xfe,0xa0,0xfe,0xa0,0xfe,0xa0,0xfe,
    0xa0,0xfe,0xa0,0xfe,0xa0,0xfe,0xa0,0xfe,0xa0,0xfe,0xa0,0xfe,0xa0,0xfe,0xa0,0xfe,
    0xa0,0xfe,0x80,0xfe,0xa0,0xfe,0xa0,0xfe,0xa0,0xfe,0xa0,0xfe,0xa0,0xfe,0xa0,0xfe,
    0xa0,0xfe,0xa0,0xfe,0xa0,0xfe,0xa0,0xfe,0xa0,0xfe,0xa0,0xfe,0xa0,0xfe,0xa0,0xfe,
    0x80,0xfe,0xa0,0xfe,0xa0,0xfe,0x80,0xfe,0x80,0xfe,0x80,0xfe,0x80,0xfe,0xa0,0xfe,
    0x80,0xfe,0x80,0xfe,0xa0,0xfe,0x80,0xfe,0x80,0xfe,0x80,0xfe,0x80,0xfe,0x80,0xfe,
    0xa0,0xfe,0x80,0xfe,0xa0,0xfe,0xa0,0xfe,0xa0,0xfe,0xa0,0xfe,0x80,0xfe,0x80,0xfe,
    0x80,0xfe,0x80,0xfe,0x80,0xfe,0x80,0xfe,0x80,0xfe,0xa0,0xfe,0xa0,0xfe,0xa0,0xfe,
    0xa0,0xfe,0x80,0xfe,0xa0,0xfe,0xa0,0xfe,0xa0,0xfe,0xa0,0xfe,0xa0,0xfe,0xa0,0xfe,
    0xa0,0xfe,0xa0,0xfe,0xa0,0xfe,0xa0,0xfe,0xa0,0xfe,0xa0,0xfe,0xa0,0xfe,0xa0,0xfe,
    0x80,0xfe,0x80,0xfe,0xa0,0xfe,0x80,0xfe,0x80,0xfe,0xa0,0xfe,0xa0,0xfe,0xa0,0xfe,
    0xa0,0xfe,0xa0,0xfe,0xa0,0xfe,0xa0,0xfe,0x80,0xfe,0x86,0xa0,0xfe,0xa0,0xfe,0xa0,
    0xfe,0xa0,0xfe,0xa0,0xfe,0x80,0xfe,0x19,0x80,0xfe,0xb0,0xa0,0xfe,0xa0,0xfe,0xa0,
    0xfe,0xa0,0xfe,0xa0,0xfe,0xa0,0xfe,0xa0,0xfe,0xa0,0xfe,0xa0,0xfe,0xa0,0xfe,0xa0,
    0xfe,0x80,0xfe,0xa0,0xfe,0xa0,0xfe,0xa0,0xfe,0xa0,0xfe,0xa0,0xfe,0xa0,0xfe,0xa0,
    0xfe,0xa0,0xfe,0xa0,0xfe,0xa0,0xfe,0xa0,0xfe,0xa0,0xfe,0xa0,0xfe,0xa0,0xfe,0x80,
    0xfe,0x80,0xfe,0x80,0xfe,0x80,0xfe,0x80,0xfe,0x80,0xfe,0x80,0xfe,0x80,0xfe,0x80,
    0xfe,0xa0,0xfe,0x80,0xfe,0x80,0xfe,0x80,0xfe,0xa0,0xfe,0xa0,0xfe,0xa0,0xfe,0xa0,
    0xfe,0xa0,0xfe,0xa0,0xfe,0xa0,0xfe,0x80,0xfe,0xa0,0xfe,0x11,0xa0,0xfe,0x87,0x80,
    0xfe,0x80,0xfe,0x80,0xfe,0x80,0xfe,0x80,0xfe,0x80,0xfe,0xa0,0xfe,0x1a,0xa0,0xfe,
    0x8e,0xc0,0xfe,0xa0,0xfe,0xa0,0xfe,0xc0,0xfe,0xc0,0xfe,0xa0,0xfe,0xa0,0xfe,0xa0,
    0xfe,0xa0,0xfe,0xa0,0xfe,0xa0,0xfe,0xa0,0xfe,0xc0,0xfe,0xa0,0xfe,0x13,0xa0,0xfe,
    0xff,0x80,0xfe,0x80,0xfe,0x80,0xfe,0x80,0xfe,0x80,0xfe,0x80,0xfe,0xa0,0xfe,0xa0,
    0xfe,0xa0,0xfe,0xa0,0xfe,0xa0,0xfe,0xa0,0xfe,0xa0,0xfe,0xa0,0xfe,0xa0,0xfe,0x80,
    0xfe,0x80,0xfe,0x80,0xfe,0xa0,0xfe,0xa0,0xfe,0xa0,0xfe,0xa0,0xfe,0xa0,0xfe,0xa0,
    0xfe,0x80,0xfe,0x80,0xfe,0x80,0xfe,0x80,0xfe,0xa0,0xfe,0xa0,0xfe,0x80,0xfe,0x80,
    0xfe,0xa0,0xfe,0xa0,0xfe,0xa0,0xfe,0xa0,0xfe,0xa0,0xfe,0xa0,0xfe,0xa0,0xfe,0xa0,
    0xfe,0xa0,0xfe,0x80,0xfe,0x80,0xfe,0xa0,0xfe,0xa0,0xfe,0x80,0xfe,0xa0,0xfe,0x80,
    0xfe,0xa0,0xfe,0xa0,0xfe,0xa0,0xfe,0xa0,0xfe,0x80,0xfe,0xa0,0xfe,0xa0,0xfe,0x80,
    0xfe,0xa0,0xfe,0xa0,0xfe,0xa0,0xfe,0xa0,0xfe,0xa0,0xfe,0xa0,0xfe,0x80,0xfe,0xa0,
    0xfe,0xa0,0xfe,0xa0,0xfe,0xa0,0xfe,0xa0,0xfe,0xa0,0xfe,0xa0,0xfe,0x80,0xfe,0xa0,
    0xfe,0xa0,0xfe,0x80,0xfe,0x80,0xfe,0xa0,0xfe,0x80,0xfe,0xa0,0xfe,0xa0,0xfe,0x80,
    0xfe,0x80,0xfe,0x80,0xfe,0xa0,0xfe,0xa0,0xfe,0xa0,0xfe,0xa0,0xfe,0xa0,0xfe,0x80,
    0xfe,0x80,0xfe,0x80,0xfe,0x80,0xfe,0x80,0xfe,0x80,0xfe,0xa0,0xfe,0xa0,0xfe,0xa0,
    0xfe,0xa0,0xfe,0xa0,0xfe,0xa0,0xfe,0xa0,0xfe,0xa0,0xfe,0xa0,0xfe,0xa0,0xfe,0xa0,
    0xfe,0xa0,0xfe,0x80,0xfe,0x80,0xfe,0x80,0xfe,0x80,0xfe,0x80,0xfe,0x80,0xfe,0xa0,
    0xfe,0xa0,0xfe,0xa0,0xfe,0xa0,0xfe,0xa0,0xfe,0xa0,0xfe,0xa0,0xfe,0x80,0xfe,0xa0,
    0xfe,0xa0,0xfe,0x80,0xfe,0xa0,0xfe,0xa0,0xfe,0xa0,0xfe,0xa0,0xfe,0xa0,0xfe,0xce,
    0xa0,0xfe,0xa0,0xfe,0xa0,0xfe,0x80,0xfe,0x80,0xfe,0x80,0xfe,0x80,0xfe,0x80,0xfe,
    0x80,0xfe,0x80,0xfe,0x80,0xfe,0x80,0xfe,0x80,0xfe,0x80,0xfe,0x80,0xfe,0x80,0xfe,
    0xa0,0xfe,0x80,0xfe,0x80,0xfe,0x80,0xfe,0x80,0xfe,0x80,0xfe,0x80,0xfe,0x80,0xfe,
    0x80,0xfe,0x80,0xfe,0x80,0xfe,0x80,0xfe,0x80,0xfe,0x80,0xfe,0xa0,0xfe,0xa0,0xfe,
    0xa0,0xfe,0xa0,0xfe,0xa0,0xfe,0xa0,0xfe,0xa0,0xfe,0xa0,0xfe,0xa0,0xfe,0xa0,0xfe,
    0xa0,0xfe,0x80,0xfe,0xa0,0xfe,0x80,0xfe,0xa0,0xfe,0xa0,0xfe,0xa0,0xfe,0xa0,0xfe,
    0xa0,0xfe,0xa0,0xfe,0xa0,0xfe,0xa0,0xfe,0xa0,0xfe,0xa0,0xfe,0xa0,0xfe,0xa0,0xfe,
    0x80,0xfe,0x80,0xfe,0x80,0xfe,0xa0,0xfe,0x80,0xfe,0x80,0xfe,0xa0,0xfe,0x80,0xfe,
    0x80,0xfe,0x80,0xfe,0x80,0xfe,0x80,0xfe,0x80,0xfe,0xa0,0xfe,0xa0,0xfe,0xa0,0xfe,
    0xa0,0xfe,0xa0,0xfe,0xa0,0xfe,0x80,0xfe,0x80,0xfe,0xa0,0xfe,0x11,0xa0,0xfe,0x87,
    0x80,0xfe,0x80,0xfe,0x80,0xfe,0x80,0xfe,0x80,0xfe,0x80,0xfe,0xa0,0xfe,0x1a,0xa0,
    0xfe,0x8e,0xc0,0xfe,0xa0,0xfe,0xc0,0xfe,0xc0,0xfe,0xc0,0xfe,0xa0,0xfe,0xa0,0xfe,
    0xa0,0xfe,0xa0,0xfe,0xa0,0xfe,0xc0,0xfe,0xc0,0xfe,0xc0,0xfe,0xa0,0xfe,0x13,0xa0,
    0xfe,0xff,0x80,0xfe,0x80,0xfe,0x80,0xfe,0x80,0xfe,0x80,0xfe,0x80,0xfe,0xa0,0xfe,
    0xa0,0xfe,0x80,0xfe,0x80,0xfe,0xa0,0xfe,0xa0,0xfe,0xa0,0xfe,0xa0,0xfe,0xa0,0xfe,
    0xa0,0xfe,0x80,0xfe,0x80,0xfe,0xa0,0xfe,0xa0,0xfe,0xa0,0xfe,0xa0,0xfe,0xa0,0xfe,
    0xa0,0xfe,0x80,0xfe,0xa0,0xfe,0xa0,0xfe,0xa0,0xfe,0xa0,0xfe,0xa0,0xfe,0x80,0xfe,
    0xa0,0xfe,0xa0,0xfe,0xa0,0xfe,0xa0,0xfe,0xa0,0xfe,0xa0,0xfe,0xa0,0xfe,0xa0,0xfe,
    0xa0,0xfe,0xa0,0xfe,0x80,0xfe,0xa0,0xfe,0xa0,0xfe,0xa0,0xfe,0x80,0xfe,0xa0,0xfe,
    0xa0,0xfe,0xa0,0xfe,0xa0,0xfe,0xa0,0xfe,0xa0,0xfe,0xa0,0xfe,0x80,0xfe,0xa0,0xfe,
    0x80,0xfe,0xa0,0xfe,0xa0,0xfe,0xa0,0xfe,0xa0,0xfe,0xa0,0xfe,0xa0,0xfe,0x80,0xfe,
    0x80,0xfe,0xa0,0xfe,0x80,0xfe,0xa0,0xfe,0xa0,0xfe,0xa0,0xfe,0x80,0xfe,0x80,0xfe,
    0x80,0xfe,0x80,0xfe,0x80,0xfe,0x80,0xfe,0xa0,0xfe,0x80,0xfe,0xa0,0xfe,0xa0,0xfe,
    0xa0,0xfe,0xa0,0xfe,0xa0,0xfe,0xa0,0xfe,0xa0,0xfe,0xa0,0xfe,0xa0,0xfe,0xa0,0xfe,
    0xa0,0xfe,0xa0,0xfe,0xa0,0xfe,0x80,0xfe,0x80,0xfe,0xa0,0xfe,0xa0,0xfe,0xa0,0xfe,
    0xa0,0xfe,0xa0,0xfe,0xa0,0xfe,0xa0,0xfe,0xa0,0xfe,0xa0,0xfe,0xa0,0xfe,0xa0,0xfe,
    0xa0,0xfe,0xa0,0xfe,0xa0,0xfe,0x80,0xfe,0x80,0xfe,0xa0,0xfe,0x80,0xfe,0xa0,0xfe,
    0xa0,0xfe,0xa0,0xfe,0xa0,0xfe,0xa0,0xfe,0xa0,0xfe,0xa0,0xfe,0x80,0xfe,0x80,0xfe,
    0x80,0xfe,0x80,0xfe,0x80,0xfe,0xa0,0xfe,0xa0,0xfe,0xa0,0xfe,0xa0,0xfe,0xa0,0xfe,
    0x9d,0xa0,0xfe,0xa0,0xfe,0x80,0xfe,0x80,0xfe,0x80,0xfe,0x80,0xfe,0x80,0xfe,0x80,
    0xfe,0x80,0xfe,0x80,0xfe,0x80,0xfe,0x80,0xfe,0x80,0xfe,0x80,0xfe,0x80,0xfe,0x80,
    0xfe,0xa0,0xfe,0x80,0xfe,0x80,0xfe,0x80,0xfe,0x80,0xfe,0xa0,0xfe,0x80,0xfe,0x80,
    0xfe,0xa0,0xfe,0x80,0xfe,0x80,0xfe,0x80,0xfe,0xa0,0xfe,0x1b,0xa0,0xfe,0xb2,0x80,
    0xfe,0x80,0xfe,0x80,0xfe,0xa0,0xfe,0x80,0xfe,0x80,0xfe,0xa0,0xfe,0xa0,0xfe,0xa0,
    0xfe,0x80,0xfe,0x80,0xfe,0x80,0xfe,0x80,0xfe,0xa0,0xfe,0xa0,0xfe,0xa0,0xfe,0xa0,
    0xfe,0xa0,0xfe,0xa0,0xfe,0x80,0xfe,0x80,0xfe,0x80,0xfe,0xa0,0xfe,0xa0,0xfe,0xa0,
    0xfe,0xa0,0xfe,0xa0,0xfe,0xa0,0xfe,0xa0,0xfe,0xa0,0xfe,0xa0,0xfe,0xa0,0xfe,0xa0,
    0xfe,0xa0,0xfe,0xa0,0xfe,0xa0,0xfe,0xa0,0xfe,0xa0,0xfe,0xa0,0xfe,0x80,0xfe,0x80,
    0xfe,0x80,0xfe,0x80,0xfe,0x80,0xfe,0x80,0xfe,0xa0,0xfe,0x80,0xfe,0xa0,0xfe,0x80,
    0xfe,0xa0,0xfe,0x16,0xa0,0xfe,0xb6,0xc0,0xfe,0xc0,0xfe,0xc0,0xfe,0xc0,0xfe,0xc0,
    0xfe,0xa0,0xfe,0xa0,0xfe,0xa0,0xfe,0xa0,0xfe,0xa0,0xfe,0xa0,0xfe,0xa0,0xfe,0xa0,
    0xfe,0xa0,0xfe,0xa0,0xfe,0xa0,0xfe,0xa0,0xfe,0x80,0xfe,0x80,0xfe,0xa0,0xfe,0xa0,
    0xfe,0xa0,0xfe,0xa0,0xfe,0xa0,0xfe,0xa0,0xfe,0xa0,0xfe,0xa0,0xfe,0xa0,0xfe,0xa0,
    0xfe,0xa0,0xfe,0xa0,0xfe,0xa0,0xfe,0x80,0xfe,0x80,0xfe,0x80,0xfe,0x80,0xfe,0x80,
    0xfe,0x80,0xfe,0x80,0xfe,0x80,0xfe,0xa0,0xfe,0x80,0xfe,0x80,0xfe,0xa0,0xfe,0xa0,
    0xfe,0xa0,0xfe,0xa0,0xfe,0xa0,0xfe,0xa0,0xfe,0xa0,0xfe,0x80,0xfe,0x80,0xfe,0x80,
    0xfe,0xa0,0xfe,0x12,0xa0,0xfe,0xf4,0x80,0xfe,0xa0,0xfe,0xa0,0xfe,0x80,0xfe,0xa0,
    0xfe,0x80,0xfe,0x80,0xfe,0x80,0xfe,0x80,0xfe,0xa0,0xfe,0xa0,0xfe,0xa0,0xfe,0xa0,
    0xfe,0xa0,0xfe,0xa0,0xfe,0xa0,0xfe,0xa0,0xfe,0xa0,0xfe,0xa0,0xfe,0xa0,0xfe,0x80,
    0xfe,0x80,0xfe,0x80,0xfe,0x80,0xfe,0x80,0xfe,0x80,0xfe,0xa0,0xfe,0x80,0xfe,0x80,
    0xfe,0x80,0xfe,0x80,0xfe,0xa0,0xfe,0x80,0xfe,0x80,0xfe,0x80,0xfe,0x80,0xfe,0x80,
    0xfe,0x80,0xfe,0xa0,0xfe,0xa0,0xfe,0x80,0xfe,0xa0,0xfe,0xa0,0xfe,0xa0,0xfe,0xa0,
    0xfe,0xa0,0xfe,0xa0,0xfe,0xa0,0xfe,0xa0,0xfe,0xa0,0xfe,0xa0,0xfe,0xa0,0xfe,0xa0,
    0xfe,0x80,0xfe,0xa0,0xfe,0xa0,0xfe,0xa0,0xfe,0xa0,0xfe,0xa0,0xfe,0xa0,0xfe,0xa0,
    0xfe,0xa0,0xfe,0xa0,0xfe,0xa0,0xfe,0xa0,0xfe,0x80,0xfe,0x80,0xfe,0xa0,0xfe,0xa0,
    0xfe,0xa0,0xfe,0xa0,0xfe,0xa0,0xfe,0xa0,0xfe,0xa0,0xfe,0xa0,0xfe,0xa0,0xfe,0xa0,
    0xfe,0xa0,0xfe,0xa0,0xfe,0x80,0xfe,0x80,0xfe,0x80,0xfe,0xa0,0xfe,0xa0,0xfe,0xa0,
    0xfe,0xa0,0xfe,0xa0,0xfe,0xa0,0xfe,0x80,0xfe,0x80,0xfe,0x80,0xfe,0x80,0xfe,0x80,
    0xfe,0x80,0xfe,0x80,0xfe,0x80,0xfe,0x80,0xfe,0x80,0xfe,0x80,0xfe,0x80,0xfe,0x80,
    0xfe,0x80,0xfe,0xa0,0xfe,0xa0,0xfe,0xa0,0xfe,0xa0,0xfe,0xa0,0xfe,0x80,0xfe,0x80,
    0xfe,0x80,0xfe,0x80,0xfe,0x80,0xfe,0x80,0xfe,0x80,0xfe,0x80,0xfe,0xa0,0xfe,0x1d,
    0xa0,0xfe,0x96,0x80,0xfe,0x80,0xfe,0x80,0xfe,0x80,0xfe,0x80,0xfe,0x80,0xfe,0x80,
    0xfe,0x80,0xfe,0x80,0xfe,0x80,0xfe,0x80,0xfe,0x80,0xfe,0xa0,0xfe,0xa0,0xfe,0xa0,
    0xfe,0xa0,0xfe,0xa0,0xfe,0xa0,0xfe,0x80,0xfe,0x80,0xfe,0x80,0xfe,0xa0,0xfe,0x11,
    0xa0,0xfe,0x86,0x80,0xfe,0x80,0xfe,0x80,0xfe,0xa0,0xfe,0x80,0xfe,0xa0,0xfe,0x1a,
    0xa0,0xfe,0xb6,0xc0,0xfe,0xc0,0xfe,0xc0,0xfe,0xc0,0xfe,0xc0,0xfe,0xa0,0xfe,0xa0,
    0xfe,0xa0,0xfe,0xa0,0xfe,0xa0,0xfe,0xa0,0xfe,0xa0,0xfe,0xa0,0xfe,0xa0,0xfe,0xa0,
    0xfe,0xa0,0xfe,0xa0,0xfe,0xa0,0xfe,0x80,0xfe,0x80,0xfe,0xa0,0xfe,0xa0,0xfe,0xa0,
    0xfe,0xa0,0xfe,0xa0,0xfe,0xa0,0xfe,0xa0,0xfe,0xa0,0xfe,0xa0,0xfe,0xa0,0xfe,0xa0,
    0xfe,0xa0,0xfe,0xa0,0xfe,0x80,0xfe,0x80,0xfe,0x80,0xfe,0x80,0xfe,0x80,0xfe,0xa0,
    0xfe,0xa0,0xfe,0xa0,0xfe,0xa0,0xfe,0x80,0xfe,0xa0,0xfe,0xa0,0xfe,0xa0,0xfe,0xa0,
    0xfe,0xa0,0xfe,0xa0,0xfe,0xa0,0xfe,0xa0,0xfe,0x80,0xfe,0x80,0xfe,0xa0,0xfe,0x14,
    0xa0,0xfe,0xf4,0x80,0xfe,0x80,0xfe,0xa0,0xfe,0xa0,0xfe,0x80,0xfe,0xa0,0xfe,0xa0,
    0xfe,0xa0,0xfe,0xa0,0xfe,0xa0,0xfe,0xa0,0xfe,0xa0,0xfe,0xa0,0xfe,0xa0,0xfe,0xa0,
    0xfe,0x80,0xfe,0xa0,0xfe,0xa0,0xfe,0xa0,0xfe,0x80,0xfe,0x80,0xfe,0x80,0xfe,0xa0,
    0xfe,0x80,0xfe,0x80,0xfe,0x80,0xfe,0x80,0xfe,0x80,0xfe,0x80,0xfe,0x80,0xfe,0x80,
    0xfe,0x80,0xfe,0x80,0xfe,0xa0,0xfe,0xa0,0xfe,0x80,0xfe,0x80,0xfe,0xa0,0xfe,0xa0,
    0xfe,0xa0,0xfe,0xa0,0xfe,0xa0,0xfe,0xa0,0xfe,0xa0,0xfe,0xa0,0xfe,0xa0,0xfe,0xa0,
    0xfe,0xa0,0xfe,0xa0,0xfe,0x80,0xfe,0x80,0xfe,0x80,0xfe,0xa0,0xfe,0xa0,0xfe,0xa0,
    0xfe,0xa0,0xfe,0xa0,0xfe,0xa0,0xfe,0xa0,0xfe,0xa0,0xfe,0xa0,0xfe,0xa0,0xfe,0xa0,
    0xfe,0xa0,0xfe,0xa0,0xfe,0x80,0xfe,0x80,0xfe,0xa0,0xfe,0xa0,0xfe,0xa0,0xfe,0xa0,
    0xfe,0xa0,0xfe,0xa0,0xfe,0xa0,0xfe,0xa0,0xfe,0xa0,0xfe,0x80,0xfe,0x80,0xfe,0x80,
    0xfe,0x80,0xfe,0x80,0xfe,0x80,0xfe,0xa0,0xfe,0xa0,0xfe,0xa0,0xfe,0xa0,0xfe,0xa0,
    0xfe,0x80,0xfe,0x80,0xfe,0x80,0xfe,0x80,0xfe,0x80,0xfe,0x80,0xfe,0x80,0xfe,0x80,
    0xfe,0x80,0xfe,0x80,0xfe,0x80,0xfe,0x80,0xfe,0x80,0xfe,0xa0,0xfe,0xa0,0xfe,0x80,
    0xfe,0x80,0xfe,0x80,0xfe,0x80,0xfe,0x80,0xfe,0x80,0xfe,0x80,0xfe,0xa0,0xfe,0xa0,
    0xfe,0xa0,0xfe,0xa0,0xfe,0x80,0xfe,0x80,0xfe,0xa0,0xfe,0x19,0xa0,0xfe,0xae,0x80,
    0xfe,0xa0,0xfe,0x80,0xfe,0x80,0xfe,0xa0,0xfe,0xa0,0xfe,0xa0,0xfe,0x80,0xfe,0x80,
    0xfe,0x80,0xfe,0x80,0xfe,0x80,0xfe,0x80,0xfe,0x80,0xfe,0x80,0xfe,0xa0,0xfe,0xa0,
    0xfe,0xa0,0xfe,0xa0,0xfe,0x80,0xfe,0x80,0xfe,0xa0,0xfe,0xa0,0xfe,0x80,0xfe,0xa0,
    0xfe,0xa0,0xfe,0xa0,0xfe,0xa0,0xfe,0xa0,0xfe,0xa0,0xfe,0xa0,0xfe,0x80,0xfe,0x80,
    0xfe,0xa0,0xfe,0xa0,0xfe,0xa0,0xfe,0xa0,0xfe,0xa0,0xfe,0xa0,0xfe,0xa0,0xfe,0x80,
    0xfe,0x80,0xfe,0x80,0xfe,0x80,0xfe,0x80,0xfe,0xa0,0xfe,0x1b,0xa0,0xfe,0xff,0xc0,
    0xfe,0xa0,0xfe,0xc0,0xfe,0xc0,0xfe,0xc0,0xfe,0xa0,0xfe,0xa0,0xfe,0xa0,0xfe,0xa0,
    0xfe,0xa0,0xfe,0xc0,0xfe,0xc0,0xfe,0xa0,0xfe,0xa0,0xfe,0xa0,0xfe,0xa0,0xfe,0xa0,
    0xfe,0xa0,0xfe,0x80,0xfe,0x80,0xfe,0xa0,0xfe,0x80,0xfe,0xa0,0xfe,0xa0,0xfe,0xa0,
    0xfe,0xa0,0xfe,0xa0,0xfe,0xa0,0xfe,0xa0,0xfe,0xa0,0xfe,0xa0,0xfe,0xa0,0xfe,0xa0,
    0xfe,0x80,0xfe,0x80,0xfe,0x80,0xfe,0x80,0xfe,0x80,0xfe,0xa0,0xfe,0xa0,0xfe,0xa0,
    0xfe,0xa0,0xfe,0xa0,0xfe,0x80,0xfe,0xa0,0xfe,0xa0,0xfe,0xa0,0xfe,0xa0,0xfe,0x80,
    0xfe,0x80,0xfe,0x80,0xfe,0x80,0xfe,0x80,0xfe,0x80,0xfe,0x80,0xfe,0xa0,0xfe,0xa0,
    0xfe,0xa0,0xfe,0xa0,0xfe,0xa0,0xfe,0xa0,0xfe,0xa0,0xfe,0xa0,0xfe,0xa0,0xfe,0xa0,
    0xfe,0xa0,0xfe,0xa0,0xfe,0xa0,0xfe,0xa0,0xfe,0xa0,0xfe,0xa0,0xfe,0xa0,0xfe,0x80,
    0xfe,0xa0,0xfe,0x80,0xfe,0x80,0xfe,0xa0,0xfe,0xa0,0xfe,0xa0,0xfe,0xa0,0xfe,0xa0,
    0xfe,0xa0,0xfe,0xa0,0xfe,0x80,0xfe,0x80,0xfe,0x80,0xfe,0x80,0xfe,0x80,0xfe,0xa0,
    0xfe,0x80,0xfe,0x80,0xfe,0x80,0xfe,0x80,0xfe,0x80,0xfe,0x80,0xfe,0x80,0xfe,0x80,
    0xfe,0x80,0xfe,0x80,0xfe,0x80,0xfe,0x80,0xfe,0xa0,0xfe,0xa0,0xfe,0x80,0xfe,0x80,
    0xfe,0x80,0xfe,0xa0,0xfe,0x80,0xfe,0x80,0xfe,0x80,0xfe,0x80,0xfe,0x80,0xfe,0x80,
    0xfe,0xa0,0xfe,0xa0,0xfe,0xa0,0xfe,0xa0,0xfe,0xa0,0xfe,0xa0,0xfe,0xa0,0xfe,0x80,
    0xfe,0x80,0xfe,0x80,0xfe,0xa0,0xfe,0x80,0xfe,0x80,0xfe,0xa0,0xfe,0xc0,0xa0,0xfe,
    0xa0,0xfe,0xa0,0xfe,0xa0,0xfe,0xa0,0xfe,0xa0,0xfe,0xa0,0xfe,0xa0,0xfe,0xa0,0xfe,
    0xa0,0xfe,0xa0,0xfe,0xa0,0xfe,0x80,0xfe,0xa0,0xfe,0xa0,0xfe,0xa0,0xfe,0xa0,0xfe,
    0xa0,0xfe,0xa0,0xfe,0xa0,0xfe,0xa0,0xfe,0xa0,0xfe,0xa0,0xfe,0x80,0xfe,0x80,0xfe,
    0x80,0xfe,0x80,0xfe,0x80,0xfe,0x80,0xfe,0x80,0xfe,0x80,0xfe,0xa0,0xfe,0xa0,0xfe,
    0xa0,0xfe,0x80,0xfe,0xa0,0xfe,0x80,0xfe,0x80,0xfe,0x80,0xfe,0x80,0xfe,0x80,0xfe,
    0x80,0xfe,0x80,0xfe,0x80,0xfe,0x80,0xfe,0x80,0xfe,0x80,0xfe,0x80,0xfe,0x80,0xfe,
    0x80,0xfe,0x80,0xfe,0x80,0xfe,0xa0,0xfe,0x80,0xfe,0x80,0xfe,0x80,0xfe,0xa0,0xfe,
    0x80,0xfe,0xa0,0xfe,0xa0,0xfe,0x80,0xfe,0x80,0xfe,0x80,0xfe,0xa0,0xfe,0x14,0xa0,
    0xfe,0xb3,0x80,0xfe,0xa0,0xfe,0x80,0xfe,0x80,0xfe,0x80,0xfe,0xa0,0xfe,0x80,0xfe,
    0x80,0xfe,0x80,0xfe,0x80,0xfe,0x80,0xfe,0x80,0xfe,0x80,0xfe,0x80,0xfe,0x80,0xfe,
    0x80,0xfe,0x80,0xfe,0x80,0xfe,0x80,0xfe,0xa0,0xfe,0xa0,0xfe,0xa0,0xfe,0xa0,0xfe,
    0x80,0xfe,0x80,0xfe,0x80,0xfe,0xa0,0xfe,0x80,0xfe,0x80,0xfe,0xa0,0xfe,0xa0,0xfe,
    0xa0,0xfe,0xa0,0xfe,0xa0,0xfe,0xa0,0xfe,0xa0,0xfe,0xa0,0xfe,0xa0,0xfe,0xa0,0xfe,
    0xa0,0xfe,0xa0,0xfe,0xa0,0xfe,0xa0,0xfe,0xa0,0xfe,0x80,0xfe,0x80,0xfe,0x80,0xfe,
    0x80,0xfe,0x80,0xfe,0x80,0xfe,0xa0,0xfe,0x1a,0xa0,0xfe,0xff,0xc0,0xfe,0xa0,0xfe,
    0xa0,0xfe,0xc0,0xfe,0xc0,0xfe,0xa0,0xfe,0xa0,0xfe,0xa0,0xfe,0xa0,0xfe,0xa0,0xfe,
    0xc0,0xfe,0xa0,0xfe,0xa0,0xfe,0xa0,0xfe,0xa0,0xfe,0xa0,0xfe,0xa0,0xfe,0xa0,0xfe,
    0x80,0xfe,0x80,0xfe,0x80,0xfe,0x80,0xfe,0x80,0xfe,0xa0,0xfe,0xa0,0xfe,0xa0,0xfe,
    0xa0,0xfe,0xa0,0xfe,0xa0,0xfe,0xa0,0xfe,0xa0,0xfe,0xa0,0xfe,0xa0,0xfe,0xa0,0xfe,
    0xa0,0xfe,0xa0,0xfe,0x80,0xfe,0xa0,0xfe,0xa0,0xfe,0xa0,0xfe,0xa0,0xfe,0xa0,0xfe,
    0xa0,0xfe,0xa0,0xfe,0xa0,0xfe,0xa0,0xfe,0xa0,0xfe,0xa0,0xfe,0x80,0xfe,0x80,0xfe,
    0x80,0xfe,0x80,0xfe,0xa0,0xfe,0xa0,0xfe,0xa0,0xfe,0xa0,0xfe,0xa0,0xfe,0xa0,0xfe,
    0xa0,0xfe,0xa0,0xfe,0xa0,0xfe,0xa0,0xfe,0xa0,0xfe,0xa0,0xfe,0xa0,0xfe,0xa0,0xfe,
    0xa0,0xfe,0xa0,0xfe,0x80,0xfe,0x80,0xfe,0xa0,0xfe,0xa0,0xfe,0x80,0xfe,0x80,0xfe,
    0x80,0xfe,0xa0,0xfe,0x80,0xfe,0x80,0xfe,0xa0,0xfe,0xa0,0xfe,0xa0,0xfe,0xa0,0xfe,
    0xa0,0xfe,0xa0,0xfe,0x80,0xfe,0x80,0xfe,0xa0,0xfe,0xa0,0xfe,0x80,0xfe,0x80,0xfe,
    0xa0,0xfe,0x80,0xfe,0x80,0xfe,0x80,0xfe,0x80,0xfe,0x80,0xfe,0x80,0xfe,0x80,0xfe,
    0x80,0xfe,0x80,0xfe,0x80,0xfe,0x80,0xfe,0x80,0xfe,0x80,0xfe,0x80,0xfe,0x80,0xfe,
    0xa0,0xfe,0xa0,0xfe,0x80,0xfe,0x80,0xfe,0x80,0xfe,0x80,0xfe,0xa0,0xfe,0x80,0xfe,
    0xa0,0xfe,0x80,0xfe,0x80,0xfe,0x80,0xfe,0xa0,0xfe,0xa0,0xfe,0x80,0xfe,0xa0,0xfe,
    0xa0,0xfe,0x80,0xfe,0x80,0xfe,0xa0,0xfe,0x80,0xfe,0xa5,0xa0,0xfe,0xa0,0xfe,0xa0,
    0xfe,0xa0,0xfe,0x80,0xfe,0x80,0xfe,0xa0,0xfe,0xa0,0xfe,0xa0,0xfe,0xa0,0xfe,0xa0,
    0xfe,0xa0,0xfe,0x80,0xfe,0xa0,0xfe,0xa0,0xfe,0xa0,0xfe,0xa0,0xfe,0xa0,0xfe,0xa0,
    0xfe,0xa0,0xfe,0xa0,0xfe,0xa0,0xfe,0xa0,0xfe,0x80,0xfe,0x80,0xfe,0x80,0xfe,0x80,
    0xfe,0x80,0xfe,0xa0,0xfe,0xa0,0xfe,0xa0,0xfe,0xa0,0xfe,0xa0,0xfe,0xa0,0xfe,0x80,
    0xfe,0xa0,0xfe,0x80,0xfe,0x12,0x80,0xfe,0x86,0xa0,0xfe,0xa0,0xfe,0xa0,0xfe,0xa0,
    0xfe,0x80,0xfe,0xa0,0xfe,0x12,0xa0,0xfe,0xb7,0x80,0xfe,0xa0,0xfe,0xa0,0xfe,0xa0,
    0xfe,0xa0,0xfe,0xa0,0xfe,0x80,0xfe,0x80,0xfe,0x80,0xfe,0x80,0xfe,0x80,0xfe,0x80,
    0xfe,0x80,0xfe,0x80,0xfe,0x80,0xfe,0x80,0xfe,0xa0,0xfe,0x80,0xfe,0x80,0xfe,0x80,
    0xfe,0x80,0xfe,0x80,0xfe,0x80,0xfe,0xa0,0xfe,0xa0,0xfe,0xa0,0xfe,0xa0,0xfe,0xa0,
    0xfe,0xa0,0xfe,0xa0,0xfe,0x80,0xfe,0xa0,0xfe,0xa0,0xfe,0x80,0xfe,0xa0,0xfe,0xa0,
    0xfe,0x80,0xfe,0xa0,0xfe,0xa0,0xfe,0xa0,0xfe,0xa0,0xfe,0xa0,0xfe,0xa0,0xfe,0xa0,
    0xfe,0xa0,0xfe,0xa0,0xfe,0xa0,0xfe,0xa0,0xfe,0xa0,0xfe,0xa0,0xfe,0xa0,0xfe,0xa0,
    0xfe,0x80,0xfe,0x80,0xfe,0xa0,0xfe,0x1c,0xa0,0xfe,0x97,0xc0,0xfe,0xa0,0xfe,0xc0,
    0xfe,0xc0,0xfe,0xa0,0xfe,0xa0,0xfe,0xc0,0xfe,0xc0,0xfe,0xa0,0xfe,0xa0,0xfe,0xa0,
    0xfe,0xa0,0xfe,0xa0,0xfe,0xa0,0xfe,0xa0,0xfe,0xa0,0xfe,0x80,0xfe,0x80,0xfe,0x80,
    0xfe,0x80,0xfe,0x80,0xfe,0x80,0xfe,0xa0,0xfe,0x18,0xa0,0xfe,0xff,0x80,0xfe,0x80,
    0xfe,0xa0,0xfe,0x80,0xfe,0x80,0xfe,0xa0,0xfe,0xa0,0xfe,0xa0,0xfe,0xa0,0xfe,0xa0,
    0xfe,0xa0,0xfe,0xa0,0xfe,0xa0,0xfe,0xa0,0xfe,0xa0,0xfe,0xa0,0xfe,0xa0,0xfe,0xa0,
    0xfe,0xa0,0xfe,0x80,0xfe,0x80,0xfe,0xa0,0xfe,0xa0,0xfe,0xa0,0xfe,0x80,0xfe,0x80,
    0xfe,0x80,0xfe,0x80,0xfe,0x80,0xfe,0x80,0xfe,0xa0,0xfe,0x80,0xfe,0xa0,0xfe,0xa0,
    0xfe,0xa0,0xfe,0x80,0xfe,0x80,0xfe,0xa0,0xfe,0xa0,0xfe,0xa0,0xfe,0xa0,0xfe,0x80,
    0xfe,0x80,0xfe,0x80,0xfe,0x80,0xfe,0x80,0xfe,0x80,0xfe,0x80,0xfe,0x80,0xfe,0x80,
    0xfe,0x80,0xfe,0x80,0xfe,0x80,0xfe,0x80,0xfe,0x80,0xfe,0xa0,0xfe,0xa0,0xfe,0xa0,
    0xfe,0xa0,0xfe,0x80,0xfe,0xa0,0xfe,0x80,0xfe,0x80,0xfe,0x80,0xfe,0xa0,0xfe,0xa0,
    0xfe,0x80,0xfe,0x80,0xfe,0x80,0xfe,0x80,0xfe,0x80,0xfe,0x80,0xfe,0x80,0xfe,0x80,
    0xfe,0x80,0xfe,0xa0,0xfe,0x80,0xfe,0x80,0xfe,0x80,0xfe,0x80,0xfe,0xa0,0xfe,0x80,
    0xfe,0x80,0xfe,0x80,0xfe,0xa0,0xfe,0xa0,0xfe,0xa0,0xfe,0xa0,0xfe,0xa0,0xfe,0xa0,
    0xfe,0xa0,0xfe,0xa0,0xfe,0x80,0xfe,0x80,0xfe,0xa0,0xfe,0xa0,0xfe,0xa0,0xfe,0xa0,
    0xfe,0xa0,0xfe,0xa0,0xfe,0x80,0xfe,0x80,0xfe,0x80,0xfe,0x80,0xfe,0x80,0xfe,0x80,
    0xfe,0x80,0xfe,0x80,0xfe,0xa0,0xfe,0xa0,0xfe,0xa0,0xfe,0xa0,0xfe,0xa0,0xfe,0x80,
    0xfe,0x80,0xfe,0x80,0xfe,0x80,0xfe,0x80,0xfe,0x80,0xfe,0x80,0xfe,0x80,0xfe,0xa0,
    0xfe,0xa0,0xfe,0x80,0xfe,0x80,0xfe,0x80,0xfe,0x80,0xfe,0xd7,0x80,0xfe,0x80,0xfe,
    0x80,0xfe,0x80,0xfe,0x80,0xfe,0x80,0xfe,0xa0,0xfe,0xa0,0xfe,0xa0,0xfe,0xa0,0xfe,
    0xa0,0xfe,0xa0,0xfe,0xa0,0xfe,0xa0,0xfe,0xa0,0xfe,0x80,0xfe,0xa0,0xfe,0xa0,0xfe,
    0xa0,0xfe,0xa0,0xfe,0xa0,0xfe,0xa0,0xfe,0xa0,0xfe,0xa0,0xfe,0xa0,0xfe,0xa0,0xfe,
    0xa0,0xfe,0xa0,0xfe,0x80,0xfe,0xa0,0xfe,0xa0,0xfe,0x80,0xfe,0xa0,0xfe,0x80,0xfe,
    0xa0,0xfe,0xa0,0xfe,0xa0,0xfe,0x80,0xfe,0x80,0xfe,0x80,0xfe,0x80,0xfe,0x80,0xfe,
    0x80,0xfe,0xa0,0xfe,0x80,0xfe,0x80,0xfe,0x80,0xfe,0x80,0xfe,0x80,0xfe,0x80,0xfe,
    0x80,0xfe,0x80,0xfe,0x80,0xfe,0x80,0xfe,0xa0,0xfe,0x80,0xfe,0xa0,0xfe,0xa0,0xfe,
    0xa0,0xfe,0x80,0xfe,0x80,0xfe,0x80,0xfe,0x80,0xfe,0x80,0xfe,0x80,0xfe,0x80,0xfe,
    0x80,0xfe,0xa0,0xfe,0xa0,0xfe,0xa0,0xfe,0xa0,0xfe,0xa0,0xfe,0xa0,0xfe,0xa0,0xfe,
    0xa0,0xfe,0x80,0xfe,0xa0,0xfe,0xa0,0xfe,0xa0,0xfe,0xa0,0xfe,0xa0,0xfe,0x80,0xfe,
    0xa0,0xfe,0x80,0xfe,0x80,0xfe,0x80,0xfe,0xa0,0xfe,0x1d,0xa0,0xfe,0x95,0xc0,0xfe,
    0xc0,0xfe,0xa0,0xfe,0xa0,0xfe,0xc0,0xfe,0xc0,0xfe,0xc0,0xfe,0xa0,0xfe,0xa0,0xfe,
    0xa0,0xfe,0xa0,0xfe,0xa0,0xfe,0xa0,0xfe,0xa0,0xfe,0x80,0xfe,0x80,0xfe,0x80,0xfe,
    0x80,0xfe,0x80,0xfe,0x80,0xfe,0xa0,0xfe,0x18,0xa0,0xfe,0x86,0x80,0xfe,0x80,0xfe,
    0xa0,0xfe,0xa0,0xfe,0x80,0xfe,0xa0,0xfe,0x14,0xa0,0xfe,0xff,0x80,0xfe,0x80,0xfe,
    0x80,0xfe,0x80,0xfe,0xa0,0xfe,0xa0,0xfe,0xa0,0xfe,0x80,0xfe,0x80,0xfe,0x80,0xfe,
    0x80,0xfe,0x80,0xfe,0x80,0xfe,0xa0,0xfe,0x80,0xfe,0x80,0xfe,0x80,0xfe,0x80,0xfe,
    0x80,0xfe,0x80,0xfe,0x80,0xfe,0x80,0xfe,0x80,0xfe,0x80,0xfe,0x80,0xfe,0x80,0xfe,
    0xa0,0xfe,0x80,0xfe,0x80,0xfe,0x80,0xfe,0x80,0xfe,0xa0,0xfe,0xa0,0xfe,0xa0,0xfe,
    0xa0,0xfe,0xa0,0xfe,0x80,0xfe,0x80,0xfe,0xa0,0xfe,0x80,0xfe,0x80,0xfe,0x80,0xfe,
    0x80,0xfe,0x80,0xfe,0x80,0xfe,0x80,0xfe,0x80,0xfe,0x80,0xfe,0x80,0xfe,0x80,0xfe,
    0xa0,0xfe,0xa0,0xfe,0xa0,0xfe,0xa0,0xfe,0xa0,0xfe,0x80,0xfe,0x80,0xfe,0x80,0xfe,
    0xa0,0xfe,0xa0,0xfe,0xa0,0xfe,0x80,0xfe,0xa0,0xfe,0xa0,0xfe,0xa0,0xfe,0x80,0xfe,
    0xa0,0xfe,0x80,0xfe,0xa0,0xfe,0xa0,0xfe,0xa0,0xfe,0xa0,0xfe,0xa0,0xfe,0xa0,0xfe,
    0xa0,0xfe,0xa0,0xfe,0x80,0xfe,0x80,0xfe,0x80,0xfe,0x80,0xfe,0xa0,0xfe,0xa0,0xfe,
    0xa0,0xfe,0xa0,0xfe,0xa0,0xfe,0xa0,0xfe,0xa0,0xfe,0x80,0xfe,0x80,0xfe,0x80,0xfe,
    0x80,0xfe,0x80,0xfe,0x80,0xfe,0x80,0xfe,0xa0,0xfe,0xa0,0xfe,0xa0,0xfe,0x80,0xfe,
    0x80,0xfe,0x80,0xfe,0x80,0xfe,0x80,0xfe,0x80,0xfe,0x80,0xfe,0x80,0xfe,0x80,0xfe,
    0xa0,0xfe,0xa0,0xfe,0xa0,0xfe,0xa0,0xfe,0xa0,0xfe,0xa0,0xfe,0xa0,0xfe,0x80,0xfe,
    0x80,0xfe,0xa0,0xfe,0xa0,0xfe,0xa0,0xfe,0xa0,0xfe,0xa0,0xfe,0xa0,0xfe,0xa0,0xfe,
    0xa0,0xfe,0xa0,0xfe,0xa0,0xfe,0xa0,0xfe,0xa0,0xfe,0x93,0xa0,0xfe,0xa0,0xfe,0xa0,
    0xfe,0xa0,0xfe,0xa0,0xfe,0x80,0xfe,0xa0,0xfe,0x80,0xfe,0xa0,0xfe,0xa0,0xfe,0x80,
    0xfe,0x80,0xfe,0x80,0xfe,0x80,0xfe,0x80,0xfe,0x80,0xfe,0x80,0xfe,0xa0,0xfe,0x80,
    0xfe,0x18,0x80,0xfe,0x93,0xa0,0xfe,0xa0,0xfe,0x80,0xfe,0x80,0xfe,0x80,0xfe,0x80,
    0xfe,0x80,0xfe,0xa0,0xfe,0xa0,0xfe,0xa0,0xfe,0xa0,0xfe,0x80,0xfe,0x80,0xfe,0x80,
    0xfe,0x80,0xfe,0x80,0xfe,0x80,0xfe,0x80,0xfe,0xa0,0xfe,0x1c,0xa0,0xfe,0x95,0xc0,
    0xfe,0xc0,0xfe,0xa0,0xfe,0xa0,0xfe,0xc0,0xfe,0xa0,0xfe,0xa0,0xfe,0xa0,0xfe,0xa0,
    0xfe,0xa0,0xfe,0xa0,0xfe,0xa0,0xfe,0xa0,0xfe,0xa0,0xfe,0x80,0xfe,0x80,0xfe,0x80,
    0xfe,0x80,0xfe,0x80,0xfe,0x80,0xfe,0xa0,0xfe,0x15,0xa0,0xfe,0x89,0x80,0xfe,0x80,
    0xfe,0xa0,0xfe,0x80,0xfe,0x80,0xfe,0x80,0xfe,0xa0,0xfe,0x80,0xfe,0xa0,0xfe,0x14,
    0xa0,0xfe,0xff,0x80,0xfe,0x80,0xfe,0x80,0xfe,0x80,0xfe,0x80,0xfe,0x80,0xfe,0x80,
    0xfe,0x80,0xfe,0x80,0xfe,0x80,0xfe,0xa0,0xfe,0x80,0xfe,0x80,0xfe,0x80,0xfe,0x80,
    0xfe,0x80,0xfe,0x80,0xfe,0xa0,0xfe,0x80,0xfe,0x80,0xfe,0x80,0xfe,0x80,0xfe,0xa0,
    0xfe,0x80,0xfe,0x80,0xfe,0x80,0xfe,0x80,0xfe,0x80,0xfe,0x80,0xfe,0x80,0xfe,0x80,
    0xfe,0xa0,0xfe,0x80,0xfe,0x80,0xfe,0xa0,0xfe,0xa0,0xfe,0x80,0xfe,0xa0,0xfe,0xa0,
    0xfe,0x80,0xfe,0x80,0xfe,0x80,0xfe,0xa0,0xfe,0x80,0xfe,0x80,0xfe,0x80,0xfe,0x80,
    0xfe,0x80,0xfe,0x80,0xfe,0x80,0xfe,0x80,0xfe,0x80,0xfe,0xa0,0xfe,0xa0,0xfe,0xa0,
    0xfe,0xa0,0xfe,0xa0,0xfe,0x80,0xfe,0xa0,0xfe,0xa0,0xfe,0xa0,0xfe,0xa0,0xfe,0xa0,
    0xfe,0xa0,0xfe,0xa0,0xfe,0xa0,0xfe,0x80,0xfe,0x80,0xfe,0x80,0xfe,0x80,0xfe,0x80,
    0xfe,0xa0,0xfe,0xa0,0xfe,0xa0,0xfe,0xa0,0xfe,0xa0,0xfe,0x80,0xfe,0xa0,0xfe,0x80,
    0xfe,0xa0,0xfe,0xa0,0xfe,0xa0,0xfe,0xa0,0xfe,0xa0,0xfe,0xa0,0xfe,0xa0,0xfe,0x80,
    0xfe,0x80,0xfe,0x80,0xfe,0x80,0xfe,0x80,0xfe,0x80,0xfe,0x80,0xfe,0x80,0xfe,0xa0,
    0xfe,0xa0,0xfe,0x80,0xfe,0x80,0xfe,0x80,0xfe,0x80,0xfe,0x80,0xfe,0x80,0xfe,0x80,
    0xfe,0x80,0xfe,0xa0,0xfe,0xa0,0xfe,0xa0,0xfe,0xa0,0xfe,0xa0,0xfe,0xa0,0xfe,0xa0,
    0xfe,0xa0,0xfe,0xa0,0xfe,0x80,0xfe,0xa0,0xfe,0xa0,0xfe,0xa0,0xfe,0xa0,0xfe,0xa0,
    0xfe,0xa0,0xfe,0x80,0xfe,0xa0,0xfe,0xa0,0xfe,0xa0,0xfe,0xa0,0xfe,0xa0,0xfe,0xa0,
    0xfe,0xbd,0xa0,0xfe,0xa0,0xfe,0xa0,0xfe,0xa0,0xfe,0xa0,0xfe,0xa0,0xfe,0xa0,0xfe,
    0xa0,0xfe,0x80,0xfe,0x80,0xfe,0x80,0xfe,0x80,0xfe,0x80,0xfe,0x80,0xfe,0x80,0xfe,
    0x80,0xfe,0x80,0xfe,0x80,0xfe,0x80,0xfe,0x80,0xfe,0x80,0xfe,0x80,0xfe,0x80,0xfe,
    0x80,0xfe,0xa0,0xfe,0x80,0xfe,0xa0,0xfe,0x80,0xfe,0x80,0xfe,0x80,0xfe,0x80,0xfe,
    0xa0,0xfe,0xa0,0xfe,0x80,0xfe,0x80,0xfe,0x80,0xfe,0x80,0xfe,0x80,0xfe,0x80,0xfe,
    0x80,0xfe,0x80,0xfe,0x80,0xfe,0x80,0xfe,0x80,0xfe,0xa0,0xfe,0xa0,0xfe,0x80,0xfe,
    0xa0,0xfe,0x80,0xfe,0x80,0xfe,0x80,0xfe,0x80,0xfe,0xa0,0xfe,0xa0,0xfe,0x80,0xfe,
    0x80,0xfe,0x80,0xfe,0x80,0xfe,0x80,0xfe,0x80,0xfe,0xa0,0xfe,0x1d,0xa0,0xfe,0x95,
    0xc0,0xfe,0xc0,0xfe,0xa0,0xfe,0xc0,0xfe,0xc0,0xfe,0xc0,0xfe,0xa0,0xfe,0xa0,0xfe,
    0xa0,0xfe,0xa0,0xfe,0xa0,0xfe,0xa0,0xfe,0xa0,0xfe,0xa0,0xfe,0x80,0xfe,0x80,0xfe,
    0x80,0xfe,0x80,0xfe,0x80,0xfe,0x80,0xfe,0xa0,0xfe,0x16,0xa0,0xfe,0xff,0x80,0xfe,
    0xa0,0xfe,0x80,0xfe,0x80,0xfe,0x80,0xfe,0x80,0xfe,0x80,0xfe,0xa0,0xfe,0xa0,0xfe,
    0xa0,0xfe,0xa0,0xfe,0xa0,0xfe,0xa0,0xfe,0xa0,0xfe,0xa0,0xfe,0xa0,0xfe,0xa0,0xfe,
    0xa0,0xfe,0xa0,0xfe,0x80,0xfe,0xa0,0xfe,0xa0,0xfe,0xa0,0xfe,0x80,0xfe,0xa0,0xfe,
    0xa0,0xfe,0xa0,0xfe,0xa0,0xfe,0xa0,0xfe,0x80,0xfe,0xa0,0xfe,0x80,0xfe,0x80,0xfe,
    0x80,0xfe,0xa0,0xfe,0xa0,0xfe,0x80,0xfe,0xa0,0xfe,0xa0,0xfe,0x80,0xfe,0x80,0xfe,
    0xa0,0xfe,0xa0,0xfe,0xa0,0xfe,0x80,0xfe,0x80,0xfe,0x80,0xfe,0x80,0xfe,0x80,0xfe,
    0x80,0xfe,0x80,0xfe,0xa0,0xfe,0xa0,0xfe,0x80,0xfe,0x80,0xfe,0x80,0xfe,0x80,0xfe,
    0x80,0xfe,0x80,0xfe,0x80,0xfe,0x80,0xfe,0x80,0xfe,0x80,0xfe,0xa0,0xfe,0xa0,0xfe,
    0xa0,0xfe,0xa0,0xfe,0xa0,0xfe,0x80,0xfe,0x80,0xfe,0x80,0xfe,0x80,0xfe,0x80,0xfe,
    0x80,0xfe,0x80,0xfe,0x80,0xfe,0x80,0xfe,0x80,0xfe,0x80,0xfe,0x80,0xfe,0xa0,0xfe,
    0xa0,0xfe,0xa0,0xfe,0xa0,0xfe,0xa0,0xfe,0x80,0xfe,0xa0,0xfe,0xa0,0xfe,0xa0,0xfe,
    0xa0,0xfe,0xa0,0xfe,0xa0,0xfe,0x80,0xfe,0x80,0xfe,0x80,0xfe,0x80,0xfe,0x80,0xfe,
    0x80,0xfe,0xa0,0xfe,0xa0,0xfe,0xa0,0xfe,0xa0,0xfe,0xa0,0xfe,0xa0,0xfe,0xa0,0xfe,
    0xa0,0xfe,0xa0,0xfe,0xa0,0xfe,0xa0,0xfe,0xa0,0xfe,0xa0,0xfe,0xa0,0xfe,0xa0,0xfe,
    0xa0,0xfe,0x80,0xfe,0x80,0xfe,0x80,0xfe,0x80,0xfe,0x80,0xfe,0x80,0xfe,0x80,0xfe,
    0x80,0xfe,0xa0,0xfe,0xa0,0xfe,0x80,0xfe,0x80,0xfe,0x80,0xfe,0xd9,0x80,0xfe,0x80,
    0xfe,0x80,0xfe,0x80,0xfe,0x80,0xfe,0xa0,0xfe,0xa0,0xfe,0xa0,0xfe,0xa0,0xfe,0xa0,
    0xfe,0xa0,0xfe,0x80,0xfe,0xa0,0xfe,0xa0,0xfe,0x80,0xfe,0x80,0xfe,0xa0,0xfe,0xa0,
    0xfe,0xa0,0xfe,0xa0,0xfe,0x80,0xfe,0x80,0xfe,0xa0,0xfe,0xa0,0xfe,0xa0,0xfe,0xa0,
    0xfe,0xa0,0xfe,0xa0,0xfe,0xa0,0xfe,0xa0,0xfe,0x80,0xfe,0x80,0xfe,0xa0,0xfe,0xa0,
    0xfe,0xa0,0xfe,0xa0,0xfe,0xa0,0xfe,0x80,0xfe,0x80,0xfe,0x80,0xfe,0x80,0xfe,0x80,
    0xfe,0xa0,0xfe,0xa0,0xfe,0x80,0xfe,0x80,0xfe,0x80,0xfe,0x80,0xfe,0x80,0xfe,0xa0,
    0xfe,0xa0,0xfe,0x80,0xfe,0x80,0xfe,0x80,0xfe,0x80,0xfe,0x80,0xfe,0x80,0xfe,0x80,
    0xfe,0xa0,0xfe,0x80,0xfe,0xa0,0xfe,0x80,0xfe,0x80,0xfe,0x80,0xfe,0x80,0xfe,0x80,
    0xfe,0x80,0xfe,0x80,0xfe,0xa0,0xfe,0xa0,0xfe,0xa0,0xfe,0xa0,0xfe,0xa0,0xfe,0x80,
    0xfe,0x80,0xfe,0x80,0xfe,0x80,0xfe,0x80,0xfe,0x80,0xfe,0x80,0xfe,0xa0,0xfe,0x80,
    0xfe,0x80,0xfe,0x80,0xfe,0x80,0xfe,0x80,0xfe,0x80,0xfe,0x80,0xfe,0xa0,0xfe,0x1d,
    0xa0,0xfe,0x93,0xc0,0xfe,0xc0,0xfe,0xa0,0xfe,0xa0,0xfe,0xa0,0xfe,0xa0,0xfe,0xa0,
    0xfe,0xa0,0xfe,0xa0,0xfe,0xa0,0xfe,0xa0,0xfe,0xa0,0xfe,0xa0,0xfe,0xa0,0xfe,0x80,
    0xfe,0x80,0xfe,0x80,0xfe,0x80,0xfe,0xa0,0xfe,0x19,0xa0,0xfe,0xff,0x80,0xfe,0x80,
    0xfe,0xa0,0xfe,0x80,0xfe,0x80,0xfe,0xa0,0xfe,0xa0,0xfe,0xa0,0xfe,0xa0,0xfe,0xa0,
    0xfe,0xa0,0xfe,0xa0,0xfe,0xa0,0xfe,0xa0,0xfe,0xa0,0xfe,0xa0,0xfe,0xa0,0xfe,0xa0,
    0xfe,0x80,0xfe,0x80,0xfe,0x80,0xfe,0x80,0xfe,0xa0,0xfe,0xa0,0xfe,0xa0,0xfe,0xa0,
    0xfe,0xa0,0xfe,0x80,0xfe,0xa0,0xfe,0x80,0xfe,0xa0,0xfe,0xa0,0xfe,0x80,0xfe,0x80,
    0xfe,0x80,0xfe,0x80,0xfe,0xa0,0xfe,0x80,0xfe,0xa0,0xfe,0xa0,0xfe,0xa0,0xfe,0xa0,
    0xfe,0xa0,0xfe,0x80,0xfe,0x80,0xfe,0x80,0xfe,0x80,0xfe,0x80,0xfe,0x80,0xfe,0xa0,
    0xfe,0xa0,0xfe,0xa0,0xfe,0x80,0xfe,0x80,0xfe,0x80,0xfe,0x80,0xfe,0x80,0xfe,0x80,
    0xfe,0x80,0xfe,0x80,0xfe,0xa0,0xfe,0x80,0xfe,0x80,0xfe,0x80,0xfe,0x80,0xfe,0xa0,
    0xfe,0xa0,0xfe,0xa0,0xfe,0x80,0xfe,0x80,0xfe,0x80,0xfe,0x80,0xfe,0x80,0xfe,0x80,
    0xfe,0x80,0xfe,0x80,0xfe,0x80,0xfe,0x80,0xfe,0xa0,0xfe,0xa0,0xfe,0xa0,0xfe,0xa0,
    0xfe,0xa0,0xfe,0x80,0xfe,0xa0,0xfe,0xa0,0xfe,0x80,0xfe,0xa0,0xfe,0x80,0xfe,0x80,
    0xfe,0x80,0xfe,0xa0,0xfe,0x80,0xfe,0x80,0xfe,0x80,0xfe,0x80,0xfe,0x80,0xfe,0xa0,
    0xfe,0xa0,0xfe,0xa0,0xfe,0xa0,0xfe,0xa0,0xfe,0xa0,0xfe,0xa0,0xfe,0xa0,0xfe,0xa0,
    0xfe,0xa0,0xfe,0xa0,0xfe,0xa0,0xfe,0xa0,0xfe,0xa0,0xfe,0x80,0xfe,0x80,0xfe,0x80,
    0xfe,0x80,0xfe,0x80,0xfe,0x80,0xfe,0x80,0xfe,0x80,0xfe,0x80,0xfe,0xa0,0xfe,0xa0,
    0xfe,0x80,0xfe,0x80,0xfe,0x80,0xfe,0x80,0xfe,0x80,0xfe,0xb3,0x80,0xfe,0x80,0xfe,
    0x80,0xfe,0x80,0xfe,0x80,0xfe,0x80,0xfe,0x80,0xfe,0xa0,0xfe,0xa0,0xfe,0xa0,0xfe,
    0x80,0xfe,0x80,0xfe,0xa0,0xfe,0x80,0xfe,0x80,0xfe,0x80,0xfe,0x80,0xfe,0x80,0xfe,
    0x80,0xfe,0x80,0xfe,0x80,0xfe,0xa0,0xfe,0x80,0xfe,0xa0,0xfe,0xa0,0xfe,0xa0,0xfe,
    0xa0,0xfe,0x80,0xfe,0xa0,0xfe,0x80,0xfe,0xa0,0xfe,0xa0,0xfe,0xa0,0xfe,0xa0,0xfe,
    0xa0,0xfe,0xa0,0xfe,0xa0,0xfe,0x80,0xfe,0x80,0xfe,0x80,0xfe,0x80,0xfe,0x80,0xfe,
    0x80,0xfe,0x80,0xfe,0x80,0xfe,0x80,0xfe,0x80,0xfe,0x80,0xfe,0x80,0xfe,0xa0,0xfe,
    0x80,0xfe,0x14,0x80,0xfe,0x91,0xa0,0xfe,0x80,0xfe,0x80,0xfe,0x80,0xfe,0x80,0xfe,
    0x80,0xfe,0x80,0xfe,0x80,0xfe,0xa0,0xfe,0x80,0xfe,0x80,0xfe,0x80,0xfe,0x80,0xfe,
    0x80,0xfe,0x80,0xfe,0x80,0xfe,0xa0,0xfe,0x1d,0xa0,0xfe,0x93,0xc0,0xfe,0xc0,0xfe,
    0xa0,0xfe,0xa0,0xfe,0xa0,0xfe,0xa0,0xfe,0xa0,0xfe,0xa0,0xfe,0xa0,0xfe,0xa0,0xfe,
    0xa0,0xfe,0xa0,0xfe,0xa0,0xfe,0xa0,0xfe,0x80,0xfe,0x80,0xfe,0x80,0xfe,0x80,0xfe,
    0xa0,0xfe,0x1c,0xa0,0xfe,0xff,0x80,0xfe,0x80,0xfe,0x80,0xfe,0xa0,0xfe,0xa0,0xfe,
    0xa0,0xfe,0x80,0xfe,0xa0,0xfe,0xa0,0xfe,0xa0,0xfe,0xa0,0xfe,0xa0,0xfe,0xa0,0xfe,
    0xa0,0xfe,0xa0,0xfe,0x80,0xfe,0x80,0xfe,0x80,0xfe,0x80,0xfe,0xa0,0xfe,0xa0,0xfe,
    0xa0,0xfe,0xa0,0xfe,0xa0,0xfe,0x80,0xfe,0x80,0xfe,0xa0,0xfe,0xa0,0xfe,0xa0,0xfe,
    0xa0,0xfe,0xa0,0xfe,0x80,0xfe,0x80,0xfe,0x80,0xfe,0x80,0xfe,0xa0,0xfe,0xa0,0xfe,
    0xa0,0xfe,0xa0,0xfe,0xa0,0xfe,0xa0,0xfe,0xa0,0xfe,0xa0,0xfe,0xa0,0xfe,0xa0,0xfe,
    0x80,0xfe,0x80,0xfe,0xa0,0xfe,0xa0,0xfe,0x80,0xfe,0x80,0xfe,0x80,0xfe,0x80,0xfe,
    0x80,0xfe,0x80,0xfe,0x80,0xfe,0x80,0xfe,0x80,0xfe,0x80,0xfe,0xa0,0xfe,0x80,0xfe,
    0xa0,0xfe,0xa0,0xfe,0x80,0xfe,0x80,0xfe,0x80,0xfe,0x80,0xfe,0x80,0xfe,0x80,0xfe,
    0x80,0xfe,0x80,0xfe,0x80,0xfe,0x80,0xfe,0x80,0xfe,0x80,0xfe,0xa0,0xfe,0xa0,0xfe,
    0xa0,0xfe,0xa0,0xfe,0xa0,0xfe,0xa0,0xfe,0xa0,0xfe,0x80,0xfe,0x80,0xfe,0x80,0xfe,
    0x80,0xfe,0x80,0xfe,0x80,0xfe,0xa0,0xfe,0xa0,0xfe,0x80,0xfe,0x80,0xfe,0x80,0xfe,
    0xa0,0xfe,0x80,0xfe,0x80,0xfe,0xa0,0xfe,0xa0,0xfe,0xa0,0xfe,0x80,0xfe,0xa0,0xfe,
    0xa0,0xfe,0xa0,0xfe,0xa0,0xfe,0xa0,0xfe,0xa0,0xfe,0xa0,0xfe,0xa0,0xfe,0x80,0xfe,
    0x80,0xfe,0x80,0xfe,0x80,0xfe,0x80,0xfe,0x80,0xfe,0x80,0xfe,0x80,0xfe,0x80,0xfe,
    0xa0,0xfe,0x80,0xfe,0x80,0xfe,0xa0,0xfe,0x80,0xfe,0x80,0xfe,0x80,0xfe,0x80,0xfe,
    0x80,0xfe,0x80,0xfe,0xa2,0x80,0xfe,0x80,0xfe,0x80,0xfe,0x80,0xfe,0xa0,0xfe,0xa0,
    0xfe,0xa0,0xfe,0x80,0xfe,0x80,0xfe,0x80,0xfe,0x80,0xfe,0xa0,0xfe,0x80,0xfe,0x80,
    0xfe,0x80,0xfe,0x80,0xfe,0x80,0xfe,0x80,0xfe,0x80,0xfe,0x80,0xfe,0x80,0xfe,0x80,
    0xfe,0xa0,0xfe,0xa0,0xfe,0x80,0xfe,0x80,0xfe,0xa0,0xfe,0xa0,0xfe,0xa0,0xfe,0xa0,
    0xfe,0xa0,0xfe,0xa0,0xfe,0xa0,0xfe,0x80,0xfe,0x16,0x80,0xfe,0xa2,0xa0,0xfe,0xa0,
    0xfe,0xa0,0xfe,0x80,0xfe,0x80,0xfe,0x80,0xfe,0x80,0xfe,0x80,0xfe,0xa0,0xfe,0x80,
    0xfe,0xa0,0xfe,0x80,0xfe,0x80,0xfe,0x80,0xfe,0xa0,0xfe,0x80,0xfe,0x80,0xfe,0x80,
    0xfe,0x80,0xfe,0x80,0xfe,0x80,0xfe,0x80,0xfe,0x80,0xfe,0x80,0xfe,0x80,0xfe,0x80,
    0xfe,0x80,0xfe,0x80,0xfe,0x80,0xfe,0xa0,0xfe,0x80,0xfe,0x80,0xfe,0x80,0xfe,0xa0,
    0xfe,0x18,0xa0,0xfe,0x91,0xc0,0xfe,0xc0,0xfe,0xa0,0xfe,0xa0,0xfe,0xa0,0xfe,0xa0,
    0xfe,0xa0,0xfe,0xa0,0xfe,0xa0,0xfe,0xa0,0xfe,0xa0,0xfe,0xa0,0xfe,0xa0,0xfe,0xa0,
    0xfe,0xa0,0xfe,0x80,0xfe,0xa0,0xfe,0x1e,0xa0,0xfe,0xff,0x80,0xfe,0x80,0xfe,0xa0,
    0xfe,0x80,0xfe,0x80,0xfe,0xa0,0xfe,0xa0,0xfe,0x80,0xfe,0x80,0xfe,0xa0,0xfe,0xa0,
    0xfe,0xa0,0xfe,0xa0,0xfe,0xa0,0xfe,0xa0,0xfe,0xa0,0xfe,0x80,0xfe,0xa0,0xfe,0xa0,
    0xfe,0xa0,0xfe,0x80,0xfe,0xa0,0xfe,0xa0,0xfe,0xa0,0xfe,0xa0,0xfe,0xa0,0xfe,0xa0,
    0xfe,0xa0,0xfe,0xa0,0xfe,0xa0,0xfe,0xa0,0xfe,0xa0,0xfe,0x80,0xfe,0x80,0xfe,0xa0,
    0xfe,0xa0,0xfe,0x80,0xfe,0x80,0xfe,0xa0,0xfe,0xa0,0xfe,0xa0,0xfe,0xa0,0xfe,0xa0,
    0xfe,0xa0,0xfe,0xa0,0xfe,0xa0,0xfe,0xa0,0xfe,0x80,0xfe,0xa0,0xfe,0xa0,0xfe,0xa0,
    0xfe,0x80,0xfe,0x80,0xfe,0x80,0xfe,0x80,0xfe,0x80,0xfe,0x80,0xfe,0x80,0xfe,0x80,
    0xfe,0xa0,0xfe,0x80,0xfe,0xa0,0xfe,0xa0,0xfe,0xa0,0xfe,0x80,0xfe,0x80,0xfe,0x80,
    0xfe,0x80,0xfe,0x80,0xfe,0x80,0xfe,0xa0,0xfe,0x80,0xfe,0xa0,0xfe,0x80,0xfe,0xa0,
    0xfe,0xa0,0xfe,0xa0,0xfe,0xa0,0xfe,0xa0,0xfe,0xa0,0xfe,0xa0,0xfe,0x80,0xfe,0xa0,
    0xfe,0x80,0xfe,0x80,0xfe,0x80,0xfe,0x80,0xfe,0x80,0xfe,0x80,0xfe,0xa0,0xfe,0xa0,
    0xfe,0xa0,0xfe,0xa0,0xfe,0xa0,0xfe,0x80,0xfe,0xa0,0xfe,0xa0,0xfe,0xa0,0xfe,0xa0,
    0xfe,0xa0,0xfe,0xa0,0xfe,0xa0,0xfe,0xa0,0xfe,0xa0,0xfe,0xa0,0xfe,0xa0,0xfe,0xa0,
    0xfe,0x80,0xfe,0x80,0xfe,0xa0,0xfe,0x80,0xfe,0x80,0xfe,0xa0,0xfe,0xa0,0xfe,0x80,
    0xfe,0x80,0xfe,0xa0,0xfe,0x80,0xfe,0xa0,0xfe,0x80,0xfe,0x80,0xfe,0x80,0xfe,0x80,
    0xfe,0x80,0xfe,0x80,0xfe,0x80,0xfe,0x80,0xfe,0x86,0x80,0xfe,0x80,0xfe,0xa0,0xfe,
    0xa0,0xfe,0xa0,0xfe,0x80,0xfe,0x15,0x80,0xfe,0xa9,0xa0,0xfe,0xa0,0xfe,0xa0,0xfe,
    0xa0,0xfe,0x80,0xfe,0x80,0xfe,0xa0,0xfe,0xa0,0xfe,0x80,0xfe,0xa0,0xfe,0x80,0xfe,
    0xa0,0xfe,0xa0,0xfe,0xa0,0xfe,0x80,0xfe,0x80,0xfe,0x80,0xfe,0x80,0xfe,0x80,0xfe,
    0x80,0xfe,0x80,0xfe,0x80,0xfe,0x80,0xfe,0x80,0xfe,0x80,0xfe,0x80,0xfe,0x80,0xfe,
    0xa0,0xfe,0xa0,0xfe,0x80,0xfe,0x80,0xfe,0xa0,0xfe,0xa0,0xfe,0xa0,0xfe,0x80,0xfe,
    0x80,0xfe,0x80,0xfe,0xa0,0xfe,0xa0,0xfe,0xa0,0xfe,0x80,0xfe,0x11,0x80,0xfe,0x84,
    0xa0,0xfe,0x80,0xfe,0x80,0xfe,0xa0,0xfe,0x19,0xa0,0xfe,0x83,0xc0,0xfe,0xc0,0xfe,
    0xa0,0xfe,0x2f,0xa0,0xfe,0xff,0x80,0xfe,0x80,0xfe,0x80,0xfe,0x80,0xfe,0x80,0xfe,
    0x80,0xfe,0xa0,0xfe,0xa0,0xfe,0xa0,0xfe,0xa0,0xfe,0xa0,0xfe,0xa0,0xfe,0xa0,0xfe,
    0x80,0xfe,0x80,0xfe,0xa0,0xfe,0xa0,0xfe,0xa0,0xfe,0xa0,0xfe,0xa0,0xfe,0xa0,0xfe,
    0xa0,0xfe,0xa0,0xfe,0xa0,0xfe,0xa0,0xfe,0xa0,0xfe,0xa0,0xfe,0xa0,0xfe,0xa0,0xfe,
    0x80,0xfe,0x80,0xfe,0x80,0xfe,0x80,0xfe,0x80,0xfe,0x80,0xfe,0xa0,0xfe,0xa0,0xfe,
    0xa0,0xfe,0xa0,0xfe,0xa0,0xfe,0xa0,0xfe,0xa0,0xfe,0xa0,0xfe,0xa0,0xfe,0x80,0xfe,
    0x80,0xfe,0x80,0xfe,0x80,0xfe,0x80,0xfe,0x80,0xfe,0x80,0xfe,0x80,0xfe,0x80,0xfe,
    0xa0,0xfe,0xa0,0xfe,0xa0,0xfe,0xa0,0xfe,0xa0,0xfe,0xa0,0xfe,0x80,0xfe,0x80,0xfe,
    0xa0,0xfe,0x80,0xfe,0x80,0xfe,0x80,0xfe,0x80,0xfe,0xa0,0xfe,0x80,0xfe,0xa0,0xfe,
    0xa0,0xfe,0xa0,0xfe,0xa0,0xfe,0xa0,0xfe,0xa0,0xfe,0xa0,0xfe,0xa0,0xfe,0xa0,0xfe,
    0xa0,0xfe,0x80,0xfe,0x80,0xfe,0x80,0xfe,0x80,0xfe,0x80,0xfe,0x80,0xfe,0x80,0xfe,
    0x80,0xfe,0x80,0xfe,0x80,0xfe,0x80,0xfe,0xa0,0xfe,0x80,0xfe,0xa0,0xfe,0xa0,0xfe,
    0xa0,0xfe,0xa0,0xfe,0xa0,0xfe,0xa0,0xfe,0xa0,0xfe,0xa0,0xfe,0xa0,0xfe,0xa0,0xfe,
    0xa0,0xfe,0xa0,0xfe,0xa0,0xfe,0x80,0xfe,0x80,0xfe,0x80,0xfe,0x80,0xfe,0x80,0xfe,
    0x80,0xfe,0xa0,0xfe,0x80,0xfe,0x80,0xfe,0xa0,0xfe,0x80,0xfe,0x80,0xfe,0x80,0xfe,
    0x80,0xfe,0x80,0xfe,0x80,0xfe,0x80,0xfe,0x80,0xfe,0x80,0xfe,0x80,0xfe,0x80,0xfe,
    0x80,0xfe,0x80,0xfe,0xc2,0x80,0xfe,0x80,0xfe,0x80,0xfe,0xa0,0xfe,0xa0,0xfe,0x80,
    0xfe,0xa0,0xfe,0xa0,0xfe,0x80,0xfe,0x80,0xfe,0xa0,0xfe,0x80,0xfe,0x80,0xfe,0x80,
    0xfe,0x80,0xfe,0x80,0xfe,0x80,0xfe,0x80,0xfe,0x80,0xfe,0x80,0xfe,0x80,0xfe,0x80,
    0xfe,0x80,0xfe,0x80,0xfe,0x80,0xfe,0xa0,0xfe,0xa0,0xfe,0x80,0xfe,0x80,0xfe,0x80,
    0xfe,0x80,0xfe,0x80,0xfe,0x80,0xfe,0xa0,0xfe,0xa0,0xfe,0xa0,0xfe,0xa0,0xfe,0xa0,
    0xfe,0xa0,0xfe,0xa0,0xfe,0x80,0xfe,0x80,0xfe,0x80,0xfe,0x80,0xfe,0x80,0xfe,0x80,
    0xfe,0x80,0xfe,0x80,0xfe,0x80,0xfe,0x80,0xfe,0x80,0xfe,0x80,0xfe,0x80,0xfe,0x80,
    0xfe,0xa0,0xfe,0xa0,0xfe,0xa0,0xfe,0xa0,0xfe,0xa0,0xfe,0x80,0xfe,0x80,0xfe,0x80,
    0xfe,0x80,0xfe,0x80,0xfe,0xa0,0xfe,0x80,0xfe,0x11,0x80,0xfe,0x1b,0xa0,0xfe,0x84,
    0xc0,0xfe,0xc0,0xfe,0xc0,0xfe,0xa0,0xfe,0x2f,0xa0,0xfe,0xeb,0x80,0xfe,0x80,0xfe,
    0x80,0xfe,0x80,0xfe,0xa0,0xfe,0x80,0xfe,0xa0,0xfe,0xa0,0xfe,0xa0,0xfe,0xa0,0xfe,
    0xa0,0xfe,0xa0,0xfe,0x80,0xfe,0x80,0xfe,0x80,0xfe,0xa0,0xfe,0xa0,0xfe,0xa0,0xfe,
    0xa0,0xfe,0xa0,0xfe,0xa0,0xfe,0xa0,0xfe,0xa0,0xfe,0xa0,0xfe,0xa0,0xfe,0xa0,0xfe,
    0xa0,0xfe,0x80,0xfe,0x80,0xfe,0x80,0xfe,0x80,0xfe,0x80,0xfe,0x80,0xfe,0x80,0xfe,
    0x80,0xfe,0xa0,0xfe,0x80,0xfe,0xa0,0xfe,0xa0,0xfe,0xa0,0xfe,0xa0,0xfe,0xa0,0xfe,
    0xa0,0xfe,0x80,0xfe,0x80,0xfe,0x80,0xfe,0x80,0xfe,0x80,0xfe,0x80,0xfe,0x80,0xfe,
    0x80,0xfe,0x80,0xfe,0x80,0xfe,0x80,0xfe,0xa0,0xfe,0xa0,0xfe,0xa0,0xfe,0xa0,0xfe,
    0xa0,0xfe,0xa0,0xfe,0xa0,0xfe,0x80,0xfe,0x80,0xfe,0x80,0xfe,0xa0,0xfe,0xa0,0xfe,
    0x80,0xfe,0x80,0xfe,0x80,0xfe,0x80,0xfe,0xa0,0xfe,0xa0,0xfe,0xa0,0xfe,0xa0,0xfe,
    0xa0,0xfe,0xa0,0xfe,0x80,0xfe,0xa0,0xfe,0xa0,0xfe,0x80,0xfe,0xa0,0xfe,0x80,0xfe,
    0x80,0xfe,0x80,0xfe,0x80,0xfe,0x80,0xfe,0x80,0xfe,0x80,0xfe,0xa0,0xfe,0xa0,0xfe,
    0xa0,0xfe,0xa0,0xfe,0xa0,0xfe,0xa0,0xfe,0x80,0xfe,0xa0,0xfe,0xa0,0xfe,0xa0,0xfe,
    0xa0,0xfe,0xa0,0xfe,0xa0,0xfe,0xa0,0xfe,0xa0,0xfe,0xa0,0xfe,0xa0,0xfe,0xa0,0xfe,
    0x80,0xfe,0x16,0x80,0xfe,0xba,0xa0,0xfe,0xa0,0xfe,0xa0,0xfe,0xa0,0xfe,0xa0,0xfe,
    0x80,0xfe,0xa0,0xfe,0x80,0xfe,0x80,0xfe,0x80,0xfe,0x80,0xfe,0x80,0xfe,0x80,0xfe,
    0x80,0xfe,0x80,0xfe,0x80,0xfe,0x80,0xfe,0x80,0xfe,0x80,0xfe,0x80,0xfe,0x80,0xfe,
    0x80,0xfe,0x80,0xfe,0xa0,0xfe,0x80,0xfe,0x80,0xfe,0x80,0xfe,0x80,0xfe,0x80,0xfe,
    0x80,0xfe,0x80,0xfe,0xa0,0xfe,0xa0,0xfe,0xa0,0xfe,0xa0,0xfe,0xa0,0xfe,0xa0,0xfe,
    0xa0,0xfe,0x80,0xfe,0x80,0xfe,0x80,0xfe,0x80,0xfe,0x80,0xfe,0x80,0xfe,0x80,0xfe,
    0x80,0xfe,0x80,0xfe,0x80,0xfe,0x80,0xfe,0x80,0xfe,0x80,0xfe,0xa0,0xfe,0x80,0xfe,
    0xa0,0xfe,0xa0,0xfe,0xa0,0xfe,0xa0,0xfe,0x80,0xfe,0x15,0x80,0xfe,0x84,0xa0,0xfe,
    0x80,0xfe,0x80,0xfe,0xa0,0xfe,0x1a,0xa0,0xfe,0x83,0xc0,0xfe,0xc0,0xfe,0xa0,0xfe,
    0x2f,0xa0,0xfe,0xeb,0x80,0xfe,0xa0,0xfe,0x80,0xfe,0x80,0xfe,0x80,0xfe,0x80,0xfe,
    0xa0,0xfe,0xa0,0xfe,0xa0,0xfe,0xa0,0xfe,0x80,0xfe,0x80,0xfe,0xa0,0xfe,0x80,0xfe,
    0x80,0xfe,0x80,0xfe,0xa0,0xfe,0xa0,0xfe,0xa0,0xfe,0xa0,0xfe,0xa0,0xfe,0xa0,0xfe,
    0xa0,0xfe,0xa0,0xfe,0xa0,0xfe,0xa0,0xfe,0xa0,0xfe,0xa0,0xfe,0x80,0xfe,0x80,0xfe,
    0x80,0xfe,0x80,0xfe,0x80,0xfe,0x80,0xfe,0x80,0xfe,0xa0,0xfe,0xa0,0xfe,0xa0,0xfe,
    0xa0,0xfe,0xa0,0xfe,0xa0,0xfe,0xa0,0xfe,0x80,0xfe,0x80,0xfe,0x80,0xfe,0x80,0xfe,
    0x80,0xfe,0x80,0xfe,0x80,0xfe,0x80,0xfe,0x80,0xfe,0x80,0xfe,0x80,0xfe,0x80,0xfe,
    0xa0,0xfe,0xa0,0xfe,0xa0,0xfe,0xa0,0xfe,0xa0,0xfe,0xa0,0xfe,0x80,0xfe,0x80,0xfe,
    0xa0,0xfe,0x80,0xfe,0x80,0xfe,0x80,0xfe,0x80,0xfe,0xa0,0xfe,0x80,0xfe,0xa0,0xfe,
    0x80,0xfe,0x80,0xfe,0xa0,0xfe,0xa0,0xfe,0xa0,0xfe,0xa0,0xfe,0xa0,0xfe,0xa0,0xfe,
    0xa0,0xfe,0x80,0xfe,0x80,0xfe,0x80,0xfe,0x80,0xfe,0x80,0xfe,0x80,0xfe,0x80,0xfe,
    0x80,0xfe,0x80,0xfe,0x80,0xfe,0xa0,0xfe,0xa0,0xfe,0x80,0xfe,0xa0,0xfe,0x80,0xfe,
    0x80,0xfe,0xa0,0xfe,0xa0,0xfe,0xa0,0xfe,0xa0,0xfe,0xa0,0xfe,0xa0,0xfe,0xa0,0xfe,
    0xa0,0xfe,0xa0,0xfe,0x80,0xfe,0xa0,0xfe,0x80,0xfe,0x1b,0x80,0xfe,0x82,0xa0,0xfe,
    0x80,0xfe,0x18,0x80,0xfe,0x9a,0xa0,0xfe,0x80,0xfe,0x80,0xfe,0xa0,0xfe,0xa0,0xfe,
    0xa0,0xfe,0x80,0xfe,0x80,0xfe,0x80,0xfe,0x80,0xfe,0x80,0xfe,0x80,0xfe,0x80,0xfe,
    0x80,0xfe,0x80,0xfe,0x80,0xfe,0x80,0xfe,0x80,0xfe,0x80,0xfe,0x80,0xfe,0xa0,0xfe,
    0xa0,0xfe,0xa0,0xfe,0xa0,0xfe,0xa0,0xfe,0x80,0xfe,0x16,0x80,0xfe,0x1d,0xa0,0xfe,
    0x84,0xc0,0xfe,0xc0,0xfe,0xc0,0xfe,0xa0,0xfe,0x31,0xa0,0xfe,0xff,0x80,0xfe,0xa0,
    0xfe,0xa0,0xfe,0xa0,0xfe,0x80,0xfe,0x80,0xfe,0xa0,0xfe,0xa0,0xfe,0x80,0xfe,0x80,
    0xfe,0xa0,0xfe,0xa0,0xfe,0x80,0xfe,0x80,0xfe,0x80,0xfe,0xa0,0xfe,0xa0,0xfe,0xa0,
    0xfe,0xa0,0xfe,0xa0,0xfe,0xa0,0xfe,0xa0,0xfe,0xa0,0xfe,0xa0,0xfe,0xa0,0xfe,0xa0,
    0xfe,0xa0,0xfe,0x80,0xfe,0xa0,0xfe,0x80,0xfe,0x80,0xfe,0xa0,0xfe,0xa0,0xfe,0xa0,
    0xfe,0xa0,0xfe,0xa0,0xfe,0xa0,0xfe,0xa0,0xfe,0x80,0xfe,0x80,0xfe,0x80,0xfe,0x80,
    0xfe,0x80,0xfe,0x80,0xfe,0x80,0xfe,0x80,0xfe,0x80,0xfe,0x80,0xfe,0x80,0xfe,0x80,
    0xfe,0xa0,0xfe,0x80,0xfe,0xa0,0xfe,0x80,0xfe,0xa0,0xfe,0xa0,0xfe,0xa0,0xfe,0xa0,
    0xfe,0x80,0xfe,0x80,0xfe,0xa0,0xfe,0x80,0xfe,0x80,0xfe,0x80,0xfe,0x80,0xfe,0xa0,
    0xfe,0xa0,0xfe,0x80,0xfe,0x80,0xfe,0x80,0xfe,0xa0,0xfe,0xa0,0xfe,0xa0,0xfe,0xa0,
    0xfe,0xa0,0xfe,0xa0,0xfe,0xa0,0xfe,0x80,0xfe,0x80,0xfe,0x80,0xfe,0x80,0xfe,0x80,
    0xfe,0x80,0xfe,0x80,0xfe,0x80,0xfe,0x80,0xfe,0x80,0xfe,0xa0,0xfe,0xa0,0xfe,0x80,
    0xfe,0x80,0xfe,0x80,0xfe,0xa0,0xfe,0xa0,0xfe,0x80,0xfe,0xa0,0xfe,0xa0,0xfe,0xa0,
    0xfe,0xa0,0xfe,0xa0,0xfe,0xa0,0xfe,0xa0,0xfe,0x80,0xfe,0xa0,0xfe,0x80,0xfe,0xa0,
    0xfe,0x80,0xfe,0x80,0xfe,0x80,0xfe,0x80,0xfe,0x80,0xfe,0x80,0xfe,0x80,0xfe,0x80,
    0xfe,0x80,0xfe,0xa0,0xfe,0x80,0xfe,0xa0,0xfe,0x80,0xfe,0x80,0xfe,0x80,0xfe,0x80,
    0xfe,0x80,0xfe,0x80,0xfe,0x80,0xfe,0x80,0xfe,0x80,0xfe,0xbe,0xa0,0xfe,0x80,0xfe,
    0x80,0xfe,0x80,0xfe,0xa0,0xfe,0x80,0xfe,0x80,0xfe,0x80,0xfe,0x80,0xfe,0x80,0xfe,
    0x80,0xfe,0x80,0xfe,0x80,0xfe,0x80,0xfe,0x80,0xfe,0x80,0xfe,0xa0,0xfe,0xa0,0xfe,
    0x80,0xfe,0x80,0xfe,0xa0,0xfe,0x80,0xfe,0x80,0xfe,0x80,0xfe,0x80,0xfe,0x80,0xfe,
    0x80,0xfe,0x80,0xfe,0x80,0xfe,0x80,0xfe,0x80,0xfe,0x80,0xfe,0x80,0xfe,0xa0,0xfe,
    0xa0,0xfe,0xa0,0xfe,0xa0,0xfe,0xa0,0xfe,0xa0,0xfe,0xa0,0xfe,0x80,0xfe,0x80,0xfe,
    0x80,0xfe,0x80,0xfe,0x80,0xfe,0x80,0xfe,0x80,0xfe,0x80,0xfe,0x80,0xfe,0x80,0xfe,
    0x80,0xfe,0xa0,0xfe,0xa0,0xfe,0xa0,0xfe,0x80,0xfe,0x80,0xfe,0x80,0xfe,0x80,0xfe,
    0x80,0xfe,0x80,0xfe,0xa0,0xfe,0x80,0xfe,0x11,0x80,0xfe,0x1d,0xa0,0xfe,0x84,0xc0,
    0xfe,0xc0,0xfe,0xc0,0xfe,0xa0,0xfe,0x31,0xa0,0xfe,0xda,0x80,0xfe,0x80,0xfe,0xa0,
    0xfe,0x80,0xfe,0x80,0xfe,0x80,0xfe,0xa0,0xfe,0xa0,0xfe,0xa0,0xfe,0xa0,0xfe,0xa0,
    0xfe,0x80,0xfe,0x80,0xfe,0x80,0xfe,0x80,0xfe,0x80,0xfe,0xa0,0xfe,0xa0,0xfe,0xa0,
    0xfe,0xa0,0xfe,0xa0,0xfe,0xa0,0xfe,0xa0,0xfe,0xa0,0xfe,0x80,0xfe,0x80,0xfe,0x80,
    0xfe,0x80,0xfe,0xa0,0xfe,0x80,0xfe,0xa0,0xfe,0xa0,0xfe,0xa0,0xfe,0x80,0xfe,0xa0,
    0xfe,0x80,0xfe,0x80,0xfe,0xa0,0xfe,0x80,0xfe,0x80,0xfe,0x80,0xfe,0x80,0xfe,0x80,
    0xfe,0x80,0xfe,0x80,0xfe,0x80,0xfe,0x80,0xfe,0x80,0xfe,0x80,0xfe,0x80,0xfe,0x80,
    0xfe,0xa0,0xfe,0xa0,0xfe,0xa0,0xfe,0xa0,0xfe,0x80,0xfe,0xa0,0xfe,0x80,0xfe,0xa0,
    0xfe,0x80,0xfe,0x80,0xfe,0x80,0xfe,0x80,0xfe,0xa0,0xfe,0xa0,0xfe,0x80,0xfe,0x80,
    0xfe,0x80,0xfe,0xa0,0xfe,0xa0,0xfe,0xa0,0xfe,0xa0,0xfe,0xa0,0xfe,0xa0,0xfe,0xa0,
    0xfe,0xa0,0xfe,0xa0,0xfe,0xa0,0xfe,0xa0,0xfe,0xa0,0xfe,0x80,0xfe,0x80,0xfe,0x80,
    0xfe,0x80,0xfe,0xa0,0xfe,0x80,0xfe,0x80,0xfe,0x80,0xfe,0x80,0xfe,0xa0,0xfe,0x11,
    0xa0,0xfe,0xc8,0x80,0xfe,0x80,0xfe,0x80,0xfe,0x80,0xfe,0x80,0xfe,0x80,0xfe,0x80,
    0xfe,0x80,0xfe,0xa0,0xfe,0x80,0xfe,0x80,0xfe,0x80,0xfe,0x80,0xfe,0x80,0xfe,0x80,
    0xfe,0x80,0xfe,0xa0,0xfe,0xa0,0xfe,0x80,0xfe,0xa0,0xfe,0xa0,0xfe,0xa0,0xfe,0xa0,
    0xfe,0x80,0xfe,0x80,0xfe,0x80,0xfe,0x80,0xfe,0x80,0xfe,0x80,0xfe,0x80,0xfe,0x80,
    0xfe,0x80,0xfe,0x80,0xfe,0x80,0xfe,0x80,0xfe,0x80,0xfe,0x80,0xfe,0xa0,0xfe,0xa0,
    0xfe,0xa0,0xfe,0xa0,0xfe,0xa0,0xfe,0x80,0xfe,0x80,0xfe,0x80,0xfe,0x80,0xfe,0x80,
    0xfe,0x80,0xfe,0xa0,0xfe,0x80,0xfe,0x80,0xfe,0x80,0xfe,0x80,0xfe,0x80,0xfe,0xa0,
    0xfe,0x80,0xfe,0xa0,0xfe,0xa0,0xfe,0xa0,0xfe,0x80,0xfe,0x80,0xfe,0x80,0xfe,0x80,
    0xfe,0x80,0xfe,0x80,0xfe,0x80,0xfe,0x80,0xfe,0x80,0xfe,0x80,0xfe,0xa0,0xfe,0xa0,
    0xfe,0x80,0xfe,0x19,0x80,0xfe,0x83,0xa0,0xfe,0x80,0xfe,0xa0,0xfe,0x1a,0xa0,0xfe,
    0x86,0xc0,0xfe,0xa0,0xfe,0xc0,0xfe,0xc0,0xfe,0xc0,0xfe,0xa0,0xfe,0x32,0xa0,0xfe,
    0xff,0x80,0xfe,0x80,0xfe,0x80,0xfe,0x80,0xfe,0xa0,0xfe,0x80,0xfe,0xa0,0xfe,0x80,
    0xfe,0xa0,0xfe,0xa0,0xfe,0xa0,0xfe,0x80,0xfe,0xa0,0xfe,0xa0,0xfe,0x80,0xfe,0x80,
    0xfe,0xa0,0xfe,0xa0,0xfe,0xa0,0xfe,0xa0,0xfe,0xa0,0xfe,0xa0,0xfe,0xa0,0xfe,0x80,
    0xfe,0xa0,0xfe,0x80,0xfe,0xa0,0xfe,0x80,0xfe,0x80,0xfe,0x80,0xfe,0x80,0xfe,0x80,
    0xfe,0xa0,0xfe,0xa0,0xfe,0xa0,0xfe,0x80,0xfe,0x80,0xfe,0x80,0xfe,0x80,0xfe,0x80,
    0xfe,0x80,0xfe,0x80,0xfe,0x80,0xfe,0x80,0xfe,0x80,0xfe,0x80,0xfe,0x80,0xfe,0x80,
    0xfe,0x80,0xfe,0x80,0xfe,0x80,0xfe,0xa0,0xfe,0x80,0xfe,0x80,0xfe,0x80,0xfe,0x80,
    0xfe,0x80,0xfe,0xa0,0xfe,0x80,0xfe,0x80,0xfe,0x80,0xfe,0x80,0xfe,0x80,0xfe,0x80,
    0xfe,0x80,0xfe,0x80,0xfe,0x80,0xfe,0xa0,0xfe,0x80,0xfe,0xa0,0xfe,0xa0,0xfe,0xa0,
    0xfe,0xa0,0xfe,0xa0,0xfe,0xa0,0xfe,0xa0,0xfe,0xa0,0xfe,0xa0,0xfe,0xa0,0xfe,0xa0,
    0xfe,0xa0,0xfe,0xa0,0xfe,0x80,0xfe,0x80,0xfe,0x80,0xfe,0xa0,0xfe,0x80,0xfe,0x80,
    0xfe,0xa0,0xfe,0xa0,0xfe,0xa0,0xfe,0xa0,0xfe,0xa0,0xfe,0xa0,0xfe,0x80,0xfe,0xa0,
    0xfe,0xa0,0xfe,0xa0,0xfe,0xa0,0xfe,0xa0,0xfe,0xa0,0xfe,0xa0,0xfe,0xa0,0xfe,0xa0,
    0xfe,0xa0,0xfe,0xa0,0xfe,0x80,0xfe,0x80,0xfe,0x80,0xfe,0x80,0xfe,0x80,0xfe,0x80,
    0xfe,0x80,0xfe,0xa0,0xfe,0xa0,0xfe,0xa0,0xfe,0xa0,0xfe,0x80,0xfe,0x80,0xfe,0x80,
    0xfe,0x80,0xfe,0x80,0xfe,0x80,0xfe,0x80,0xfe,0xa0,0xfe,0xa0,0xfe,0x80,0xfe,0xa5,
    0xa0,0xfe,0xa0,0xfe,0x80,0xfe,0x80,0xfe,0x80,0xfe,0x80,0xfe,0x80,0xfe,0x80,0xfe,
    0x80,0xfe,0x80,0xfe,0x80,0xfe,0x80,0xfe,0x80,0xfe,0x80,0xfe,0x80,0xfe,0x80,0xfe,
    0xa0,0xfe,0x80,0xfe,0xa0,0xfe,0xa0,0xfe,0x80,0xfe,0x80,0xfe,0x80,0xfe,0x80,0xfe,
    0x80,0xfe,0x80,0xfe,0xa0,0xfe,0xa0,0xfe,0x80,0xfe,0x80,0xfe,0x80,0xfe,0x80,0xfe,
    0x80,0xfe,0xa0,0xfe,0x80,0xfe,0xa0,0xfe,0x80,0xfe,0x27,0x80,0xfe,0x1d,0xa0,0xfe,
    0x86,0xc0,0xfe,0xc0,0xfe,0xc0,0xfe,0xc0,0xfe,0xc0,0xfe,0xa0,0xfe,0x32,0xa0,0xfe,
    0xff,0x80,0xfe,0x80,0xfe,0x80,0xfe,0x80,0xfe,0xa0,0xfe,0x80,0xfe,0x80,0xfe,0xa0,
    0xfe,0xa0,0xfe,0x80,0xfe,0x80,0xfe,0xa0,0xfe,0xa0,0xfe,0xa0,0xfe,0xa0,0xfe,0xa0,
    0xfe,0x80,0xfe,0xa0,0xfe,0xa0,0xfe,0xa0,0xfe,0x80,0xfe,0xa0,0xfe,0xa0,0xfe,0xa0,
    0xfe,0xa0,0xfe,0x80,0xfe,0x80,0xfe,0x80,0xfe,0x80,0xfe,0x80,0xfe,0x80,0xfe,0x80,
    0xfe,0xa0,0xfe,0xa0,0xfe,0xa0,0xfe,0x80,0xfe,0xa0,0xfe,0x80,0xfe,0x80,0xfe,0x80,
    0xfe,0x80,0xfe,0x80,0xfe,0x80,0xfe,0x80,0xfe,0x80,0xfe,0x80,0xfe,0x80,0xfe,0x80,
    0xfe,0x80,0xfe,0x80,0xfe,0x80,0xfe,0x80,0xfe,0xa0,0xfe,0x80,0xfe,0x80,0xfe,0x80,
    0xfe,0x80,0xfe,0xa0,0xfe,0x80,0xfe,0xa0,0xfe,0xa0,0xfe,0xa0,0xfe,0xa0,0xfe,0x80,
    0xfe,0x80,0xfe,0x80,0xfe,0x80,0xfe,0x80,0xfe,0xa0,0xfe,0xa0,0xfe,0xa0,0xfe,0xa0,
    0xfe,0xa0,0xfe,0xa0,0xfe,0xa0,0xfe,0xa0,0xfe,0xa0,0xfe,0xa0,0xfe,0xa0,0xfe,0xa0,
    0xfe,0xa0,0xfe,0xa0,0xfe,0x80,0xfe,0x80,0xfe,0x80,0xfe,0x80,0xfe,0x80,0xfe,0xa0,
    0xfe,0x80,0xfe,0xa0,0xfe,0xa0,0xfe,0x80,0xfe,0x80,0xfe,0xa0,0xfe,0xa0,0xfe,0xa0,
    0xfe,0x80,0xfe,0x80,0xfe,0xa0,0xfe,0xa0,0xfe,0x80,0xfe,0x80,0xfe,0xa0,0xfe,0xa0,
    0xfe,0x80,0xfe,0x80,0xfe,0x80,0xfe,0x80,0xfe,0x80,0xfe,0x80,0xfe,0x80,0xfe,0x80,
    0xfe,0x80,0xfe,0xa0,0xfe,0xa0,0xfe,0xa0,0xfe,0xa0,0xfe,0xa0,0xfe,0x80,0xfe,0xa0,
    0xfe,0x80,0xfe,0x80,0xfe,0x80,0xfe,0x80,0xfe,0x80,0xfe,0xa0,0xfe,0xa0,0xfe,0xa8,
    0xa0,0xfe,0xa0,0xfe,0x80,0xfe,0x80,0xfe,0xa0,0xfe,0x80,0xfe,0x80,0xfe,0x80,0xfe,
    0x80,0xfe,0x80,0xfe,0x80,0xfe,0x80,0xfe,0x80,0xfe,0x80,0xfe,0x80,0xfe,0x80,0xfe,
    0xa0,0xfe,0x80,0xfe,0xa0,0xfe,0x80,0xfe,0x80,0xfe,0x80,0xfe,0x80,0xfe,0x80,0xfe,
    0x80,0xfe,0x80,0xfe,0xa0,0xfe,0xa0,0xfe,0xa0,0xfe,0x80,0xfe,0x80,0xfe,0x80,0xfe,
    0x80,0xfe,0x80,0xfe,0x80,0xfe,0x80,0xfe,0x80,0xfe,0xa0,0xfe,0xa0,0xfe,0x80,0xfe,
    0x25,0x80,0xfe,0x1d,0xa0,0xfe,0x85,0xc0,0xfe,0xc0,0xfe,0xc0,0xfe,0xc0,0xfe,0xa0,
    0xfe,0x32,0xa0,0xfe,0x98,0x80,0xfe,0x80,0xfe,0x80,0xfe,0x80,0xfe,0x80,0xfe,0x80,
    0xfe,0x80,0xfe,0x80,0xfe,0x80,0xfe,0x80,0xfe,0x80,0xfe,0x80,0xfe,0xa0,0xfe,0xa0,
    0xfe,0x80,0xfe,0x80,0xfe,0x80,0xfe,0xa0,0xfe,0x80,0xfe,0x80,0xfe,0x80,0xfe,0xa0,
    0xfe,0xa0,0xfe,0x80,0xfe,0x25,0x80,0xfe,0xea,0xa0,0xfe,0xa0,0xfe,0x80,0xfe,0x80,
    0xfe,0x80,0xfe,0x80,0xfe,0x80,0xfe,0x80,0xfe,0x80,0xfe,0xa0,0xfe,0xa0,0xfe,0xa0,
    0xfe,0xa0,0xfe,0xa0,0xfe,0xa0,0xfe,0xa0,0xfe,0xa0,0xfe,0xa0,0xfe,0xa0,0xfe,0xa0,
    0xfe,0xa0,0xfe,0xa0,0xfe,0xa0,0xfe,0xa0,0xfe,0x80,0xfe,0xa0,0xfe,0xa0,0xfe,0xa0,
    0xfe,0xa0,0xfe,0x80,0xfe,0xa0,0xfe,0xa0,0xfe,0x80,0xfe,0x80,0xfe,0x80,0xfe,0x80,
    0xfe,0x80,0xfe,0xa0,0xfe,0xa0,0xfe,0x80,0xfe,0xa0,0xfe,0xa0,0xfe,0xa0,0xfe,0xa0,
    0xfe,0x80,0xfe,0x80,0xfe,0x80,0xfe,0x80,0xfe,0x80,0xfe,0x80,0xfe,0x80,0xfe,0x80,
    0xfe,0xa0,0xfe,0xa0,0xfe,0xa0,0xfe,0xa0,0xfe,0x80,0xfe,0x80,0xfe,0xa0,0xfe,0xa0,
    0xfe,0x80,0xfe,0x80,0xfe,0x80,0xfe,0x80,0xfe,0xa0,0xfe,0xa0,0xfe,0x80,0xfe,0xa0,
    0xfe,0x80,0xfe,0x80,0xfe,0x80,0xfe,0x80,0xfe,0x80,0xfe,0x80,0xfe,0x80,0xfe,0x80,
    0xfe,0x80,0xfe,0x80,0xfe,0x80,0xfe,0x80,0xfe,0x80,0xfe,0x80,0xfe,0x80,0xfe,0xa0,
    0xfe,0xa0,0xfe,0x80,0xfe,0x80,0xfe,0x80,0xfe,0x80,0xfe,0x80,0xfe,0x80,0xfe,0x80,
    0xfe,0x80,0xfe,0xa0,0xfe,0xa0,0xfe,0x80,0xfe,0x80,0xfe,0x80,0xfe,0x80,0xfe,0x80,
    0xfe,0xa0,0xfe,0x80,0xfe,0xa0,0xfe,0xa0,0xfe,0xa0,0xfe,0x80,0xfe,0x15,0x80,0xfe,
    0x92,0xa0,0xfe,0xa0,0xfe,0x80,0xfe,0x80,0xfe,0x80,0xfe,0x80,0xfe,0x80,0xfe,0x80,
    0xfe,0x80,0xfe,0x80,0xfe,0x80,0xfe,0x80,0xfe,0x80,0xfe,0x80,0xfe,0x80,0xfe,0x80,
    0xfe,0x80,0xfe,0xa0,0xfe,0x1a,0xa0,0xfe,0x86,0xc0,0xfe,0xc0,0xfe,0xc0,0xfe,0xc0,
    0xfe,0xc0,0xfe,0xa0,0xfe,0x32,0xa0,0xfe,0xc6,0x80,0xfe,0x80,0xfe,0x80,0xfe,0x80,
    0xfe,0x80,0xfe,0x80,0xfe,0x80,0xfe,0xa0,0xfe,0x80,0xfe,0x80,0xfe,0x80,0xfe,0x80,
    0xfe,0x80,0xfe,0xa0,0xfe,0x80,0xfe,0xa0,0xfe,0xa0,0xfe,0x80,0xfe,0x80,0xfe,0x80,
    0xfe,0xa0,0xfe,0xa0,0xfe,0xa0,0xfe,0xa0,0xfe,0xa0,0xfe,0x80,0xfe,0x80,0xfe,0xa0,
    0xfe,0x80,0xfe,0xa0,0xfe,0xa0,0xfe,0xa0,0xfe,0xa0,0xfe,0xa0,0xfe,0x80,0xfe,0x80,
    0xfe,0x80,0xfe,0x80,0xfe,0x80,0xfe,0xa0,0xfe,0x80,0xfe,0x80,0xfe,0xa0,0xfe,0xa0,
    0xfe,0xa0,0xfe,0x80,0xfe,0x80,0xfe,0x80,0xfe,0x80,0xfe,0x80,0xfe,0x80,0xfe,0x80,
    0xfe,0x80,0xfe,0x80,0xfe,0x80,0xfe,0xa0,0xfe,0xa0,0xfe,0x80,0xfe,0xa0,0xfe,0x80,
    0xfe,0x80,0xfe,0xa0,0xfe,0xa0,0xfe,0x80,0xfe,0xa0,0xfe,0x80,0xfe,0x80,0xfe,0x80,
    0xfe,0x80,0xfe,0xa0,0xfe,0x1f,0xa0,0xfe,0xc1,0x80,0xfe,0xa0,0xfe,0xa0,0xfe,0xa0,
    0xfe,0xa0,0xfe,0x80,0xfe,0x80,0xfe,0x80,0xfe,0x80,0xfe,0x80,0xfe,0x80,0xfe,0xa0,
    0xfe,0xa0,0xfe,0xa0,0xfe,0xa0,0xfe,0xa0,0xfe,0x80,0xfe,0x80,0xfe,0x80,0xfe,0x80,
    0xfe,0x80,0xfe,0x80,0xfe,0x80,0xfe,0x80,0xfe,0xa0,0xfe,0xa0,0xfe,0xa0,0xfe,0x80,
    0xfe,0x80,0xfe,0x80,0xfe,0x80,0xfe,0x80,0xfe,0x80,0xfe,0x80,0xfe,0x80,0xfe,0x80,
    0xfe,0x80,0xfe,0x80,0xfe,0x80,0xfe,0x80,0xfe,0x80,0xfe,0x80,0xfe,0xa0,0xfe,0x80,
    0xfe,0x80,0xfe,0x80,0xfe,0x80,0xfe,0x80,0xfe,0x80,0xfe,0x80,0xfe,0x80,0xfe,0x80,
    0xfe,0x80,0xfe,0x80,0xfe,0xa0,0xfe,0xa0,0xfe,0x80,0xfe,0x80,0xfe,0x80,0xfe,0x80,
    0xfe,0x80,0xfe,0x80,0xfe,0x80,0xfe,0xa0,0xfe,0x80,0xfe,0x25,0x80,0xfe,0x1d,0xa0,
    0xfe,0x86,0xc0,0xfe,0xa0,0xfe,0xa0,0xfe,0xc0,0xfe,0xc0,0xfe,0xa0,0xfe,0x17,0xa0,
    0xfe,0xe3,0x80,0xfe,0x80,0xfe,0x80,0xfe,0x80,0xfe,0xa0,0xfe,0xa0,0xfe,0xa0,0xfe,
    0x80,0xfe,0x80,0xfe,0x80,0xfe,0xa0,0xfe,0xa0,0xfe,0xa0,0xfe,0xa0,0xfe,0xa0,0xfe,
    0xa0,0xfe,0xa0,0xfe,0xa0,0xfe,0xa0,0xfe,0xa0,0xfe,0xa0,0xfe,0xa0,0xfe,0xa0,0xfe,
    0xa0,0xfe,0xa0,0xfe,0xa0,0xfe,0xa0,0xfe,0x80,0xfe,0x80,0xfe,0x80,0xfe,0x80,0xfe,
    0x80,0xfe,0x80,0xfe,0x80,0xfe,0x80,0xfe,0x80,0xfe,0x80,0xfe,0x80,0xfe,0x80,0xfe,
    0x80,0xfe,0xa0,0xfe,0xa0,0xfe,0x80,0xfe,0x80,0xfe,0x80,0xfe,0xa0,0xfe,0xa0,0xfe,
    0xa0,0xfe,0xa0,0xfe,0xa0,0xfe,0x80,0xfe,0xa0,0xfe,0x80,0xfe,0xa0,0xfe,0xa0,0xfe,
    0xa0,0xfe,0xa0,0xfe,0x80,0xfe,0x80,0xfe,0x80,0xfe,0x80,0xfe,0x80,0xfe,0x80,0xfe,
    0x80,0xfe,0x80,0xfe,0x80,0xfe,0x80,0xfe,0x80,0xfe,0x80,0xfe,0x80,0xfe,0x80,0xfe,
    0xa0,0xfe,0xa0,0xfe,0x80,0xfe,0x80,0xfe,0x80,0xfe,0x80,0xfe,0x80,0xfe,0x80,0xfe,
    0x80,0xfe,0x80,0xfe,0xa0,0xfe,0x80,0xfe,0x80,0xfe,0xa0,0xfe,0xa0,0xfe,0xa0,0xfe,
    0xa0,0xfe,0xa0,0xfe,0xa0,0xfe,0xa0,0xfe,0xa0,0xfe,0x80,0xfe,0x80,0xfe,0x80,0xfe,
    0x80,0xfe,0x80,0xfe,0x80,0xfe,0xa0,0xfe,0x14,0xa0,0xfe,0xa7,0x80,0xfe,0xa0,0xfe,
    0xa0,0xfe,0xa0,0xfe,0x80,0xfe,0xa0,0xfe,0xa0,0xfe,0xa0,0xfe,0xa0,0xfe,0xa0,0xfe,
    0xa0,0xfe,0xa0,0xfe,0xa0,0xfe,0xa0,0xfe,0xa0,0xfe,0x80,0xfe,0x80,0xfe,0x80,0xfe,
    0x80,0xfe,0xa0,0xfe,0xa0,0xfe,0xa0,0xfe,0xa0,0xfe,0xa0,0xfe,0x80,0xfe,0xa0,0xfe,
    0x80,0xfe,0x80,0xfe,0x80,0xfe,0x80,0xfe,0x80,0xfe,0x80,0xfe,0x80,0xfe,0xa0,0xfe,
    0xa0,0xfe,0xa0,0xfe,0xa0,0xfe,0xa0,0xfe,0x80,0xfe,0x1a,0x80,0xfe,0x82,0xa0,0xfe,
    0x80,0xfe,0x2c,0x80,0xfe,0x83,0xa0,0xfe,0x80,0xfe,0xa0,0xfe,0x1a,0xa0,0xfe,0x86,
    0xc0,0xfe,0xa0,0xfe,0xa0,0xfe,0xc0,0xfe,0xc0,0xfe,0xa0,0xfe,0x15,0xa0,0xfe,0x87,
    0x80,0xfe,0x80,0xfe,0x80,0xfe,0x80,0xfe,0x80,0xfe,0x80,0xfe,0xa0,0xfe,0x13,0xa0,
    0xfe,0x18,0x80,0xfe,0xb3,0xa0,0xfe,0xa0,0xfe,0x80,0xfe,0xa0,0xfe,0x80,0xfe,0xa0,
    0xfe,0xa0,0xfe,0x80,0xfe,0x80,0xfe,0x80,0xfe,0xa0,0xfe,0xa0,0xfe,0xa0,0xfe,0x80,
    0xfe,0x80,0xfe,0xa0,0xfe,0x80,0xfe,0x80,0xfe,0x80,0xfe,0x80,0xfe,0xa0,0xfe,0xa0,
    0xfe,0xa0,0xfe,0xa0,0xfe,0x80,0xfe,0x80,0xfe,0x80,0xfe,0xa0,0xfe,0x80,0xfe,0xa0,
    0xfe,0xa0,0xfe,0xa0,0xfe,0x80,0xfe,0x80,0xfe,0x80,0xfe,0x80,0xfe,0xa0,0xfe,0xa0,
    0xfe,0x80,0xfe,0x80,0xfe,0xa0,0xfe,0xa0,0xfe,0xa0,0xfe,0xa0,0xfe,0xa0,0xfe,0xa0,
    0xfe,0x80,0xfe,0x80,0xfe,0x80,0xfe,0x80,0xfe,0xa0,0xfe,0x14,0xa0,0xfe,0xbb,0x80,
    0xfe,0xa0,0xfe,0xa0,0xfe,0x80,0xfe,0xa0,0xfe,0x80,0xfe,0x80,0xfe,0xa0,0xfe,0xa0,
    0xfe,0xa0,0xfe,0xa0,0xfe,0xa0,0xfe,0xa0,0xfe,0x80,0xfe,0xa0,0xfe,0xa0,0xfe,0xa0,
    0xfe,0xa0,0xfe,0xa0,0xfe,0xa0,0xfe,0x80,0xfe,0xa0,0xfe,0xa0,0xfe,0xa0,0xfe,0x80,
    0xfe,0x80,0xfe,0x80,0xfe,0x80,0xfe,0x80,0xfe,0x80,0xfe,0x80,0xfe,0x80,0xfe,0x80,
    0xfe,0x80,0xfe,0x80,0xfe,0xa0,0xfe,0x80,0xfe,0x80,0xfe,0x80,0xfe,0xa0,0xfe,0x80,
    0xfe,0x80,0xfe,0x80,0xfe,0x80,0xfe,0x80,0xfe,0x80,0xfe,0x80,0xfe,0x80,0xfe,0x80,
    0xfe,0x80,0xfe,0x80,0xfe,0x80,0xfe,0x80,0xfe,0x80,0xfe,0x80,0xfe,0x80,0xfe,0x80,
    0xfe,0xa0,0xfe,0x80,0xfe,0x32,0x80,0xfe,0x86,0xa0,0xfe,0x80,0xfe,0xa0,0xfe,0xa0,
    0xfe,0x80,0xfe,0xa0,0xfe,0x19,0xa0,0xfe,0xff,0xc0,0xfe,0xc0,0xfe,0xc0,0xfe,0xc0,
    0xfe,0xc0,0xfe,0xa0,0xfe,0xa0,0xfe,0xa0,0xfe,0xa0,0xfe,0xa0,0xfe,0xa0,0xfe,0xa0,
    0xfe,0xa0,0xfe,0xa0,0xfe,0xa0,0xfe,0xa0,0xfe,0xa0,0xfe,0xa0,0xfe,0xa0,0xfe,0x80,
    0xfe,0x80,0xfe,0xa0,0xfe,0xa0,0xfe,0xa0,0xfe,0xa0,0xfe,0xa0,0xfe,0xa0,0xfe,0x80,
    0xfe,0x80,0xfe,0x80,0xfe,0x80,0xfe,0x80,0xfe,0x80,0xfe,0xa0,0xfe,0xa0,0xfe,0xa0,
    0xfe,0xa0,0xfe,0xa0,0xfe,0xa0,0xfe,0xa0,0xfe,0xa0,0xfe,0x80,0xfe,0xa0,0xfe,0xa0,
    0xfe,0xa0,0xfe,0xa0,0xfe,0xa0,0xfe,0xa0,0xfe,0xa0,0xfe,0xa0,0xfe,0xa0,0xfe,0xa0,
    0xfe,0xa0,0xfe,0x80,0xfe,0x80,0xfe,0xa0,0xfe,0x80,0xfe,0x80,0xfe,0x80,0xfe,0x80,
    0xfe,0x80,0xfe,0xa0,0xfe,0x80,0xfe,0x80,0xfe,0xa0,0xfe,0x80,0xfe,0x80,0xfe,0x80,
    0xfe,0x80,0xfe,0x80,0xfe,0x80,0xfe,0x80,0xfe,0x80,0xfe,0xa0,0xfe,0x80,0xfe,0x80,
    0xfe,0x80,0xfe,0x80,0xfe,0x80,0xfe,0xa0,0xfe,0xa0,0xfe,0x80,0xfe,0x80,0xfe,0xa0,
    0xfe,0x80,0xfe,0x80,0xfe,0x80,0xfe,0x80,0xfe,0x80,0xfe,0x80,0xfe,0x80,0xfe,0xa0,
    0xfe,0x80,0xfe,0x80,0xfe,0x80,0xfe,0xa0,0xfe,0x80,0xfe,0xa0,0xfe,0x80,0xfe,0xa0,
    0xfe,0x80,0xfe,0x80,0xfe,0x80,0xfe,0x80,0xfe,0x80,0xfe,0x80,0xfe,0x80,0xfe,0x80,
    0xfe,0x80,0xfe,0x80,0xfe,0x80,0xfe,0x80,0xfe,0x80,0xfe,0xa0,0xfe,0x80,0xfe,0x80,
    0xfe,0x80,0xfe,0x80,0xfe,0xa0,0xfe,0xa0,0xfe,0xa0,0xfe,0xa0,0xfe,0x80,0xfe,0x80,
    0xfe,0x80,0xfe,0x80,0xfe,0x80,0xfe,0xae,0x80,0xfe,0xa0,0xfe,0xa0,0xfe,0xa0,0xfe,
    0xa0,0xfe,0xa0,0xfe,0x80,0xfe,0x80,0xfe,0x80,0xfe,0xa0,0xfe,0xa0,0xfe,0xa0,0xfe,
    0xa0,0xfe,0xa0,0xfe,0xa0,0xfe,0xa0,0xfe,0xa0,0xfe,0x80,0xfe,0x80,0xfe,0x80,0xfe,
    0x80,0xfe,0x80,0xfe,0x80,0xfe,0x80,0xfe,0x80,0xfe,0x80,0xfe,0x80,0xfe,0x80,0xfe,
    0x80,0xfe,0x80,0xfe,0x80,0xfe,0x80,0xfe,0x80,0xfe,0xa0,0xfe,0x80,0xfe,0x80,0xfe,
    0x80,0xfe,0x80,0xfe,0x80,0xfe,0xa0,0xfe,0x80,0xfe,0xa0,0xfe,0xa0,0xfe,0xa0,0xfe,
    0xa0,0xfe,0x80,0xfe,0x20,0x80,0xfe,0x85,0xa0,0xfe,0x80,0xfe,0xa0,0xfe,0xa0,0xfe,
    0x80,0xfe,0x35,0x80,0xfe,0x18,0xa0,0xfe,0xa3,0xc0,0xfe,0xc0,0xfe,0xc0,0xfe,0xc0,
    0xfe,0xc0,0xfe,0xc0,0xfe,0xa0,0xfe,0xa0,0xfe,0xa0,0xfe,0xa0,0xfe,0xa0,0xfe,0xa0,
    0xfe,0xa0,0xfe,0xa0,0xfe,0xa0,0xfe,0xa0,0xfe,0xa0,0xfe,0x80,0xfe,0x80,0xfe,0x80,
    0xfe,0x80,0xfe,0x80,0xfe,0x80,0xfe,0xa0,0xfe,0xa0,0xfe,0xa0,0xfe,0xa0,0xfe,0x80,
    0xfe,0x80,0xfe,0x80,0xfe,0x80,0xfe,0x80,0xfe,0x80,0xfe,0x80,0xfe,0xa0,0xfe,0x11,
    0xa0,0xfe,0xff,0x80,0xfe,0x80,0xfe,0x80,0xfe,0xa0,0xfe,0x80,0xfe,0x80,0xfe,0x80,
    0xfe,0x80,0xfe,0x80,0xfe,0x80,0xfe,0x80,0xfe,0x80,0xfe,0x80,0xfe,0x80,0xfe,0x80,
    0xfe,0x80,0xfe,0x80,0xfe,0xa0,0xfe,0x80,0xfe,0x80,0xfe,0x80,0xfe,0x80,0xfe,0x80,
    0xfe,0xa0,0xfe,0x80,0xfe,0x80,0xfe,0x80,0xfe,0x80,0xfe,0xa0,0xfe,0xa0,0xfe,0xa0,
    0xfe,0x80,0xfe,0x80,0xfe,0x80,0xfe,0x80,0xfe,0x80,0xfe,0xa0,0xfe,0xa0,0xfe,0x80,
    0xfe,0xa0,0xfe,0xa0,0xfe,0x80,0xfe,0xa0,0xfe,0xa0,0xfe,0xa0,0xfe,0xa0,0xfe,0xa0,
    0xfe,0x80,0xfe,0x80,0xfe,0xa0,0xfe,0xa0,0xfe,0xa0,0xfe,0xa0,0xfe,0x80,0xfe,0x80,
    0xfe,0x80,0xfe,0x80,0xfe,0x80,0xfe,0x80,0xfe,0x80,0xfe,0x80,0xfe,0xa0,0xfe,0xa0,
    0xfe,0xa0,0xfe,0xa0,0xfe,0xa0,0xfe,0xa0,0xfe,0xa0,0xfe,0xa0,0xfe,0x80,0xfe,0x80,
    0xfe,0x80,0xfe,0x80,0xfe,0x80,0xfe,0xa0,0xfe,0x80,0xfe,0xa0,0xfe,0xa0,0xfe,0xa0,
    0xfe,0xa0,0xfe,0xa0,0xfe,0xa0,0xfe,0xa0,0xfe,0x80,0xfe,0x80,0xfe,0x80,0xfe,0xa0,
    0xfe,0xa0,0xfe,0xa0,0xfe,0xa0,0xfe,0xa0,0xfe,0x80,0xfe,0xa0,0xfe,0x80,0xfe,0x80,
    0xfe,0xa0,0xfe,0x80,0xfe,0xa0,0xfe,0x80,0xfe,0x80,0xfe,0x80,0xfe,0x80,0xfe,0x80,
    0xfe,0x80,0xfe,0x80,0xfe,0xa0,0xfe,0x80,0xfe,0x80,0xfe,0xa0,0xfe,0xa0,0xfe,0xa0,
    0xfe,0xa0,0xfe,0x80,0xfe,0x80,0xfe,0xa0,0xfe,0xa0,0xfe,0x80,0xfe,0xa0,0xfe,0x80,
    0xfe,0x80,0xfe,0x80,0xfe,0x80,0xfe,0x80,0xfe,0x80,0xfe,0x80,0xfe,0x80,0xfe,0x80,
    0xfe,0x8c,0x80,0xfe,0x80,0xfe,0x80,0xfe,0xa0,0xfe,0xa0,0xfe,0x80,0xfe,0x80,0xfe,
    0x80,0xfe,0x80,0xfe,0x80,0xfe,0xa0,0xfe,0x80,0xfe,0x11,0x80,0xfe,0x84,0xa0,0xfe,
    0xa0,0xfe,0xa0,0xfe,0x80,0xfe,0x17,0x80,0xfe,0x82,0xa0,0xfe,0x80,0xfe,0x19,0x80,
    0xfe,0x86,0xa0,0xfe,0xa0,0xfe,0x80,0xfe,0x80,0xfe,0x80,0xfe,0xa0,0xfe,0x14,0xa0,
    0xfe,0xff,0xc0,0xfe,0xc0,0xfe,0xc0,0xfe,0xc0,0xfe,0xc0,0xfe,0xc0,0xfe,0xa0,0xfe,
    0xa0,0xfe,0xa0,0xfe,0xa0,0xfe,0xa0,0xfe,0xa0,0xfe,0xa0,0xfe,0xa0,0xfe,0xa0,0xfe,
    0xa0,0xfe,0xa0,0xfe,0xa0,0xfe,0x80,0xfe,0x80,0xfe,0x80,0xfe,0x80,0xfe,0x80,0xfe,
    0xa0,0xfe,0xa0,0xfe,0xa0,0xfe,0xa0,0xfe,0xa0,0xfe,0xa0,0xfe,0x80,0xfe,0x80,0xfe,
    0x80,0xfe,0x80,0xfe,0xa0,0xfe,0xa0,0xfe,0x80,0xfe,0xa0,0xfe,0xa0,0xfe,0xa0,0xfe,
    0xa0,0xfe,0xa0,0xfe,0xa0,0xfe,0xa0,0xfe,0xa0,0xfe,0xa0,0xfe,0xa0,0xfe,0xa0,0xfe,
    0x80,0xfe,0x80,0xfe,0x80,0xfe,0x80,0xfe,0x80,0xfe,0x80,0xfe,0x80,0xfe,0x80,0xfe,
    0x80,0xfe,0x80,0xfe,0x80,0xfe,0xa0,0xfe,0x80,0xfe,0x80,0xfe,0x80,0xfe,0x80,0xfe,
    0x80,0xfe,0x80,0xfe,0x80,0xfe,0x80,0xfe,0xa0,0xfe,0xa0,0xfe,0xa0,0xfe,0xa0,0xfe,
    0x80,0xfe,0x80,0xfe,0x80,0xfe,0x80,0xfe,0x80,0xfe,0x80,0xfe,0x80,0xfe,0x80,0xfe,
    0x80,0xfe,0x80,0xfe,0xa0,0xfe,0x80,0xfe,0x80,0xfe,0xa0,0xfe,0x80,0xfe,0x80,0xfe,
    0x80,0xfe,0xa0,0xfe,0xa0,0xfe,0xa0,0xfe,0xa0,0xfe,0xa0,0xfe,0xa0,0xfe,0xa0,0xfe,
    0x80,0xfe,0xa0,0xfe,0xa0,0xfe,0x80,0xfe,0x80,0xfe,0xa0,0xfe,0xa0,0xfe,0xa0,0xfe,
    0xa0,0xfe,0xa0,0xfe,0xa0,0xfe,0xa0,0xfe,0x80,0xfe,0x80,0xfe,0x80,0xfe,0x80,0xfe,
    0x80,0xfe,0x80,0xfe,0x80,0xfe,0x80,0xfe,0x80,0xfe,0x80,0xfe,0xa0,0xfe,0xa0,0xfe,
    0xa0,0xfe,0x80,0xfe,0x80,0xfe,0xa0,0xfe,0xa0,0xfe,0x80,0xfe,0x80,0xfe,0x80,0xfe,
    0xc1,0x80,0xfe,0x80,0xfe,0xa0,0xfe,0xa0,0xfe,0xa0,0xfe,0xa0,0xfe,0xa0,0xfe,0x80,
    0xfe,0xa0,0xfe,0xa0,0xfe,0xa0,0xfe,0xa0,0xfe,0xa0,0xfe,0xa0,0xfe,0xa0,0xfe,0x80,
    0xfe,0x80,0xfe,0x80,0xfe,0xa0,0xfe,0x80,0xfe,0xa0,0xfe,0xa0,0xfe,0xa0,0xfe,0x80,
    0xfe,0x80,0xfe,0x80,0xfe,0x80,0xfe,0x80,0xfe,0x80,0xfe,0x80,0xfe,0xa0,0xfe,0x80,
    0xfe,0xa0,0xfe,0x80,0xfe,0x80,0xfe,0xa0,0xfe,0xa0,0xfe,0xa0,0xfe,0xa0,0xfe,0xa0,
    0xfe,0x80,0xfe,0x80,0xfe,0xa0,0xfe,0xa0,0xfe,0x80,0xfe,0x80,0xfe,0x80,0xfe,0x80,
    0xfe,0x80,0xfe,0x80,0xfe,0x80,0xfe,0x80,0xfe,0x80,0xfe,0xa0,0xfe,0xa0,0xfe,0xa0,
    0xfe,0x80,0xfe,0x80,0xfe,0x80,0xfe,0x80,0xfe,0xa0,0xfe,0xa0,0xfe,0xa0,0xfe,0xa0,
    0xfe,0x80,0xfe,0x46,0x80,0xfe,0x84,0xa0,0xfe,0xa0,0xfe,0x80,0xfe,0xa0,0xfe,0x17,
    0xa0,0xfe,0xff,0xc0,0xfe,0xc0,0xfe,0xc0,0xfe,0xc0,0xfe,0xc0,0xfe,0xa0,0xfe,0xa0,
    0xfe,0xa0,0xfe,0xa0,0xfe,0xa0,0xfe,0xa0,0xfe,0xa0,0xfe,0xa0,0xfe,0xa0,0xfe,0xa0,
    0xfe,0xa0,0xfe,0x80,0xfe,0x80,0xfe,0x80,0xfe,0x80,0xfe,0x80,0xfe,0x80,0xfe,0xa0,
    0xfe,0xa0,0xfe,0xa0,0xfe,0xa0,0xfe,0xa0,0xfe,0xa0,0xfe,0x80,0xfe,0xa0,0xfe,0x80,
    0xfe,0x80,0xfe,0xa0,0xfe,0xa0,0xfe,0x80,0xfe,0xa0,0xfe,0xa0,0xfe,0xa0,0xfe,0xa0,
    0xfe,0xa0,0xfe,0xa0,0xfe,0xa0,0xfe,0x80,0xfe,0x80,0xfe,0xa0,0xfe,0xa0,0xfe,0x80,
    0xfe,0x80,0xfe,0x80,0xfe,0x80,0xfe,0xa0,0xfe,0x80,0xfe,0x80,0xfe,0x80,0xfe,0x80,
    0xfe,0x80,0xfe,0x80,0xfe,0x80,0xfe,0x80,0xfe,0x80,0xfe,0x80,0xfe,0x80,0xfe,0x80,
    0xfe,0x80,0xfe,0x80,0xfe,0x80,0xfe,0x80,0xfe,0x80,0xfe,0xa0,0xfe,0xa0,0xfe,0x80,
    0xfe,0x80,0xfe,0x80,0xfe,0x80,0xfe,0x80,0xfe,0x80,0xfe,0x80,0xfe,0x80,0xfe,0x80,
    0xfe,0x80,0xfe,0xa0,0xfe,0x80,0xfe,0x80,0xfe,0x80,0xfe,0x80,0xfe,0x80,0xfe,0x80,
    0xfe,0xa0,0xfe,0x80,0xfe,0xa0,0xfe,0x80,0xfe,0x80,0xfe,0xa0,0xfe,0x80,0xfe,0x80,
    0xfe,0x80,0xfe,0x80,0xfe,0x80,0xfe,0x80,0xfe,0x80,0xfe,0x80,0xfe,0xa0,0xfe,0xa0,
    0xfe,0xa0,0xfe,0xa0,0xfe,0x80,0xfe,0x80,0xfe,0x80,0xfe,0x80,0xfe,0x80,0xfe,0x80,
    0xfe,0x80,0xfe,0x80,0xfe,0x80,0xfe,0x80,0xfe,0x80,0xfe,0xa0,0xfe,0x80,0xfe,0x80,
    0xfe,0x80,0xfe,0x80,0xfe,0x80,0xfe,0x80,0xfe,0x80,0xfe,0x80,0xfe,0x80,0xfe,0x80,
    0xfe,0xed,0xa0,0xfe,0xa0,0xfe,0xa0,0xfe,0xa0,0xfe,0xa0,0xfe,0x80,0xfe,0xa0,0xfe,
    0xa0,0xfe,0x80,0xfe,0x80,0xfe,0xa0,0xfe,0x80,0xfe,0xa0,0xfe,0xa0,0xfe,0xa0,0xfe,
    0xa0,0xfe,0x80,0xfe,0x80,0xfe,0xa0,0xfe,0xa0,0xfe,0x80,0xfe,0x80,0xfe,0x80,0xfe,
    0x80,0xfe,0xa0,0xfe,0xa0,0xfe,0xa0,0xfe,0x80,0xfe,0xa0,0xfe,0xa0,0xfe,0x80,0xfe,
    0xa0,0xfe,0xa0,0xfe,0x80,0xfe,0x80,0xfe,0x80,0xfe,0x80,0xfe,0x80,0xfe,0x80,0xfe,
    0x80,0xfe,0x80,0xfe,0xa0,0xfe,0x80,0xfe,0x80,0xfe,0x80,0xfe,0x80,0xfe,0x80,0xfe,
    0x80,0xfe,0x80,0xfe,0x80,0xfe,0x80,0xfe,0x80,0xfe,0xa0,0xfe,0x80,0xfe,0x80,0xfe,
    0x80,0xfe,0x80,0xfe,0x80,0xfe,0x80,0xfe,0x80,0xfe,0x80,0xfe,0xa0,0xfe,0xa0,0xfe,
    0xa0,0xfe,0xa0,0xfe,0x80,0xfe,0x80,0xfe,0x80,0xfe,0x80,0xfe,0x80,0xfe,0x80,0xfe,
    0x80,0xfe,0x80,0xfe,0x80,0xfe,0x80,0xfe,0x80,0xfe,0x80,0xfe,0x80,0xfe,0x80,0xfe,
    0xa0,0xfe,0xa0,0xfe,0x80,0xfe,0x80,0xfe,0x80,0xfe,0x80,0xfe,0x80,0xfe,0x80,0xfe,
    0x80,0xfe,0x80,0xfe,0x80,0xfe,0x80,0xfe,0x80,0xfe,0x80,0xfe,0x80,0xfe,0x80,0xfe,
    0x80,0xfe,0x80,0xfe,0xa0,0xfe,0x80,0xfe,0xa0,0xfe,0xa0,0xfe,0x80,0xfe,0x80,0xfe,
    0x80,0xfe,0xa0,0xfe,0xa0,0xfe,0xa0,0xfe,0xa0,0xfe,0x80,0xfe,0x1e,0x80,0xfe,0x16,
    0xa0,0xfe,0x97,0xc0,0xfe,0xc0,0xfe,0xc0,0xfe,0xc0,0xfe,0xc0,0xfe,0xa0,0xfe,0xa0,
    0xfe,0xa0,0xfe,0xa0,0xfe,0xa0,0xfe,0xa0,0xfe,0xa0,0xfe,0xa0,0xfe,0xa0,0xfe,0xa0,
    0xfe,0x80,0xfe,0x80,0xfe,0x80,0xfe,0x80,0xfe,0x80,0xfe,0x80,0xfe,0x80,0xfe,0xa0,
    0xfe,0x13,0xa0,0xfe,0x27,0x80,0xfe,0xfa,0xa0,0xfe,0x80,0xfe,0x80,0xfe,0x80,0xfe,
    0x80,0xfe,0xa0,0xfe,0x80,0xfe,0x80,0xfe,0x80,0xfe,0x80,0xfe,0x80,0xfe,0x80,0xfe,
    0xa0,0xfe,0x80,0xfe,0x80,0xfe,0xa0,0xfe,0x80,0xfe,0x80,0xfe,0xa0,0xfe,0x80,0xfe,
    0x80,0xfe,0x80,0xfe,0x80,0xfe,0x80,0xfe,0x80,0xfe,0x80,0xfe,0x80,0xfe,0x80,0xfe,
    0xa0,0xfe,0x80,0xfe,0x80,0xfe,0x80,0xfe,0x80,0xfe,0x80,0xfe,0x80,0xfe,0xa0,0xfe,
    0xa0,0xfe,0x80,0xfe,0x80,0xfe,0x80,0xfe,0x80,0xfe,0x80,0xfe,0x80,0xfe,0x80,0xfe,
    0x80,0xfe,0xa0,0xfe,0xa0,0xfe,0xa0,0xfe,0x80,0xfe,0x80,0xfe,0xa0,0xfe,0xa0,0xfe,
    0xa0,0xfe,0x80,0xfe,0xa0,0xfe,0x80,0xfe,0x80,0xfe,0xa0,0xfe,0x80,0xfe,0xa0,0xfe,
    0xa0,0xfe,0xa0,0xfe,0xa0,0xfe,0x80,0xfe,0x80,0xfe,0x80,0xfe,0x80,0xfe,0x80,0xfe,
    0x80,0xfe,0x80,0xfe,0x80,0xfe,0x80,0xfe,0x80,0xfe,0x80,0xfe,0x80,0xfe,0xa0,0xfe,
    0x80,0xfe,0x80,0xfe,0x80,0xfe,0x80,0xfe,0x80,0xfe,0x80,0xfe,0x80,0xfe,0x80,0xfe,
    0xa0,0xfe,0x80,0xfe,0xa0,0xfe,0xa0,0xfe,0x80,0xfe,0x80,0xfe,0x80,0xfe,0x80,0xfe,
    0x80,0xfe,0x80,0xfe,0x80,0xfe,0x80,0xfe,0xa0,0xfe,0xa0,0xfe,0x80,0xfe,0x80,0xfe,
    0x80,0xfe,0x80,0xfe,0xa0,0xfe,0xa0,0xfe,0xa0,0xfe,0x80,0xfe,0xa0,0xfe,0x80,0xfe,
    0x80,0xfe,0x80,0xfe,0x80,0xfe,0x80,0xfe,0x80,0xfe,0x80,0xfe,0x80,0xfe,0x80,0xfe,
    0x80,0xfe,0x80,0xfe,0x80,0xfe,0x80,0xfe,0xa0,0xfe,0x80,0xfe,0x15,0x80,0xfe,0x8d,
    0xa0,0xfe,0xa0,0xfe,0x80,0xfe,0x80,0xfe,0x80,0xfe,0x80,0xfe,0x80,0xfe,0x80,0xfe,
    0x80,0xfe,0x80,0xfe,0x80,0xfe,0xa0,0xfe,0x80,0xfe,0x1b,0x80,0xfe,0x83,0xa0,0xfe,
    0x80,0xfe,0xa0,0xfe,0x16,0xa0,0xfe,0x96,0xc0,0xfe,0xc0,0xfe,0xc0,0xfe,0xc0,0xfe,
    0xa0,0xfe,0xa0,0xfe,0xa0,0xfe,0xa0,0xfe,0xa0,0xfe,0xa0,0xfe,0xa0,0xfe,0xa0,0xfe,
    0xa0,0xfe,0xa0,0xfe,0xa0,0xfe,0x80,0xfe,0x80,0xfe,0x80,0xfe,0x80,0xfe,0x80,0xfe,
    0x80,0xfe,0xa0,0xfe,0x13,0xa0,0xfe,0x30,0x80,0xfe,0x90,0xa0,0xfe,0x80,0xfe,0x80,
    0xfe,0xa0,0xfe,0x80,0xfe,0x80,0xfe,0xa0,0xfe,0x80,0xfe,0x80,0xfe,0x80,0xfe,0x80,
    0xfe,0x80,0xfe,0xa0,0xfe,0x80,0xfe,0xa0,0xfe,0x80,0xfe,0x13,0x80,0xfe,0xc0,0xa0,
    0xfe,0xa0,0xfe,0x80,0xfe,0x80,0xfe,0x80,0xfe,0xa0,0xfe,0xa0,0xfe,0xa0,0xfe,0xa0,
    0xfe,0x80,0xfe,0x80,0xfe,0xa0,0xfe,0x80,0xfe,0xa0,0xfe,0x80,0xfe,0xa0,0xfe,0x80,
    0xfe,0xa0,0xfe,0xa0,0xfe,0x80,0xfe,0x80,0xfe,0x80,0xfe,0x80,0xfe,0x80,0xfe,0x80,
    0xfe,0x80,0xfe,0x80,0xfe,0x80,0xfe,0x80,0xfe,0xa0,0xfe,0xa0,0xfe,0x80,0xfe,0x80,
    0xfe,0x80,0xfe,0x80,0xfe,0x80,0xfe,0x80,0xfe,0xa0,0xfe,0xa0,0xfe,0xa0,0xfe,0x80,
    0xfe,0x80,0xfe,0xa0,0xfe,0xa0,0xfe,0xa0,0xfe,0xa0,0xfe,0xa0,0xfe,0x80,0xfe,0x80,
    0xfe,0x80,0xfe,0x80,0xfe,0x80,0xfe,0x80,0xfe,0x80,0xfe,0x80,0xfe,0x80,0xfe,0x80,
    0xfe,0x80,0xfe,0x80,0xfe,0x80,0xfe,0x80,0xfe,0xa0,0xfe,0xa0,0xfe,0x80,0xfe,0x11,
    0x80,0xfe,0xa4,0xa0,0xfe,0x80,0xfe,0x80,0xfe,0x80,0xfe,0x80,0xfe,0x80,0xfe,0x80,
    0xfe,0x80,0xfe,0x80,0xfe,0x80,0xfe,0x80,0xfe,0x80,0xfe,0x80,0xfe,0x80,0xfe,0x80,
    0xfe,0x80,0xfe,0x80,0xfe,0xa0,0xfe,0x80,0xfe,0x80,0xfe,0x80,0xfe,0x80,0xfe,0x80,
    0xfe,0x80,0xfe,0x80,0xfe,0xa0,0xfe,0xa0,0xfe,0x80,0xfe,0x80,0xfe,0x80,0xfe,0x80,
    0xfe,0x80,0xfe,0x80,0xfe,0x80,0xfe,0xa0,0xfe,0x80,0xfe,0x15,0x80,0xfe,0x1b,0xa0,
    0xfe,0x95,0xc0,0xfe,0xc0,0xfe,0xc0,0xfe,0xa0,0xfe,0xa0,0xfe,0xa0,0xfe,0xa0,0xfe,
    0xa0,0xfe,0xa0,0xfe,0xa0,0xfe,0xa0,0xfe,0xa0,0xfe,0xa0,0xfe,0xa0,0xfe,0xa0,0xfe,
    0x80,0xfe,0x80,0xfe,0x80,0xfe,0x80,0xfe,0x80,0xfe,0xa0,0xfe,0x11,0xa0,0xfe,0x35,
    0x80,0xfe,0x8c,0xa0,0xfe,0xa0,0xfe,0x80,0xfe,0xa0,0xfe,0xa0,0xfe,0x80,0xfe,0x80,
    0xfe,0x80,0xfe,0x80,0xfe,0x80,0xfe,0xa0,0xfe,0x80,0xfe,0x14,0x80,0xfe,0xc3,0xa0,
    0xfe,0xa0,0xfe,0x80,0xfe,0x80,0xfe,0xa0,0xfe,0xa0,0xfe,0x80,0xfe,0xa0,0xfe,0x80,
    0xfe,0x80,0xfe,0x80,0xfe,0x80,0xfe,0xa0,0xfe,0x80,0xfe,0x80,0xfe,0x80,0xfe,0xa0,
    0xfe,0x80,0xfe,0x80,0xfe,0x80,0xfe,0x80,0xfe,0xa0,0xfe,0x80,0xfe,0x80,0xfe,0x80,
    0xfe,0x80,0xfe,0x80,0xfe,0x80,0xfe,0xa0,0xfe,0xa0,0xfe,0xa0,0xfe,0x80,0xfe,0xa0,
    0xfe,0xa0,0xfe,0xa0,0xfe,0xa0,0xfe,0xa0,0xfe,0xa0,0xfe,0xa0,0xfe,0xa0,0xfe,0xa0,
    0xfe,0xa0,0xfe,0xa0,0xfe,0x80,0xfe,0xa0,0xfe,0xa0,0xfe,0x80,0xfe,0x80,0xfe,0x80,
    0xfe,0x80,0xfe,0x80,0xfe,0x80,0xfe,0x80,0xfe,0x80,0xfe,0x80,0xfe,0x80,0xfe,0x80,
    0xfe,0xa0,0xfe,0x80,0xfe,0x80,0xfe,0x80,0xfe,0x80,0xfe,0x80,0xfe,0xa0,0xfe,0xa0,
    0xfe,0xa0,0xfe,0x80,0xfe,0x21,0x80,0xfe,0x88,0xa0,0xfe,0xa0,0xfe,0xa0,0xfe,0xa0,
    0xfe,0x80,0xfe,0x80,0xfe,0xa0,0xfe,0x80,0xfe,0x13,0x80,0xfe,0x8a,0xa0,0xfe,0x80,
    0xfe,0x80,0xfe,0xa0,0xfe,0xa0,0xfe,0xa0,0xfe,0x80,0xfe,0xa0,0xfe,0x80,0xfe,0xa0,
    0xfe,0x1d,0xa0,0xfe,0xa6,0xc0,0xfe,0xc0,0xfe,0xa0,0xfe,0xa0,0xfe,0xa0,0xfe,0xa0,
    0xfe,0xa0,0xfe,0xa0,0xfe,0xa0,0xfe,0xa0,0xfe,0xa0,0xfe,0xa0,0xfe,0xa0,0xfe,0xa0,
    0xfe,0x80,0xfe,0x80,0xfe,0x80,0xfe,0x80,0xfe,0x80,0xfe,0x80,0xfe,0xa0,0xfe,0xa0,
    0xfe,0xa0,0xfe,0xa0,0xfe,0xa0,0xfe,0xa0,0xfe,0xa0,0xfe,0xa0,0xfe,0xa0,0xfe,0xa0,
    0xfe,0xa0,0xfe,0xa0,0xfe,0xa0,0xfe,0xa0,0xfe,0xa0,0xfe,0xa0,0xfe,0xa0,0xfe,0x80,
    0xfe,0x36,0x80,0xfe,0x84,0xa0,0xfe,0x80,0xfe,0xa0,0xfe,0x80,0xfe,0x17,0x80,0xfe,
    0xb0,0xa0,0xfe,0xa0,0xfe,0x80,0xfe,0x80,0xfe,0x80,0xfe,0xa0,0xfe,0xa0,0xfe,0xa0,
    0xfe,0xa0,0xfe,0xa0,0xfe,0x80,0xfe,0x80,0xfe,0x80,0xfe,0x80,0xfe,0xa0,0xfe,0x80,
    0xfe,0x80,0xfe,0x80,0xfe,0xa0,0xfe,0x80,0xfe,0x80,0xfe,0x80,0xfe,0x80,0xfe,0xa0,
    0xfe,0x80,0xfe,0x80,0xfe,0x80,0xfe,0x80,0xfe,0x80,0xfe,0x80,0xfe,0x80,0xfe,0x80,
    0xfe,0x80,0xfe,0x80,0xfe,0x80,0xfe,0xa0,0xfe,0x80,0xfe,0xa0,0xfe,0xa0,0xfe,0xa0,
    0xfe,0x80,0xfe,0xa0,0xfe,0xa0,0xfe,0xa0,0xfe,0xa0,0xfe,0xa0,0xfe,0xa0,0xfe,0x80,
    0xfe,0x1d,0x80,0xfe,0x82,0xa0,0xfe,0x80,0xfe,0x1b,0x80,0xfe,0x82,0xa0,0xfe,0x80,
    0xfe,0x18,0x80,0xfe,0x8a,0xa0,0xfe,0x80,0xfe,0x80,0xfe,0x80,0xfe,0x80,0xfe,0x80,
    0xfe,0xa0,0xfe,0xa0,0xfe,0x80,0xfe,0xa0,0xfe,0x1b,0xa0,0xfe,0xa5,0xc0,0xfe,0xc0,
    0xfe,0xa0,0xfe,0xa0,0xfe,0xa0,0xfe,0xa0,0xfe,0xa0,0xfe,0xa0,0xfe,0xa0,0xfe,0xa0,
    0xfe,0xa0,0xfe,0xa0,0xfe,0xa0,0xfe,0xa0,0xfe,0xa0,0xfe,0xa0,0xfe,0x80,0xfe,0x80,
    0xfe,0x80,0xfe,0xa0,0xfe,0xa0,0xfe,0xa0,0xfe,0xa0,0xfe,0xa0,0xfe,0xa0,0xfe,0xa0,
    0xfe,0xa0,0xfe,0xa0,0xfe,0xa0,0xfe,0xa0,0xfe,0xa0,0xfe,0xa0,0xfe,0xa0,0xfe,0xa0,
    0xfe,0xa0,0xfe,0xa0,0xfe,0x80,0xfe,0x36,0x80,0xfe,0x8b,0xa0,0xfe,0x80,0xfe,0x80,
    0xfe,0x80,0xfe,0x80,0xfe,0x80,0xfe,0x80,0xfe,0x80,0xfe,0x80,0xfe,0xa0,0xfe,0x80,
    0xfe,0x16,0x80,0xfe,0xb1,0xa0,0xfe,0xa0,0xfe,0xa0,0xfe,0xa0,0xfe,0xa0,0xfe,0xa0,
    0xfe,0x80,0xfe,0x80,0xfe,0x80,0xfe,0x80,0xfe,0x80,0xfe,0x80,0xfe,0x80,0xfe,0x80,
    0xfe,0x80,0xfe,0x80,0xfe,0xa0,0xfe,0x80,0xfe,0x80,0xfe,0x80,0xfe,0x80,0xfe,0x80,
    0xfe,0x80,0xfe,0x80,0xfe,0x80,0xfe,0x80,0xfe,0x80,0xfe,0x80,0xfe,0x80,0xfe,0xa0,
    0xfe,0x80,0xfe,0x80,0xfe,0x80,0xfe,0x80,0xfe,0x80,0xfe,0xa0,0xfe,0xa0,0xfe,0xa0,
    0xfe,0xa0,0xfe,0xa0,0xfe,0x80,0xfe,0x80,0xfe,0xa0,0xfe,0x80,0xfe,0x80,0xfe,0x80,
    0xfe,0x80,0xfe,0xa0,0xfe,0x80,0xfe,0x16,0x80,0xfe,0x82,0xa0,0xfe,0x80,0xfe,0x1d,
    0x80,0xfe,0xa2,0xa0,0xfe,0x80,0xfe,0x80,0xfe,0x80,0xfe,0x80,0xfe,0x80,0xfe,0x80,
    0xfe,0x80,0xfe,0x80,0xfe,0x80,0xfe,0x80,0xfe,0xa0,0xfe,0x80,0xfe,0x80,0xfe,0xa0,
    0xfe,0x80,0xfe,0x80,0xfe,0x80,0xfe,0x80,0xfe,0x80,0xfe,0x80,0xfe,0xa0,0xfe,0x80,
    0xfe,0xa0,0xfe,0x80,0xfe,0x80,0xfe,0x80,0xfe,0x80,0xfe,0x80,0xfe,0x80,0xfe,0x80,
    0xfe,0xa0,0xfe,0x80,0xfe,0xa0,0xfe,0x1c,0xa0,0xfe,0x83,0xc0,0xfe,0xc0,0xfe,0xa0,
    0xfe,0x21,0xa0,0xfe,0x16,0x80,0xfe,0x82,0xa0,0xfe,0x80,0xfe,0x1e,0x80,0xfe,0xb4,
    0xa0,0xfe,0x80,0xfe,0x80,0xfe,0xa0,0xfe,0x80,0xfe,0x80,0xfe,0x80,0xfe,0x80,0xfe,
    0x80,0xfe,0xa0,0xfe,0x80,0xfe,0xa0,0xfe,0xa0,0xfe,0xa0,0xfe,0x80,0xfe,0xa0,0xfe,
    0x80,0xfe,0x80,0xfe,0x80,0xfe,0x80,0xfe,0x80,0xfe,0x80,0xfe,0x80,0xfe,0x80,0xfe,
    0x80,0xfe,0x80,0xfe,0x80,0xfe,0x80,0xfe,0x80,0xfe,0x80,0xfe,0x80,0xfe,0x80,0xfe,
    0x80,0xfe,0xa0,0xfe,0xa0,0xfe,0xa0,0xfe,0xa0,0xfe,0xa0,0xfe,0xa0,0xfe,0xa0,0xfe,
    0x80,0xfe,0x80,0xfe,0x80,0xfe,0x80,0xfe,0x80,0xfe,0x80,0xfe,0x80,0xfe,0x80,0xfe,
    0xa0,0xfe,0x80,0xfe,0xa0,0xfe,0x80,0xfe,0x11,0x80,0xfe,0x8a,0xa0,0xfe,0x80,0xfe,
    0x80,0xfe,0x80,0xfe,0xa0,0xfe,0x80,0xfe,0x80,0xfe,0x80,0xfe,0xa0,0xfe,0x80,0xfe,
    0x18,0x80,0xfe,0x83,0xa0,0xfe,0xa0,0xfe,0x80,0xfe,0x20,0x80,0xfe,0x9c,0xa0,0xfe,
    0x80,0xfe,0x80,0xfe,0x80,0xfe,0x80,0xfe,0x80,0xfe,0x80,0xfe,0x80,0xfe,0xa0,0xfe,
    0xa0,0xfe,0xa0,0xfe,0xa0,0xfe,0xa0,0xfe,0xa0,0xfe,0xa0,0xfe,0xa0,0xfe,0xa0,0xfe,
    0xa0,0xfe,0x80,0xfe,0x80,0xfe,0x80,0xfe,0x80,0xfe,0x80,0xfe,0x80,0xfe,0x80,0xfe,
    0x80,0xfe,0x80,0xfe,0xa0,0xfe,0x20,0xa0,0xfe,0x83,0xc0,0xfe,0xc0,0xfe,0xa0,0xfe,
    0x23,0xa0,0xfe,0x15,0x80,0xfe,0x89,0xa0,0xfe,0x80,0xfe,0xa0,0xfe,0xa0,0xfe,0x80,
    0xfe,0x80,0xfe,0x80,0xfe,0xa0,0xfe,0x80,0xfe,0x12,0x80,0xfe,0xd0,0xa0,0xfe,0xa0,
    0xfe,0x80,0xfe,0xa0,0xfe,0x80,0xfe,0x80,0xfe,0x80,0xfe,0xa0,0xfe,0x80,0xfe,0x80,
    0xfe,0x80,0xfe,0x80,0xfe,0xa0,0xfe,0xa0,0xfe,0xa0,0xfe,0xa0,0xfe,0xa0,0xfe,0xa0,
    0xfe,0xa0,0xfe,0x80,0xfe,0x80,0xfe,0x80,0xfe,0x80,0xfe,0x80,0xfe,0x80,0xfe,0x80,
    0xfe,0x80,0xfe,0x80,0xfe,0x80,0xfe,0x80,0xfe,0x80,0xfe,0x80,0xfe,0xa0,0xfe,0x80,
    0xfe,0x80,0xfe,0x80,0xfe,0x80,0xfe,0xa0,0xfe,0xa0,0xfe,0xa0,0xfe,0xa0,0xfe,0xa0,
    0xfe,0xa0,0xfe,0xa0,0xfe,0x80,0xfe,0xa0,0xfe,0xa0,0xfe,0x80,0xfe,0x80,0xfe,0x80,
    0xfe,0x80,0xfe,0x80,0xfe,0x80,0xfe,0x80,0xfe,0xa0,0xfe,0xa0,0xfe,0xa0,0xfe,0xa0,
    0xfe,0x80,0xfe,0x80,0xfe,0x80,0xfe,0x80,0xfe,0x80,0xfe,0x80,0xfe,0x80,0xfe,0x80,
    0xfe,0x80,0xfe,0x80,0xfe,0x80,0xfe,0xa0,0xfe,0x80,0xfe,0xa0,0xfe,0x80,0xfe,0xa0,
    0xfe,0xa0,0xfe,0xa0,0xfe,0xa0,0xfe,0xa0,0xfe,0xa0,0xfe,0x80,0xfe,0x18,0x80,0xfe,
    0x8b,0xa0,0xfe,0x80,0xfe,0x80,0xfe,0xa0,0xfe,0x80,0xfe,0x80,0xfe,0xa0,0xfe,0xa0,
    0xfe,0x80,0xfe,0xa0,0xfe,0x80,0xfe,0x1b,0x80,0xfe,0x9e,0xa0,0xfe,0x80,0xfe,0x80,
    0xfe,0x80,0xfe,0x80,0xfe,0x80,0xfe,0x80,0xfe,0x80,0xfe,0xa0,0xfe,0xa0,0xfe,0xa0,
    0xfe,0xa0,0xfe,0xa0,0xfe,0xa0,0xfe,0xa0,0xfe,0xa0,0xfe,0xa0,0xfe,0xa0,0xfe,0xa0,
    0xfe,0xa0,0xfe,0xa0,0xfe,0x80,0xfe,0x80,0xfe,0x80,0xfe,0x80,0xfe,0x80,0xfe,0x80,
    0xfe,0x80,0xfe,0x80,0xfe,0xa0,0xfe,0x1e,0xa0,0xfe,0x83,0xc0,0xfe,0xc0,0xfe,0xa0,
    0xfe,0x25,0xa0,0xfe,0x10,0x80,0xfe,0x8c,0xa0,0xfe,0xa0,0xfe,0x80,0xfe,0x80,0xfe,
    0x80,0xfe,0xa0,0xfe,0xa0,0xfe,0xa0,0xfe,0xa0,0xfe,0xa0,0xfe,0xa0,0xfe,0x80,0xfe,
    0x12,0x80,0xfe,0xf3,0xa0,0xfe,0xa0,0xfe,0x80,0xfe,0xa0,0xfe,0xa0,0xfe,0xa0,0xfe,
    0xa0,0xfe,0xa0,0xfe,0x80,0xfe,0x80,0xfe,0x80,0xfe,0x80,0xfe,0xa0,0xfe,0xa0,0xfe,
    0xa0,0xfe,0xa0,0xfe,0xa0,0xfe,0xa0,0xfe,0xa0,0xfe,0x80,0xfe,0x80,0xfe,0x80,0xfe,
    0x80,0xfe,0x80,0xfe,0x80,0xfe,0x80,0xfe,0x80,0xfe,0x80,0xfe,0x80,0xfe,0xa0,0xfe,
    0xa0,0xfe,0x80,0xfe,0x80,0xfe,0x80,0xfe,0x80,0xfe,0x80,0xfe,0xa0,0xfe,0xa0,0xfe,
    0xa0,0xfe,0xa0,0xfe,0xa0,0xfe,0xa0,0xfe,0xa0,0xfe,0xa0,0xfe,0xa0,0xfe,0x80,0xfe,
    0xa0,0xfe,0x80,0xfe,0xa0,0xfe,0xa0,0xfe,0x80,0xfe,0x80,0xfe,0x80,0xfe,0x80,0xfe,
    0xa0,0xfe,0xa0,0xfe,0xa0,0xfe,0xa0,0xfe,0x80,0xfe,0x80,0xfe,0x80,0xfe,0x80,0xfe,
    0x80,0xfe,0xa0,0xfe,0xa0,0xfe,0xa0,0xfe,0xa0,0xfe,0xa0,0xfe,0x80,0xfe,0x80,0xfe,
    0x80,0xfe,0x80,0xfe,0x80,0xfe,0xa0,0xfe,0xa0,0xfe,0x80,0xfe,0xa0,0xfe,0xa0,0xfe,
    0xa0,0xfe,0xa0,0xfe,0xa0,0xfe,0x80,0xfe,0x80,0xfe,0x80,0xfe,0x80,0xfe,0x80,0xfe,
    0x80,0xfe,0xa0,0xfe,0x80,0xfe,0x80,0xfe,0x80,0xfe,0x80,0xfe,0x80,0xfe,0x80,0xfe,
    0x80,0xfe,0x80,0xfe,0x80,0xfe,0x80,0xfe,0x80,0xfe,0xa0,0xfe,0xa0,0xfe,0x80,0xfe,
    0x80,0xfe,0x80,0xfe,0x80,0xfe,0x80,0xfe,0xa0,0xfe,0xa0,0xfe,0xa0,0xfe,0xa0,0xfe,
    0xa0,0xfe,0xa0,0xfe,0xa0,0xfe,0xa0,0xfe,0x80,0xfe,0x21,0x80,0xfe,0x12,0xa0,0xfe,
    0x85,0x80,0xfe,0x80,0xfe,0x80,0xfe,0x80,0xfe,0xa0,0xfe,0x1f,0xa0,0xfe,0x83,0xc0,
    0xfe,0xc0,0xfe,0xa0,0xfe,0x26,0xa0,0xfe,0x9e,0x80,0xfe,0x80,0xfe,0x80,0xfe,0x80,
    0xfe,0x80,0xfe,0x80,0xfe,0x80,0xfe,0x80,0xfe,0x80,0xfe,0x80,0xfe,0x80,0xfe,0x80,
    0xfe,0x80,0xfe,0xa0,0xfe,0xa0,0xfe,0xa0,0xfe,0x80,0xfe,0x80,0xfe,0x80,0xfe,0x80,
    0xfe,0xa0,0xfe,0xa0,0xfe,0xa0,0xfe,0xa0,0xfe,0xa0,0xfe,0xa0,0xfe,0xa0,0xfe,0xa0,
    0xfe,0xa0,0xfe,0x80,0xfe,0x12,0x80,0xfe,0xf0,0xa0,0xfe,0xa0,0xfe,0xa0,0xfe,0xa0,
    0xfe,0x80,0xfe,0x80,0xfe,0x80,0xfe,0x80,0xfe,0x80,0xfe,0xa0,0xfe,0xa0,0xfe,0xa0,
    0xfe,0xa0,0xfe,0xa0,0xfe,0xa0,0xfe,0xa0,0xfe,0x80,0xfe,0x80,0xfe,0x80,0xfe,0x80,
    0xfe,0x80,0xfe,0x80,0xfe,0x80,0xfe,0x80,0xfe,0x80,0xfe,0x80,0xfe,0x80,0xfe,0xa0,
    0xfe,0x80,0xfe,0x80,0xfe,0x80,0xfe,0x80,0xfe,0x80,0xfe,0xa0,0xfe,0xa0,0xfe,0xa0,
    0xfe,0x80,0xfe,0x80,0xfe,0xa0,0xfe,0xa0,0xfe,0xa0,0xfe,0xa0,0xfe,0xa0,0xfe,0x80,
    0xfe,0x80,0xfe,0x80,0xfe,0x80,0xfe,0x80,0xfe,0x80,0xfe,0x80,0xfe,0x80,0xfe,0xa0,
    0xfe,0xa0,0xfe,0xa0,0xfe,0xa0,0xfe,0xa0,0xfe,0x80,0xfe,0x80,0xfe,0x80,0xfe,0x80,
    0xfe,0x80,0xfe,0x80,0xfe,0x80,0xfe,0x80,0xfe,0xa0,0xfe,0x80,0xfe,0xa0,0xfe,0xa0,
    0xfe,0xa0,0xfe,0xa0,0xfe,0xa0,0xfe,0xa0,0xfe,0xa0,0xfe,0xa0,0xfe,0xa0,0xfe,0xa0,
    0xfe,0xa0,0xfe,0xa0,0xfe,0xa0,0xfe,0xa0,0xfe,0xa0,0xfe,0x80,0xfe,0x80,0xfe,0x80,
    0xfe,0x80,0xfe,0x80,0xfe,0x80,0xfe,0x80,0xfe,0x80,0xfe,0x80,0xfe,0x80,0xfe,0x80,
    0xfe,0x80,0xfe,0xa0,0xfe,0x80,0xfe,0x80,0xfe,0x80,0xfe,0x80,0xfe,0xa0,0xfe,0x80,
    0xfe,0x80,0xfe,0xa0,0xfe,0x80,0xfe,0xa0,0xfe,0x80,0xfe,0xa0,0xfe,0x80,0xfe,0xa0,
    0xfe,0x80,0xfe,0xa0,0xfe,0xa0,0xfe,0x80,0xfe,0x1f,0x80,0xfe,0x13,0xa0,0xfe,0x87,
    0x80,0xfe,0x80,0xfe,0x80,0xfe,0x80,0xfe,0x80,0xfe,0x80,0xfe,0xa0,0xfe,0x1e,0xa0,
    0xfe,0x83,0xc0,0xfe,0xc0,0xfe,0xa0,0xfe,0x28,0xa0,0xfe,0xeb,0x80,0xfe,0x80,0xfe,
    0x80,0xfe,0xa0,0xfe,0x80,0xfe,0x80,0xfe,0x80,0xfe,0x80,0xfe,0x80,0xfe,0x80,0xfe,
    0xa0,0xfe,0xa0,0xfe,0xa0,0xfe,0xa0,0xfe,0x80,0xfe,0x80,0xfe,0x80,0xfe,0x80,0xfe,
    0xa0,0xfe,0xa0,0xfe,0xa0,0xfe,0xa0,0xfe,0xa0,0xfe,0xa0,0xfe,0xa0,0xfe,0xa0,0xfe,
    0xa0,0xfe,0xa0,0xfe,0xa0,0xfe,0x80,0xfe,0x80,0xfe,0x80,0xfe,0x80,0xfe,0x80,0xfe,
    0x80,0xfe,0x80,0xfe,0x80,0xfe,0x80,0xfe,0xa0,0xfe,0xa0,0xfe,0xa0,0xfe,0xa0,0xfe,
    0xa0,0xfe,0xa0,0xfe,0xa0,0xfe,0xa0,0xfe,0x80,0xfe,0xa0,0xfe,0xa0,0xfe,0xa0,0xfe,
    0x80,0xfe,0xa0,0xfe,0xa0,0xfe,0x80,0xfe,0xa0,0xfe,0xa0,0xfe,0xa0,0xfe,0xa0,0xfe,
    0xa0,0xfe,0xa0,0xfe,0xa0,0xfe,0xa0,0xfe,0xa0,0xfe,0x80,0xfe,0xa0,0xfe,0x80,0xfe,
    0x80,0xfe,0x80,0xfe,0x80,0xfe,0x80,0xfe,0x80,0xfe,0xa0,0xfe,0x80,0xfe,0x80,0xfe,
    0x80,0xfe,0x80,0xfe,0x80,0xfe,0x80,0xfe,0x80,0xfe,0x80,0xfe,0xa0,0xfe,0xa0,0xfe,
    0x80,0xfe,0x80,0xfe,0x80,0xfe,0x80,0xfe,0xa0,0xfe,0xa0,0xfe,0xa0,0xfe,0x80,0xfe,
    0x80,0xfe,0x80,0xfe,0x80,0xfe,0x80,0xfe,0x80,0xfe,0x80,0xfe,0xa0,0xfe,0xa0,0xfe,
    0xa0,0xfe,0xa0,0xfe,0xa0,0xfe,0xa0,0xfe,0xa0,0xfe,0x80,0xfe,0x80,0xfe,0x80,0xfe,
    0xa0,0xfe,0x13,0xa0,0xfe,0xac,0x80,0xfe,0x80,0xfe,0x80,0xfe,0x80,0xfe,0x80,0xfe,
    0x80,0xfe,0x80,0xfe,0x80,0xfe,0x80,0xfe,0x80,0xfe,0x80,0xfe,0x80,0xfe,0x80,0xfe,
    0xa0,0xfe,0xa0,0xfe,0xa0,0xfe,0xa0,0xfe,0xa0,0xfe,0x80,0xfe,0xa0,0xfe,0xa0,0xfe,
    0xa0,0xfe,0xa0,0xfe,0xa0,0xfe,0xa0,0xfe,0xa0,0xfe,0xa0,0xfe,0x80,0xfe,0x80,0xfe,
    0x80,0xfe,0xa0,0xfe,0x80,0xfe,0x80,0xfe,0x80,0xfe,0x80,0xfe,0x80,0xfe,0x80,0xfe,
    0x80,0xfe,0xa0,0xfe,0x80,0xfe,0xa0,0xfe,0xa0,0xfe,0xa0,0xfe,0x80,0xfe,0x12,0x80,
    0xfe,0x83,0xa0,0xfe,0x80,0xfe,0xa0,0xfe,0x11,0xa0,0xfe,0x85,0x80,0xfe,0x80,0xfe,
    0x80,0xfe,0x80,0xfe,0xa0,0xfe,0x1d,0xa0,0xfe,0x82,0xc0,0xfe,0xa0,0xfe,0x2c,0xa0,
    0xfe,0xed,0x80,0xfe,0xa0,0xfe,0xa0,0xfe,0x80,0xfe,0xa0,0xfe,0xa0,0xfe,0xa0,0xfe,
    0xa0,0xfe,0x80,0xfe,0xa0,0xfe,0xa0,0xfe,0xa0,0xfe,0xa0,0xfe,0xa0,0xfe,0xa0,0xfe,
    0x80,0xfe,0xa0,0xfe,0xa0,0xfe,0xa0,0xfe,0xa0,0xfe,0xa0,0xfe,0xa0,0xfe,0xa0,0xfe,
    0xa0,0xfe,0xa0,0xfe,0xa0,0xfe,0xa0,0xfe,0xa0,0xfe,0xa0,0xfe,0xa0,0xfe,0xa0,0xfe,
    0xa0,0xfe,0x80,0xfe,0x80,0xfe,0x80,0xfe,0xa0,0xfe,0x80,0xfe,0xa0,0xfe,0xa0,0xfe,
    0xa0,0xfe,0xa0,0xfe,0xa0,0xfe,0xa0,0xfe,0xa0,0xfe,0xa0,0xfe,0xa0,0xfe,0xa0,0xfe,
    0xa0,0xfe,0xa0,0xfe,0xa0,0xfe,0xa0,0xfe,0xa0,0xfe,0xa0,0xfe,0xa0,0xfe,0x80,0xfe,
    0xa0,0xfe,0xa0,0xfe,0xa0,0xfe,0xa0,0xfe,0xa0,0xfe,0xa0,0xfe,0xa0,0xfe,0xa0,0xfe,
    0xa0,0xfe,0x80,0xfe,0x80,0xfe,0xa0,0xfe,0x80,0xfe,0x80,0xfe,0xa0,0xfe,0x80,0xfe,
    0x80,0xfe,0x80,0xfe,0x80,0xfe,0x80,0xfe,0x80,0xfe,0x80,0xfe,0x80,0xfe,0xa0,0xfe,
    0xa0,0xfe,0xa0,0xfe,0xa0,0xfe,0xa0,0xfe,0x80,0xfe,0x80,0xfe,0xa0,0xfe,0xa0,0xfe,
    0xa0,0xfe,0x80,0xfe,0xa0,0xfe,0x80,0xfe,0xa0,0xfe,0x80,0xfe,0x80,0xfe,0x80,0xfe,
    0xa0,0xfe,0xa0,0xfe,0xa0,0xfe,0xa0,0xfe,0xa0,0xfe,0xa0,0xfe,0xa0,0xfe,0xa0,0xfe,
    0xa0,0xfe,0x80,0xfe,0xa0,0xfe,0x80,0xfe,0x80,0xfe,0xa0,0xfe,0x11,0xa0,0xfe,0xd7,
    0x80,0xfe,0xa0,0xfe,0x80,0xfe,0x80,0xfe,0x80,0xfe,0x80,0xfe,0x80,0xfe,0x80,0xfe,
    0x80,0xfe,0x80,0xfe,0x80,0xfe,0x80,0xfe,0xa0,0xfe,0xa0,0xfe,0xa0,0xfe,0xa0,0xfe,
    0xa0,0xfe,0xa0,0xfe,0xa0,0xfe,0xa0,0xfe,0xa0,0xfe,0xa0,0xfe,0xa0,0xfe,0xa0,0xfe,
    0xa0,0xfe,0xa0,0xfe,0xa0,0xfe,0xa0,0xfe,0xa0,0xfe,0x80,0xfe,0x80,0xfe,0x80,0xfe,
    0x80,0xfe,0x80,0xfe,0x80,0xfe,0x80,0xfe,0x80,0xfe,0xa0,0xfe,0xa0,0xfe,0xa0,0xfe,
    0xa0,0xfe,0xa0,0xfe,0xa0,0xfe,0xa0,0xfe,0xa0,0xfe,0xa0,0xfe,0xa0,0xfe,0xa0,0xfe,
    0x80,0xfe,0xa0,0xfe,0x80,0xfe,0x80,0xfe,0x80,0xfe,0x80,0xfe,0xa0,0xfe,0xa0,0xfe,
    0xa0,0xfe,0x80,0xfe,0xa0,0xfe,0x80,0xfe,0x80,0xfe,0xa0,0xfe,0xa0,0xfe,0xa0,0xfe,
    0x80,0xfe,0x80,0xfe,0x80,0xfe,0xa0,0xfe,0xa0,0xfe,0xa0,0xfe,0xa0,0xfe,0xa0,0xfe,
    0xa0,0xfe,0xa0,0xfe,0xa0,0xfe,0xa0,0xfe,0xa0,0xfe,0xa0,0xfe,0xa0,0xfe,0xa0,0xfe,
    0xa0,0xfe,0xa0,0xfe,0xa0,0xfe,0x80,0xfe,0x80,0xfe,0x80,0xfe,0xa0,0xfe,0x1d,0xa0,
    0xfe,0x87,0xc0,0xfe,0xa0,0xfe,0xa0,0xfe,0xa0,0xfe,0xa0,0xfe,0x80,0xfe,0xa0,0xfe,
    0x48,0xa0,0xfe,0x84,0x80,0xfe,0x80,0xfe,0x80,0xfe,0xa0,0xfe,0x20,0xa0,0xfe,0xa7,
    0x80,0xfe,0x80,0xfe,0x80,0xfe,0xa0,0xfe,0x80,0xfe,0x80,0xfe,0x80,0xfe,0x80,0xfe,
    0x80,0xfe,0xa0,0xfe,0xa0,0xfe,0xa0,0xfe,0x80,0xfe,0xa0,0xfe,0x80,0xfe,0x80,0xfe,
    0xa0,0xfe,0xa0,0xfe,0x80,0xfe,0x80,0xfe,0x80,0xfe,0xa0,0xfe,0xa0,0xfe,0x80,0xfe,
    0xa0,0xfe,0xa0,0xfe,0xa0,0xfe,0xa0,0xfe,0xa0,0xfe,0xa0,0xfe,0xa0,0xfe,0xa0,0xfe,
    0xa0,0xfe,0xa0,0xfe,0xa0,0xfe,0xa0,0xfe,0xa0,0xfe,0x80,0xfe,0xa0,0xfe,0x15,0xa0,
    0xfe,0xb3,0x80,0xfe,0xa0,0xfe,0xa0,0xfe,0xa0,0xfe,0xa0,0xfe,0xa0,0xfe,0xa0,0xfe,
    0xa0,0xfe,0xa0,0xfe,0xa0,0xfe,0xa0,0xfe,0xa0,0xfe,0xa0,0xfe,0xa0,0xfe,0xa0,0xfe,
    0x80,0xfe,0x80,0xfe,0xa0,0xfe,0xa0,0xfe,0xa0,0xfe,0xa0,0xfe,0xa0,0xfe,0xa0,0xfe,
    0xa0,0xfe,0xa0,0xfe,0xa0,0xfe,0xa0,0xfe,0xa0,0xfe,0x80,0xfe,0x80,0xfe,0x80,0xfe,
    0xa0,0xfe,0xa0,0xfe,0xa0,0xfe,0xa0,0xfe,0xa0,0xfe,0xa0,0xfe,0xa0,0xfe,0xa0,0xfe,
    0xa0,0xfe,0xa0,0xfe,0xa0,0xfe,0xa0,0xfe,0xa0,0xfe,0xa0,0xfe,0xa0,0xfe,0x80,0xfe,
    0xa0,0xfe,0xa0,0xfe,0x80,0xfe,0xa0,0xfe,0x1d,0xa0,0xfe,0x85,0x80,0xfe,0x80,0xfe,
    0x80,0xfe,0x80,0xfe,0xa0,0xfe,0x21,0xa0,0xfe,0x82,0x80,0xfe,0xa0,0xfe,0x29,0xa0,
    0xfe,0x82,0x80,0xfe,0xa0,0xfe,0x1c,0xa0,0xfe,0x84,0x80,0xfe,0xa0,0xfe,0x80,0xfe,
    0xa0,0xfe,0x25,0xa0,0xfe,0x94,0x80,0xfe,0xa0,0xfe,0xa0,0xfe,0xa0,0xfe,0xa0,0xfe,
    0xa0,0xfe,0xa0,0xfe,0xa0,0xfe,0xa0,0xfe,0xa0,0xfe,0xa0,0xfe,0x80,0xfe,0xa0,0xfe,
    0xa0,0xfe,0xa0,0xfe,0xa0,0xfe,0x80,0xfe,0x80,0xfe,0x80,0xfe,0xa0,0xfe,0x34,0xa0,
    0xfe,0x82,0x80,0xfe,0xa0,0xfe,0x3f,0xa0,0xfe,0x84,0x80,0xfe,0x80,0xfe,0x80,0xfe,
    0xa0,0xfe,0x21,0xa0,0xfe,0x82,0x80,0xfe,0xa0,0xfe,0x7a,0xa0,0xfe,0x82,0x80,0xfe,
    0xa0,0xfe,0x7f,0xa0,0xfe,0x23,0xa0,0xfe,0x83,0x80,0xfe,0x80,0xfe,0xa0,0xfe,0x58,
    0xa0,0xfe,0x82,0x80,0xfe,0xa0,0xfe,0x7f,0xa0,0xfe,0x44,0xa0,0xfe,0x84,0x80,0xfe,
    0x80,0xfe,0x80,0xfe,0xa0,0xfe,0x7f,0xa0,0xfe,0x7f,0xa0,0xfe,0x8c,0xa0,0xfe,0xa0,
    0xfe,0xa0,0xfe,0xa0,0xfe,0xa0,0xfe,0xa0,0xfe,0xa0,0xfe,0xa0,0xfe,0xa0,0xfe,0xc0,
    0xfe,0xc0,0xfe,0xa0,0xfe,0x12,0xa0,0xfe,0x85,0x80,0xfe,0x80,0xfe,0xa0,0xfe,0x80,
    0xfe,0xa0,0xfe,0x7f,0xa0,0xfe,0x15,0xa0,0xfe,0x83,0x80,0xfe,0x80,0xfe,0xa0,0xfe,
    0x6f,0xa0,0xfe,0x82,0xc0,0xfe,0xa0,0xfe,0x13,0xa0,0xfe,0x83,0x80,0xfe,0x80,0xfe,
    0xa0,0xfe,0x69,0xa0,0xfe,0x82,0x80,0xfe,0xa0,0xfe,0x2b,0xa0,0xfe,0x87,0x80,0xfe,
    0x80,0xfe,0x80,0xfe,0xa0,0xfe,0xa0,0xfe,0x80,0xfe,0xa0,0xfe,0x7a,0xa0,0xfe,0x88,
    0x80,0xfe,0xa0,0xfe,0xa0,0xfe,0xa0,0xfe,0xa0,0xfe,0xa0,0xfe,0x80,0xfe,0xa0,0xfe,
    0x66,0xa0,0xfe,0x84,0x80,0xfe,0xa0,0xfe,0x80,0xfe,0xa0,0xfe,0x7f,0xa0,0xfe,0x28,
    0xa0,0xfe,0x8f,0x80,0xfe,0xa0,0xfe,0xa0,0xfe,0xa0,0xfe,0x80,0xfe,0xa0,0xfe,0xa0,
    0xfe,0xa0,0xfe,0xa0,0xfe,0xa0,0xfe,0xa0,0xfe,0xa0,0xfe,0xa0,0xfe,0x80,0xfe,0xa0,
    0xfe,0x7f,0xa0,0xfe,0x1c,0xa0,0xfe,0x82,0x80,0xfe,0xa0,0xfe,0x7f,0xa0,0xfe,0x14,
    0xa0,0xfe,0x82,0x80,0xfe,0xa0,0xfe,0x58,0xa0,0xfe,0x82,0x80,0xfe,0xa0,0xfe,0x7f,
    0xa0,0xfe,0xb8,0xa0,0xfe,0xa0,0xfe,0xa0,0xfe,0xa0,0xfe,0xa0,0xfe,0xa0,0xfe,0xa0,
    0xfe,0xa0,0xfe,0xa0,0xfe,0xa0,0xfe,0xa0,0xfe,0xa0,0xfe,0xa0,0xfe,0xa0,0xfe,0x80,
    0xfe,0xa0,0xfe,0xa0,0xfe,0x80,0xfe,0xa0,0xfe,0xa0,0xfe,0xa0,0xfe,0xa0,0xfe,0xa0,
    0xfe,0xa0,0xfe,0xa0,0xfe,0xa0,0xfe,0xa0,0xfe,0xa0,0xfe,0xa0,0xfe,0xa0,0xfe,0xa0,
    0xfe,0xa0,0xfe,0xa0,0xfe,0xa0,0xfe,0xa0,0xfe,0x80,0xfe,0xa0,0xfe,0xa0,0xfe,0xa0,
    0xfe,0x80,0xfe,0x80,0xfe,0xa0,0xfe,0xa0,0xfe,0xa0,0xfe,0xa0,0xfe,0xa0,0xfe,0xa0,
    0xfe,0xa0,0xfe,0xa0,0xfe,0xa0,0xfe,0xa0,0xfe,0xa0,0xfe,0xa0,0xfe,0xc0,0xfe,0xc0,
    0xfe,0xa0,0xfe,0x3b,0xa0,0xfe,0x82,0x80,0xfe,0xa0,0xfe,0x67,0xa0,0xfe,0x83,0x80,
    0xfe,0x80,0xfe,0xa0,0xfe,0x31,0xa0,0xfe,0x82,0x80,0xfe,0xa0,0xfe,0x1c,0xa0,0xfe,
    0xaa,0x80,0xfe,0x80,0xfe,0x80,0xfe,0x80,0xfe,0xa0,0xfe,0xa0,0xfe,0x80,0xfe,0x80,
    0xfe,0xa0,0xfe,0xa0,0xfe,0x80,0xfe,0x80,0xfe,0x80,0xfe,0x80,0xfe,0x80,0xfe,0x80,
    0xfe,0x80,0xfe,0x80,0xfe,0x80,0xfe,0x80,0xfe,0x80,0xfe,0x80,0xfe,0x80,0xfe,0x80,
    0xfe,0x80,0xfe,0x80,0xfe,0x80,0xfe,0xa0,0xfe,0xa0,0xfe,0xa0,0xfe,0xa0,0xfe,0xa0,
    0xfe,0xa0,0xfe,0xa0,0xfe,0xa0,0xfe,0xa0,0xfe,0xa0,0xfe,0xa0,0xfe,0xc0,0xfe,0xc0,
    0xfe,0xc0,0xfe,0xa0,0xfe,0x7f,0xa0,0xfe,0x25,0xa0,0xfe,0x82,0x80,0xfe,0xa0,0xfe,
    0x4d,0xa0,0xfe,0x83,0x80,0xfe,0xa0,0xfe,0x80,0xfe,0x1c,0x80,0xfe,0x8e,0xa0,0xfe,
    0xa0,0xfe,0xa0,0xfe,0xa0,0xfe,0xa0,0xfe,0xa0,0xfe,0xa0,0xfe,0xa0,0xfe,0xa0,0xfe,
    0xc0,0xfe,0xc0,0xfe,0xc0,0xfe,0xc0,0xfe,0xa0,0xfe,0x7f,0xa0,0xfe,0x74,0xa0,0xfe,
    0xad,0x80,0xfe,0x80,0xfe,0x80,0xfe,0x80,0xfe,0x80,0xfe,0x80,0xfe,0x80,0xfe,0x80,
    0xfe,0x80,0xfe,0x80,0xf6,0x80,0xf6,0x80,0xfe,0x80,0xfe,0x80,0xfe,0x80,0xfe,0x80,
    0xfe,0x80,0xfe,0x80,0xfe,0x80,0xfe,0x80,0xfe,0x80,0xfe,0x80,0xfe,0x80,0xfe,0x80,
    0xfe,0x60,0xfe,0x80,0xfe,0x80,0xfe,0x80,0xfe,0x80,0xfe,0x80,0xfe,0x80,0xfe,0x80,
    0xfe,0x80,0xfe,0x80,0xfe,0xa0,0xfe,0xa0,0xfe,0xa0,0xfe,0xa0,0xfe,0xa0,0xfe,0xa0,
    0xfe,0xc0,0xfe,0xc0,0xfe,0xc0,0xfe,0xc0,0xfe,0xa0,0xfe,0x7f,0xa0,0xfe,0x27,0xa0,
    0xfe,0x83,0x80,0xfe,0x80,0xfe,0xa0,0xfe,0x49,0xa0,0xfe,0xbc,0x80,0xfe,0x80,0xfe,
    0x80,0xfe,0x80,0xf6,0x80,0xf6,0x80,0xf6,0x60,0xf6,0x80,0xf6,0x80,0xf6,0x60,0xf6,
    0x60,0xf6,0x60,0xf6,0x60,0xf6,0x80,0xf6,0x60,0xf6,0x60,0xf6,0x60,0xf6,0x60,0xf6,
    0x60,0xf6,0x60,0xf6,0x60,0xfe,0x60,0xf6,0x60,0xf6,0x60,0xfe,0x60,0xf6,0x60,0xfe,
    0x60,0xf6,0x60,0xf6,0x60,0xf6,0x80,0xfe,0x80,0xfe,0x80,0xfe,0x80,0xfe,0x80,0xfe,
    0x80,0xfe,0xa0,0xfe,0xa0,0xfe,0xa0,0xfe,0xa0,0xfe,0xa0,0xfe,0xa0,0xfe,0xc0,0xfe,
    0xc0,0xfe,0xc0,0xfe,0xc0,0xfe,0xc0,0xfe,0xa0,0xfe,0xa0,0xfe,0xa0,0xfe,0xa0,0xfe,
    0xa0,0xfe,0xa0,0xfe,0xa0,0xfe,0xa0,0xfe,0xa0,0xfe,0x80,0xfe,0xa0,0xfe,0x80,0xfe,
    0x80,0xfe,0xa0,0xfe,0x7f,0xa0,0xfe,0x65,0xa0,0xfe,0x84,0x80,0xfe,0x80,0xfe,0x80,
    0xf6,0x60,0xf6,0x12,0x60,0xf6,0xa4,0x40,0xf6,0x40,0xf6,0x40,0xf6,0x60,0xf6,0x60,
    0xf6,0x60,0xf6,0x60,0xf6,0x60,0xf6,0x60,0xf6,0x60,0xf6,0x80,0xf6,0x80,0xfe,0x80,
    0xfe,0xa0,0xfe,0xa0,0xfe,0xa0,0xfe,0xa0,0xfe,0xa0,0xfe,0xa0,0xfe,0xc0,0xfe,0xc0,
    0xfe,0xc0,0xfe,0xc0,0xfe,0xa0,0xfe,0xa0,0xfe,0xa0,0xfe,0xa0,0xfe,0xa0,0xfe,0xa0,
    0xfe,0xa0,0xfe,0xa0,0xfe,0xa0,0xfe,0xa0,0xfe,0x80,0xfe,0x80,0xfe,0xa0,0xfe,0x44,
    0xa0,0xfe,0x84,0x80,0xfe,0x80,0xfe,0x80,0xfe,0xa0,0xfe,0x6c,0xa0,0xfe,0x8d,0x80,
    0xfe,0x80,0xfe,0x80,0xfe,0xa0,0xfe,0xa0,0xfe,0xa0,0xfe,0xa0,0xfe,0xa0,0xfe,0xa0,
    0xfe,0xa0,0xfe,0xa0,0xfe,0x80,0xfe,0xa0,0xfe,0x24,0xa0,0xfe,0xae,0x80,0xfe,0x80,
    0xfe,0x60,0xf6,0x60,0xf6,0x40,0xf6,0x40,0xf6,0x40,0xee,0x40,0xee,0x40,0xf6,0x40,
    0xee,0x40,0xee,0x40,0xee,0x40,0xf6,0x40,0xf6,0x40,0xf6,0x40,0xf6,0x40,0xf6,0x40,
    0xf6,0x40,0xf6,0x40,0xf6,0x40,0xf6,0x40,0xf6,0x40,0xf6,0x40,0xf6,0x20,0xf6,0x20,
    0xf6,0x40,0xf6,0x40,0xf6,0x40,0xf6,0x40,0xf6,0x60,0xf6,0x40,0xf6,0x60,0xf6,0x60,
    0xf6,0x60,0xf6,0x80,0xfe,0xa0,0xfe,0xa0,0xfe,0xa0,0xfe,0xa0,0xfe,0xa0,0xfe,0xa0,
    0xfe,0xa0,0xfe,0xa0,0xfe,0xc0,0xfe,0xa0,0xfe,0x2b,0xa0,0xfe,0x82,0x80,0xfe,0xa0,
    0xfe,0x27,0xa0,0xfe,0x82,0x80,0xfe,0xa0,0xfe,0x6f,0xa0,0xfe,0x83,0x80,0xfe,0x80,
    0xfe,0xa0,0xfe,0x2a,0xa0,0xfe,0xb3,0x80,0xfe,0x80,0xf6,0x60,0xf6,0x61,0xf6,0x61,
    0xee,0x61,0xee,0x41,0xee,0x41,0xee,0x20,0xee,0x40,0xee,0x20,0xee,0x00,0xe6,0x00,
    0xee,0x20,0xee,0x20,0xee,0x40,0xee,0x20,0xee,0x20,0xee,0x20,0xee,0x40,0xee,0x40,
    0xee,0x20,0xee,0x40,0xee,0x20,0xee,0x20,0xee,0x20,0xee,0x20,0xee,0x20,0xee,0x40,
    0xee,0x40,0xee,0x20,0xee,0x20,0xee,0x41,0xf6,0x61,0xf6,0x60,0xf6,0x80,0xf6,0xa0,
    0xfe,0xa0,0xfe,0xa0,0xfe,0xa0,0xfe,0xa0,0xfe,0xa0,0xfe,0xa0,0xfe,0xa0,0xfe,0xc0,
    0xfe,0xa0,0xfe,0xa0,0xfe,0xa0,0xfe,0xc0,0xfe,0xc0,0xfe,0xa0,0xfe,0x78,0xa0,0xfe,
    0x82,0xc0,0xfe,0xa0,0xfe,0x72,0xa0,0xfe,0xb2,0x80,0xfe,0x80,0xf6,0x60,0xf6,0x83,
    0xf6,0x96,0xff,0x75,0xff,0x95,0xff,0x75,0xff,0x97,0xff,0x64,0xee,0x30,0xf7,0x75,
    0xff,0x30,0xf7,0x31,0xf7,0x30,0xf7,0x42,0xee,0x00,0xee,0x64,0xee,0x75,0xff,0xa9,
    0xf6,0x00,0xee,0x63,0xee,0x52,0xff,0x20,0xee,0xcb,0xf6,0xcc,0xf6,0x0e,0xf7,0xa9,
    0xf6,0xe0,0xe5,0x20,0xee,0x41,0xee,0x43,0xee,0x86,0xee,0x73,0xff,0x74,0xff,0xc7,
    0xf6,0x60,0xf6,0x80,0xfe,0xa0,0xfe,0xa0,0xfe,0xa0,0xfe,0xa0,0xfe,0xa0,0xfe,0xa0,
    0xfe,0xa0,0xfe,0xa0,0xfe,0xa0,0xfe,0xa0,0xfe,0xc0,0xfe,0xa0,0xfe,0x53,0xa0,0xfe,
    0x82,0x80,0xfe,0xa0,0xfe,0x12,0xa0,0xfe,0x82,0xc0,0xfe,0xa0,0xfe,0x11,0xa0,0xfe,
    0x82,0xc0,0xfe,0xa0,0xfe,0x72,0xa0,0xfe,0xb2,0x80,0xfe,0x80,0xfe,0x60,0xf6,0x40,
    0xf6,0xeb,0xf6,0x30,0xf7,0x30,0xf7,0x30,0xf7,0xec,0xf6,0x01,0xe6,0xcc,0xf6,0x31,
    0xf7,0x31,0xf7,0x0f,0xf7,0xb8,0xff,0x65,0xee,0xe0,0xe5,0xed,0xf6,0xfe,0xff,0x53,
    0xff,0xe0,0xe5,0x44,0xee,0xb9,0xff,0x21,0xee,0x10,0xf7,0xda,0xff,0x98,0xff,0x97,
    0xff,0x98,0xff,0xa9,0xee,0xed,0xf6,0xb9,0xff,0x76,0xff,0xb9,0xff,0xba,0xff,0xeb,
    0xf6,0x40,0xf6,0x80,0xf6,0x80,0xfe,0xa0,0xfe,0xa0,0xfe,0xa0,0xfe,0xa0,0xfe,0xa0,
    0xfe,0xa0,0xfe,0xa0,0xfe,0xa0,0xfe,0xa0,0xfe,0xc0,0xfe,0xa0,0xfe,0x3d,0xa0,0xfe,
    0x99,0x80,0xfe,0x80,0xfe,0xa0,0xfe,0xa0,0xfe,0xa0,0xfe,0xa0,0xfe,0xa0,0xfe,0xa0,
    0xfe,0xa0,0xfe,0xa0,0xfe,0xa0,0xfe,0xa0,0xfe,0xa0,0xfe,0xa0,0xfe,0xa0,0xfe,0xa0,
    0xfe,0xa0,0xfe,0xa0,0xfe,0xa0,0xfe,0x80,0xfe,0x80,0xfe,0xa0,0xfe,0xa0,0xfe,0x80,
    0xfe,0xa0,0xfe,0x24,0xa0,0xfe,0x82,0xc0,0xfe,0xa0,0xfe,0x50,0xa0,0xfe,0x83,0x80,
    0xfe,0x80,0xfe,0xa0,0xfe,0x1f,0xa0,0xfe,0xb3,0x80,0xfe,0x80,0xfe,0x60,0xf6,0x20,
    0xee,0x51,0xff,0x75,0xff,0x10,0xf7,0x75,0xff,0x53,0xf7,0xc0,0xdd,0x31,0xf7,0x76,
    0xff,0x97,0xff,0x88,0xee,0x32,0xf7,0x65,0xee,0xc0,0xe5,0x54,0xff,0x31,0xf7,0x96,
    0xff,0x21,0xe6,0x23,0xee,0x98,0xff,0x22,0xee,0x43,0xee,0x25,0xe6,0x53,0xf7,0xcd,
    0xf6,0x46,0xe6,0x23,0xe6,0x31,0xf7,0x10,0xf7,0x46,0xee,0x53,0xff,0xec,0xf6,0x20,
    0xee,0x60,0xf6,0x80,0xf6,0x80,0xfe,0xa0,0xfe,0xa0,0xfe,0xa0,0xfe,0xa0,0xfe,0x80,
    0xfe,0xa0,0xfe,0xa0,0xfe,0xa0,0xfe,0xc0,0xfe,0xc0,0xfe,0xc0,0xfe,0xa0,0xfe,0x39,
    0xa0,0xfe,0x9c,0x80,0xfe,0x80,0xfe,0xa0,0xfe,0xa0,0xfe,0xa0,0xfe,0x80,0xfe,0x80,
    0xfe,0xa0,0xfe,0xa0,0xfe,0xa0,0xfe,0xa0,0xfe,0xa0,0xfe,0xa0,0xfe,0x80,0xfe,0xa0,
    0xfe,0xa0,0xfe,0xa0,0xfe,0xa0,0xfe,0xa0,0xfe,0xa0,0xfe,0xa0,0xfe,0xa0,0xfe,0xa0,
    0xfe,0xa0,0xfe,0xa0,0xfe,0x80,0xfe,0x80,0xfe,0xa0,0xfe,0x42,0xa0,0xfe,0x83,0x80,
    0xfe,0x80,0xfe,0xa0,0xfe,0x2f,0xa0,0xfe,0x83,0x80,0xfe,0x80,0xfe,0xa0,0xfe,0x21,
    0xa0,0xfe,0xa7,0x80,0xfe,0x80,0xfe,0x60,0xf6,0x20,0xee,0x73,0xff,0x74,0xff,0x0f,
    0xf7,0x53,0xf7,0x75,0xff,0xc0,0xdd,0x75,0xff,0x68,0xee,0x10,0xf7,0xcd,0xf6,0x53,
    0xf7,0x44,0xee,0x01,0xe6,0xb8,0xff,0x45,0xee,0x76,0xff,0x88,0xee,0x22,0xe6,0xb8,
    0xff,0x22,0xe6,0x23,0xee,0xef,0xf6,0x76,0xff,0x53,0xf7,0xcd,0xee,0xe0,0xe5,0x32,
    0xf7,0xb9,0xff,0x76,0xff,0x10,0xf7,0x30,0xf7,0x42,0xee,0x60,0xf6,0x80,0xf6,0xa0,
    0xfe,0x45,0xa0,0xfe,0x8a,0x80,0xfe,0x80,0xfe,0x80,0xfe,0x80,0xfe,0xa0,0xfe,0xa0,
    0xfe,0x80,0xfe,0x80,0xfe,0x80,0xfe,0xa0,0xfe,0x46,0xa0,0xfe,0x93,0x80,0xfe,0xa0,
    0xfe,0xa0,0xfe,0xa0,0xfe,0xa0,0xfe,0xa0,0xfe,0xa0,0xfe,0xa0,0xfe,0xa0,0xfe,0xa0,
    0xfe,0xa0,0xfe,0xa0,0xfe,0xa0,0xfe,0xa0,0xfe,0x80,0xfe,0x80,0xfe,0x80,0xfe,0x80,
    0xfe,0xa0,0xfe,0x51,0xa0,0xfe,0xa7,0x80,0xfe,0x80,0xf6,0x60,0xf6,0x40,0xee,0xc9,
    0xf6,0x53,0xf7,0xcc,0xf6,0x53,0xf7,0xab,0xee,0xc0,0xdd,0x53,0xf7,0x76,0xff,0x96,
    0xff,0xee,0xf6,0x96,0xff,0x23,0xe6,0x88,0xee,0xdb,0xff,0x98,0xff,0xdb,0xff,0xee,
    0xf6,0x22,0xe6,0xb8,0xff,0x21,0xe6,0x43,0xee,0xef,0xf6,0x75,0xff,0x53,0xf7,0xcc,
    0xf6,0xe0,0xe5,0x54,0xff,0x67,0xee,0x32,0xf7,0xcc,0xf6,0xba,0xff,0x0e,0xf7,0x40,
    0xf6,0xa0,0xf6,0xa0,0xfe,0x46,0xa0,0xfe,0xbe,0x80,0xfe,0x80,0xfe,0x80,0xfe,0x80,
    0xfe,0xa0,0xfe,0xa0,0xfe,0x80,0xfe,0x80,0xfe,0xa0,0xfe,0xa0,0xfe,0xa0,0xfe,0xa0,
    0xfe,0x80,0xfe,0x80,0xfe,0x80,0xfe,0xa0,0xfe,0xa0,0xfe,0xa0,0xfe,0xa0,0xfe,0xa0,
    0xfe,0xa0,0xfe,0xa0,0xfe,0x80,0xfe,0xa0,0xfe,0xa0,0xfe,0xa0,0xfe,0xa0,0xfe,0xa0,
    0xfe,0xa0,0xfe,0xa0,0xfe,0x80,0xfe,0xa0,0xfe,0xa0,0xfe,0xa0,0xfe,0xa0,0xfe,0xa0,
    0xfe,0xa0,0xfe,0x80,0xfe,0xa0,0xfe,0xa0,0xfe,0xa0,0xfe,0xa0,0xfe,0xa0,0xfe,0xa0,
    0xfe,0xa0,0xfe,0xa0,0xfe,0xa0,0xfe,0xa0,0xfe,0xa0,0xfe,0xa0,0xfe,0xa0,0xfe,0xa0,
    0xfe,0xa0,0xfe,0xa0,0xfe,0xa0,0xfe,0x80,0xfe,0xa0,0xfe,0xa0,0xfe,0xa0,0xfe,0xa0,
    0xfe,0x80,0xfe,0xa0,0xfe,0x1e,0xa0,0xfe,0x89,0x80,0xfe,0x80,0xfe,0x80,0xfe,0x80,
    0xfe,0x80,0xfe,0x80,0xfe,0x80,0xfe,0x80,0xfe,0xa0,0xfe,0x37,0xa0,0xfe,0x83,0x80,
    0xfe,0x80,0xfe,0xa0,0xfe,0x14,0xa0,0xfe,0xa8,0x80,0xfe,0x80,0xfe,0x60,0xf6,0x61,
    0xf6,0xea,0xf6,0x76,0xff,0x66,0xee,0x75,0xff,0xed,0xf6,0x01,0xe6,0x74,0xff,0x52,
    0xf7,0xed,0xf6,0xcc,0xf6,0xee,0xf6,0x01,0xe6,0x32,0xf7,0x53,0xff,0x67,0xee,0xee,
    0xf6,0x96,0xff,0x64,0xee,0xb8,0xff,0x43,0xee,0x65,0xee,0x46,0xee,0x54,0xff,0xee,
    0xf6,0x46,0xee,0x44,0xee,0x75,0xff,0x87,0xee,0x74,0xff,0x51,0xff,0xda,0xff,0xa7,
    0xf6,0x40,0xf6,0x80,0xf6,0x80,0xfe,0xa0,0xfe,0x44,0xa0,0xfe,0xec,0x80,0xfe,0x80,
    0xfe,0x80,0xfe,0x80,0xfe,0x80,0xfe,0xa0,0xfe,0x80,0xfe,0x80,0xfe,0x80,0xfe,0x80,
    0xfe,0xa0,0xfe,0xa0,0xfe,0x80,0xfe,0x80,0xfe,0x80,0xfe,0x80,0xfe,0xa0,0xfe,0xa0,
    0xfe,0xa0,0xfe,0xa0,0xfe,0xa0,0xfe,0xa0,0xfe,0xa0,0xfe,0xa0,0xfe,0x80,0xfe,0x80,
    0xfe,0xa0,0xfe,0xa0,0xfe,0xa0,0xfe,0xa0,0xfe,0x80,0xfe,0xa0,0xfe,0xa0,0xfe,0xa0,
    0xfe,0xa0,0xfe,0xa0,0xfe,0xa0,0xfe,0xa0,0xfe,0x80,0xfe,0xa0,0xfe,0xa0,0xfe,0xa0,
    0xfe,0xa0,0xfe,0x80,0xfe,0x80,0xfe,0xa0,0xfe,0xa0,0xfe,0xa0,0xfe,0xa0,0xfe,0xa0,
    0xfe,0xa0,0xfe,0xa0,0xfe,0xa0,0xfe,0x80,0xfe,0xa0,0xfe,0xa0,0xfe,0xa0,0xfe,0x80,
    0xfe,0xa0,0xfe,0x80,0xfe,0x80,0xfe,0x80,0xfe,0xa0,0xfe,0x80,0xfe,0xa0,0xfe,0xa0,
    0xfe,0xa0,0xfe,0xa0,0xfe,0xa0,0xfe,0xa0,0xfe,0xa0,0xfe,0xa0,0xfe,0xa0,0xfe,0xa0,
    0xfe,0xa0,0xfe,0xa0,0xfe,0xa0,0xfe,0xa0,0xfe,0xa0,0xfe,0x80,0xfe,0x80,0xfe,0x80,
    0xfe,0xa0,0xfe,0x80,0xfe,0xa0,0xfe,0xa0,0xfe,0x80,0xfe,0xa0,0xfe,0x80,0xfe,0xa0,
    0xfe,0xa0,0xfe,0x80,0xfe,0x80,0xfe,0x80,0xfe,0x80,0xfe,0x80,0xfe,0xa0,0xfe,0x80,
    0xfe,0x80,0xfe,0x80,0xfe,0x80,0xfe,0x80,0xfe,0xa0,0xfe,0x80,0xfe,0x80,0xfe,0xa0,
    0xfe,0x80,0xfe,0xa0,0xfe,0x2f,0xa0,0xfe,0xc2,0x80,0xfe,0x80,0xfe,0x80,0xfe,0x80,
    0xfe,0x80,0xfe,0xa0,0xfe,0x80,0xfe,0xa0,0xfe,0xa0,0xfe,0xa0,0xfe,0xa0,0xfe,0xa0,
    0xfe,0xa0,0xfe,0xa0,0xfe,0xa0,0xfe,0xa0,0xfe,0xa0,0xfe,0xa0,0xfe,0xa0,0xfe,0xa0,
    0xfe,0xa0,0xfe,0xa0,0xfe,0xa0,0xfe,0xa0,0xfe,0x80,0xfe,0x80,0xfe,0x80,0xfe,0x60,
    0xf6,0x83,0xf6,0x95,0xff,0x95,0xff,0x96,0xff,0x75,0xff,0x96,0xff,0x64,0xee,0x0f,
    0xf7,0x96,0xff,0x74,0xff,0x75,0xff,0x74,0xff,0x43,0xee,0x53,0xff,0x86,0xee,0xc0,
    0xe5,0x21,0xee,0x73,0xff,0xa7,0xf6,0x53,0xff,0x42,0xee,0x51,0xff,0xb7,0xff,0x75,
    0xff,0x75,0xff,0xb7,0xff,0xec,0xf6,0x0f,0xf7,0xcb,0xf6,0x96,0xff,0x63,0xee,0x0d,
    0xf7,0x0b,0xff,0x40,0xf6,0x80,0xfe,0x80,0xfe,0x80,0xfe,0xa0,0xfe,0x43,0xa0,0xfe,
    0xf1,0x80,0xfe,0x80,0xfe,0xa0,0xfe,0x80,0xfe,0xa0,0xfe,0xa0,0xfe,0x80,0xfe,0xa0,
    0xfe,0x80,0xfe,0x80,0xfe,0xa0,0xfe,0xa0,0xfe,0xa0,0xfe,0x80,0xfe,0xa0,0xfe,0xa0,
    0xfe,0xa0,0xfe,0xa0,0xfe,0xa0,0xfe,0xa0,0xfe,0xa0,0xfe,0x80,0xfe,0xa0,0xfe,0xa0,
    0xfe,0x80,0xfe,0x80,0xfe,0x80,0xfe,0xa0,0xfe,0xa0,0xfe,0xa0,0xfe,0x80,0xfe,0xa0,
    0xfe,0xa0,0xfe,0xa0,0xfe,0xa0,0xfe,0xa0,0xfe,0xa0,0xfe,0xa0,0xfe,0xa0,0xfe,0xa0,
    0xfe,0x80,0xfe,0x80,0xfe,0x80,0xfe,0x80,0xfe,0x80,0xfe,0x80,0xfe,0x80,0xfe,0xa0,
    0xfe,0xa0,0xfe,0xa0,0xfe,0xa0,0xfe,0xa0,0xfe,0xa0,0xfe,0xa0,0xfe,0xa0,0xfe,0xa0,
    0xfe,0xa0,0xfe,0xa0,0xfe,0xa0,0xfe,0x80,0xfe,0x80,0xfe,0x80,0xfe,0x80,0xfe,0x80,
    0xfe,0x80,0xfe,0x80,0xfe,0x80,0xfe,0xa0,0xfe,0xa0,0xfe,0xa0,0xfe,0x80,0xfe,0x80,
    0xfe,0xa0,0xfe,0xa0,0xfe,0xa0,0xfe,0xa0,0xfe,0xa0,0xfe,0xa0,0xfe,0xa0,0xfe,0xa0,
    0xfe,0x80,0xfe,0x80,0xfe,0x80,0xfe,0xa0,0xfe,0xa0,0xfe,0xa0,0xfe,0xa0,0xfe,0xa0,
    0xfe,0x80,0xfe,0xa0,0xfe,0x80,0xfe,0xa0,0xfe,0x80,0xfe,0xa0,0xfe,0x80,0xfe,0x80,
    0xfe,0x80,0xfe,0x80,0xfe,0x80,0xfe,0x80,0xfe,0x80,0xfe,0x80,0xfe,0x80,0xfe,0x80,
    0xfe,0x80,0xfe,0xa0,0xfe,0x80,0xfe,0xa0,0xfe,0xa0,0xfe,0xa0,0xfe,0xa0,0xfe,0x80,
    0xfe,0xa0,0xfe,0x28,0xa0,0xfe,0xc8,0x80,0xfe,0x80,0xfe,0x80,0xfe,0x80,0xfe,0x80,
    0xfe,0x80,0xfe,0x80,0xfe,0x80,0xfe,0xa0,0xfe,0xa0,0xfe,0xa0,0xfe,0xa0,0xfe,0xa0,
    0xfe,0xa0,0xfe,0xa0,0xfe,0xa0,0xfe,0xa0,0xfe,0xa0,0xfe,0xa0,0xfe,0xa0,0xfe,0xa0,
    0xfe,0xa0,0xfe,0xa0,0xfe,0xa0,0xfe,0xa0,0xfe,0x80,0xfe,0x80,0xfe,0x80,0xfe,0x80,
    0xfe,0x80,0xf6,0x60,0xf6,0x40,0xf6,0x40,0xee,0x20,0xee,0x20,0xee,0x20,0xee,0x20,
    0xee,0x20,0xee,0x20,0xee,0x20,0xee,0x20,0xee,0x20,0xee,0x20,0xee,0x40,0xee,0x20,
    0xee,0x40,0xee,0x20,0xee,0x20,0xee,0x40,0xee,0x40,0xee,0x40,0xee,0x40,0xee,0x20,
    0xee,0x20,0xee,0x20,0xee,0x20,0xee,0x20,0xee,0x40,0xee,0x40,0xee,0x40,0xee,0x40,
    0xee,0x40,0xf6,0x80,0xf6,0x80,0xf6,0x80,0xfe,0xa0,0xfe,0xa0,0xfe,0xa0,0xfe,0xa0,
    0xfe,0xa0,0xfe,0x80,0xfe,0xa0,0xfe,0x42,0xa0,0xfe,0xe5,0x80,0xfe,0xa0,0xfe,0xa0,
    0xfe,0x80,0xfe,0xa0,0xfe,0x80,0xfe,0xa0,0xfe,0xa0,0xfe,0xa0,0xfe,0xa0,0xfe,0xa0,
    0xfe,0xa0,0xfe,0xa0,0xfe,0xa0,0xfe,0xa0,0xfe,0xa0,0xfe,0xa0,0xfe,0xa0,0xfe,0xa0,
    0xfe,0x80,0xfe,0x80,0xfe,0x80,0xfe,0x80,0xfe,0x80,0xfe,0xa0,0xfe,0xa0,0xfe,0xa0,
    0xfe,0xa0,0xfe,0xa0,0xfe,0xa0,0xfe,0xa0,0xfe,0xa0,0xfe,0xa0,0xfe,0xa0,0xfe,0xa0,
    0xfe,0xa0,0xfe,0xa0,0xfe,0x80,0xfe,0xa0,0xfe,0x80,0xfe,0x80,0xfe,0x80,0xfe,0x80,
    0xfe,0x80,0xfe,0xa0,0xfe,0xa0,0xfe,0xa0,0xfe,0xa0,0xfe,0xa0,0xfe,0xa0,0xfe,0xa0,
    0xfe,0xa0,0xfe,0xa0,0xfe,0xa0,0xfe,0xa0,0xfe,0xa0,0xfe,0x80,0xfe,0x80,0xfe,0x80,
    0xfe,0x80,0xfe,0x80,0xfe,0x80,0xfe,0x80,0xfe,0x80,0xfe,0x80,0xfe,0x80,0xfe,0x80,
    0xfe,0x80,0xfe,0x80,0xfe,0x80,0xfe,0xa0,0xfe,0xa0,0xfe,0xa0,0xfe,0xa0,0xfe,0xa0,
    0xfe,0xa0,0xfe,0xa0,0xfe,0xa0,0xfe,0xa0,0xfe,0xa0,0xfe,0xa0,0xfe,0xa0,0xfe,0xa0,
    0xfe,0x80,0xfe,0x80,0xfe,0x80,0xfe,0x80,0xfe,0x80,0xfe,0xa0,0xfe,0xa0,0xfe,0xa0,
    0xfe,0xa0,0xfe,0xa0,0xfe,0xa0,0xfe,0x80,0xfe,0x80,0xfe,0x80,0xfe,0x80,0xfe,0x80,
    0xfe,0x80,0xfe,0xa0,0xfe,0x34,0xa0,0xfe,0xc5,0x80,0xfe,0x80,0xfe,0x80,0xfe,0xa0,
    0xfe,0x80,0xfe,0x80,0xfe,0x80,0xfe,0x80,0xfe,0xa0,0xfe,0xa0,0xfe,0xa0,0xfe,0xa0,
    0xfe,0xa0,0xfe,0xa0,0xfe,0xa0,0xfe,0xa0,0xfe,0xa0,0xfe,0xa0,0xfe,0xa0,0xfe,0xa0,
    0xfe,0xa0,0xfe,0xa0,0xfe,0xa0,0xfe,0xa0,0xfe,0x80,0xfe,0x80,0xfe,0x80,0xfe,0x60,
    0xf6,0x60,0xf6,0x40,0xf6,0x40,0xf6,0x40,0xf6,0x40,0xee,0x40,0xf6,0x40,0xee,0x40,
    0xee,0x40,0xee,0x40,0xee,0x40,0xee,0x40,0xf6,0x40,0xf6,0x60,0xf6,0x60,0xf6,0x40,
    0xf6,0x40,0xf6,0x40,0xf6,0x40,0xf6,0x60,0xf6,0x40,0xf6,0x40,0xee,0x40,0xee,0x40,
    0xee,0x40,0xf6,0x40,0xf6,0x60,0xf6,0x60,0xf6,0x60,0xf6,0x60,0xf6,0x60,0xf6,0x80,
    0xf6,0x80,0xfe,0x80,0xfe,0x80,0xfe,0xa0,0xfe,0xa0,0xfe,0xa0,0xfe,0xa0,0xfe,0x80,
    0xfe,0xa0,0xfe,0x47,0xa0,0xfe,0x82,0x80,0xfe,0xa0,0xfe,0x21,0xa0,0xfe,0x99,0x80,
    0xfe,0xa0,0xfe,0xa0,0xfe,0xa0,0xfe,0xa0,0xfe,0xa0,0xfe,0xa0,0xfe,0xa0,0xfe,0xa0,
    0xfe,0xa0,0xfe,0xa0,0xfe,0xa0,0xfe,0xa0,0xfe,0xa0,0xfe,0xa0,0xfe,0xa0,0xfe,0xa0,
    0xfe,0x80,0xfe,0x80,0xfe,0x80,0xfe,0x80,0xfe,0x80,0xfe,0x80,0xfe,0x80,0xfe,0xa0,
    0xfe,0x14,0xa0,0xfe,0x92,0x80,0xfe,0x80,0xfe,0x80,0xfe,0xa0,0xfe,0xa0,0xfe,0xa0,
    0xfe,0xa0,0xfe,0xa0,0xfe,0xa0,0xfe,0xa0,0xfe,0xa0,0xfe,0x80,0xfe,0x80,0xfe,0x80,
    0xfe,0x80,0xfe,0xa0,0xfe,0x80,0xfe,0xa0,0xfe,0x34,0xa0,0xfe,0x86,0x80,0xfe,0xa0,
    0xfe,0x80,0xfe,0x80,0xfe,0x80,0xfe,0xa0,0xfe,0x11,0xa0,0xfe,0x85,0x80,0xfe,0x80,
    0xfe,0x80,0xfe,0x80,0xf6,0x60,0xf6,0x19,0x60,0xf6,0x8e,0x80,0xf6,0x80,0xf6,0x80,
    0xf6,0x80,0xf6,0x80,0xfe,0x80,0xfe,0xa0,0xfe,0xa0,0xfe,0xa0,0xfe,0xa0,0xfe,0xa0,
    0xfe,0xa0,0xfe,0x80,0xfe,0xa0,0xfe,0x56,0xa0,0xfe,0x82,0x80,0xfe,0xa0,0xfe,0x25,
    0xa0,0xfe,0x83,0x80,0xfe,0x80,0xfe,0xa0,0xfe,0x22,0xa0,0xfe,0x83,0x80,0xfe,0x80,
    0xfe,0xa0,0xfe,0x3b,0xa0,0xfe,0x82,0x80,0xfe,0xa0,0xfe,0x13,0xa0,0xfe,0xc4,0x80,
    0xfe,0x80,0xfe,0x80,0xfe,0x80,0xfe,0x80,0xf6,0x60,0xf6,0x60,0xf6,0x60,0xf6,0x60,
    0xf6,0x60,0xf6,0x60,0xf6,0x60,0xf6,0x60,0xf6,0x80,0xf6,0x80,0xf6,0x60,0xf6,0x60,
    0xf6,0x80,0xf6,0x60,0xf6,0x60,0xf6,0x80,0xf6,0x80,0xf6,0x80,0xf6,0x80,0xf6,0x80,
    0xf6,0x80,0xf6,0x80,0xf6,0x80,0xf6,0x80,0xf6,0x80,0xf6,0x80,0xf6,0xa0,0xf6,0xa0,
    0xfe,0xa0,0xfe,0xa0,0xfe,0xa0,0xfe,0xa0,0xfe,0xa0,0xfe,0xa0,0xfe,0xa0,0xfe,0xa0,
    0xfe,0x80,0xfe,0xa0,0xfe,0xa0,0xfe,0xa0,0xfe,0xc0,0xfe,0xa0,0xfe,0xa0,0xfe,0xa0,
    0xfe,0xa0,0xfe,0xa0,0xfe,0xa0,0xfe,0xa0,0xfe,0xa0,0xfe,0xa0,0xfe,0xa0,0xfe,0xa0,
    0xfe,0xa0,0xfe,0xa0,0xfe,0xa0,0xfe,0xa0,0xfe,0xa0,0xfe,0xa0,0xfe,0xc0,0xfe,0xc0,
    0xfe,0xc0,0xfe,0xc0,0xfe,0xa0,0xfe,0x7f,0xa0,0xfe,0x5f,0xa0,0xfe,0x8b,0x80,0xfe,
    0x80,0xfe,0x80,0xfe,0x80,0xfe,0x80,0xfe,0x80,0xfe,0x80,0xfe,0x80,0xfe,0x80,0xfe,
    0x80,0xf6,0x80,0xfe,0x11,0x80,0xfe,0x8d,0xa0,0xfe,0xa0,0xfe,0xa0,0xfe,0xa0,0xfe,
    0xa0,0xfe,0xa0,0xfe,0xa0,0xfe,0xa0,0xfe,0xa0,0xfe,0xa0,0xfe,0xa0,0xfe,0x80,0xfe,
    0xa0,0xfe,0x11,0xa0,0xfe,0x88,0xc0,0xfe,0xa0,0xfe,0xa0,0xfe,0xa0,0xfe,0xc0,0xfe,
    0xc0,0xfe,0xc0,0xfe,0xa0,0xfe,0x13,0xa0,0xfe,0xff,0xc0,0xfe,0xa0,0xfe,0xa0,0xfe,
    0xa0,0xfe,0xa0,0xfe,0xa0,0xfe,0xa0,0xfe,0xa0,0xfe,0xa0,0xfe,0xa0,0xfe,0xa0,0xfe,
    0xa0,0xfe,0xa0,0xfe,0xa0,0xfe,0xa0,0xfe,0xc0,0xfe,0xc0,0xfe,0xa0,0xfe,0xc0,0xfe,
    0xc0,0xfe,0xa0,0xfe,0xa0,0xfe,0xa0,0xfe,0xa0,0xfe,0xc0,0xfe,0xc0,0xfe,0xc0,0xfe,
    0xa0,0xfe,0xa0,0xfe,0xa0,0xfe,0xa0,0xfe,0xa0,0xfe,0xc0,0xfe,0xc0,0xfe,0xa0,0xfe,
    0xc0,0xfe,0xc0,0xfe,0xa0,0xfe,0xc0,0xfe,0xa0,0xfe,0xc0,0xfe,0xc0,0xfe,0xa0,0xfe,
    0xa0,0xfe,0xa0,0xfe,0xa0,0xfe,0xa0,0xfe,0xa0,0xfe,0xa0,0xfe,0xc0,0xfe,0xa0,0xfe,
    0xa0,0xfe,0xa0,0xfe,0xc0,0xfe,0xa0,0xfe,0xc0,0xfe,0xa0,0xfe,0xa0,0xfe,0xa0,0xfe,
    0xa0,0xfe,0xa0,0xfe,0xc0,0xfe,0xa0,0xfe,0xc0,0xfe,0xc0,0xfe,0xc0,0xfe,0xc0,0xfe,
    0xc0,0xfe,0xc0,0xfe,0xc0,0xfe,0xc0,0xfe,0xc0,0xfe,0xc0,0xfe,0xc0,0xfe,0xc0,0xfe,
    0xc0,0xfe,0xa0,0xfe,0xa0,0xfe,0xa0,0xfe,0xa0,0xfe,0xa0,0xfe,0xa0,0xfe,0xa0,0xfe,
    0xa0,0xfe,0xa0,0xfe,0xa0,0xfe,0xa0,0xfe,0xc0,0xfe,0xc0,0xfe,0xc0,0xfe,0xc0,0xfe,
    0xc0,0xfe,0xc0,0xfe,0xc0,0xfe,0xc0,0xfe,0xa0,0xfe,0xa0,0xfe,0xa0,0xfe,0xa0,0xfe,
    0xc0,0xfe,0xc0,0xfe,0xc0,0xfe,0xc0,0xfe,0xc0,0xfe,0xc0,0xfe,0xc0,0xfe,0xc0,0xfe,
    0xc0,0xfe,0xc0,0xfe,0xa0,0xfe,0xa0,0xfe,0xa0,0xfe,0xa0,0xfe,0xa0,0xfe,0xa0,0xfe,
    0xa0,0xfe,0xa0,0xfe,0xa0,0xfe,0xa0,0xfe,0xa0,0xfe,0xc0,0xfe,0xa0,0xfe,0xa0,0xfe,
    0xc0,0xfe,0xc0,0xfe,0xc0,0xfe,0xc0,0xfe,0xbf,0xc0,0xfe,0xc0,0xfe,0xc0,0xfe,0xc0,
    0xfe,0xa0,0xfe,0xa0,0xfe,0xa0,0xfe,0xa0,0xfe,0xa0,0xfe,0xa0,0xfe,0xa0,0xfe,0xc0,
    0xfe,0xa0,0xfe,0xa0,0xfe,0xa0,0xfe,0xa0,0xfe,0xa0,0xfe,0xa0,0xfe,0xa0,0xfe,0xa0,
    0xfe,0xc0,0xfe,0xa0,0xfe,0xa0,0xfe,0xa0,0xfe,0xa0,0xfe,0xa0,0xfe,0xa0,0xfe,0xc0,
    0xfe,0xc0,0xfe,0xc0,0xfe,0xc0,0xfe,0xc0,0xfe,0xc0,0xfe,0xa0,0xfe,0xa0,0xfe,0xc0,
    0xfe,0xc0,0xfe,0xc0,0xfe,0xc0,0xfe,0xc0,0xfe,0xc0,0xfe,0xc0,0xfe,0xc0,0xfe,0xc0,
    0xfe,0xc0,0xfe,0xa0,0xfe,0xa0,0xfe,0xa0,0xfe,0xa0,0xfe,0xa0,0xfe,0xa0,0xfe,0xa0,
    0xfe,0xa0,0xfe,0xa0,0xfe,0xa0,0xfe,0xa0,0xfe,0xa0,0xfe,0xa0,0xfe,0xa0,0xfe,0xc0,
    0xfe,0xc0,0xfe,0xc0,0xfe,0xa0,0xfe,0x11,0xa0,0xfe,0xb9,0x80,0xfe,0x80,0xfe,0x80,
    0xfe,0x80,0xfe,0x80,0xfe,0xa0,0xfe,0xa0,0xfe,0xa0,0xfe,0x80,0xfe,0x80,0xfe,0xa0,
    0xfe,0x80,0xfe,0x80,0xfe,0xa0,0xfe,0xa0,0xfe,0x80,0xfe,0x80,0xfe,0x80,0xfe,0x80,
    0xfe,0x80,0xfe,0x80,0xfe,0x80,0xfe,0xa0,0xfe,0xa0,0xfe,0xa0,0xfe,0xa0,0xfe,0xa0,
    0xfe,0xa0,0xfe,0xa0,0xfe,0xa0,0xfe,0xa0,0xfe,0xa0,0xfe,0xa0,0xfe,0xa0,0xfe,0xa0,
    0xfe,0x80,0xfe,0xa0,0xfe,0xa0,0xfe,0xa0,0xfe,0xa0,0xfe,0xa0,0xfe,0xa0,0xfe,0xc0,
    0xfe,0xa0,0xfe,0xa0,0xfe,0xc0,0xfe,0xc0,0xfe,0xc0,0xfe,0xa0,0xfe,0xa0,0xfe,0xa0,
    0xfe,0xa0,0xfe,0xa0,0xfe,0xa0,0xfe,0xc0,0xfe,0xc0,0xfe,0xa0,0xfe,0x18,0xa0,0xfe,
    0xbd,0xc0,0xfe,0xc0,0xfe,0xc0,0xfe,0xa0,0xfe,0xa0,0xfe,0xa0,0xfe,0xa0,0xfe,0xa0,
    0xfe,0xa0,0xfe,0xa0,0xfe,0xa0,0xfe,0xa0,0xfe,0xa0,0xfe,0xa0,0xfe,0xc0,0xfe,0xc0,
    0xfe,0xc0,0xfe,0xc0,0xfe,0xc0,0xfe,0xc0,0xfe,0xc0,0xfe,0xc0,0xfe,0xa0,0xfe,0xa0,
    0xfe,0xa0,0xfe,0xa0,0xfe,0xa0,0xfe,0xa0,0xfe,0xa0,0xfe,0xa0,0xfe,0xa0,0xfe,0xa0,
    0xfe,0xa0,0xfe,0xc0,0xfe,0xc0,0xfe,0xc0,0xfe,0xc0,0xfe,0xa0,0xfe,0xc0,0xfe,0xc0,
    0xfe,0xc0,0xfe,0xa0,0xfe,0xa0,0xfe,0xc0,0xfe,0xc0,0xfe,0xc0,0xfe,0xa0,0xfe,0xa0,
    0xfe,0xc0,0xfe,0xc0,0xfe,0xa0,0xfe,0xa0,0xfe,0xa0,0xfe,0xa0,0xfe,0xc0,0xfe,0xc0,
    0xfe,0xa0,0xfe,0xa0,0xfe,0xa0,0xfe,0xa0,0xfe,0xc0,0xfe,0x14,0xc0,0xfe,0xb7,0xa0,
    0xfe,0xa0,0xfe,0xa0,0xfe,0xa0,0xfe,0xa0,0xfe,0xa0,0xfe,0xc0,0xfe,0xc0,0xfe,0xc0,
    0xfe,0xc0,0xfe,0xc0,0xfe,0xc0,0xfe,0xc0,0xfe,0xa0,0xfe,0xc0,0xfe,0xc0,0xfe,0xc0,
    0xfe,0xa0,0xfe,0xa0,0xfe,0xa0,0xfe,0xc0,0xfe,0xa0,0xfe,0xa0,0xfe,0xc0,0xfe,0xc0,
    0xfe,0xc0,0xfe,0xc0,0xfe,0xa0,0xfe,0xa0,0xfe,0xc0,0xfe,0xc0,0xfe,0xa0,0xfe,0xa0,
    0xfe,0xa0,0xfe,0xa0,0xfe,0xa0,0xfe,0xa0,0xfe,0xa0,0xfe,0xc0,0xfe,0xc0,0xfe,0xa0,
    0xfe,0xa0,0xfe,0xa0,0xfe,0xa0,0xfe,0xa0,0xfe,0xc0,0xfe,0xc0,0xfe,0xc0,0xfe,0xa0,
    0xfe,0xc0,0xfe,0xc0,0xfe,0xa0,0xfe,0xa0,0xfe,0xc0,0xfe,0xa0,0xfe,0x12,0xa0,0xfe,
    0xa4,0xc0,0xfe,0xc0,0xfe,0xc0,0xfe,0xa0,0xfe,0xa0,0xfe,0xa0,0xfe,0xa0,0xfe,0xa0,
    0xfe,0xa0,0xfe,0xc0,0xfe,0xc0,0xfe,0xc0,0xfe,0xc0,0xfe,0xc0,0xfe,0xc0,0xfe,0xc0,
    0xfe,0xc0,0xfe,0xc0,0xfe,0xa0,0xfe,0xa0,0xfe,0xa0,0xfe,0xa0,0xfe,0xa0,0xfe,0xa0,
    0xfe,0xa0,0xfe,0xa0,0xfe,0xa0,0xfe,0xa0,0xfe,0xc0,0xfe,0xc0,0xfe,0xa0,0xfe,0xa0,
    0xfe,0xa0,0xfe,0xc0,0xfe,0xc0,0xfe,0xa0,0xfe,0x11,0xa0,0xfe,0xba,0x80,0xfe,0xa0,
    0xfe,0xa0,0xfe,0xa0,0xfe,0xa0,0xfe,0xa0,0xfe,0xa0,0xfe,0xa0,0xfe,0xa0,0xfe,0xa0,
    0xfe,0xa0,0xfe,0xa0,0xfe,0xa0,0xfe,0xa0,0xfe,0xa0,0xfe,0xa0,0xfe,0x80,0xfe,0x80,
    0xfe,0x80,0xfe,0x80,0xfe,0xa0,0xfe,0xa0,0xfe,0xa0,0xfe,0xa0,0xfe,0xa0,0xfe,0xc0,
    0xfe,0xc0,0xfe,0xc0,0xfe,0xc0,0xfe,0xc0,0xfe,0xa0,0xfe,0xa0,0xfe,0xa0,0xfe,0xa0,
    0xfe,0xa0,0xfe,0xa0,0xfe,0xa0,0xfe,0xa0,0xfe,0xa0,0xfe,0xa0,0xfe,0xc0,0xfe,0xc0,
    0xfe,0xc0,0xfe,0xc0,0xfe,0xc0,0xfe,0xc0,0xfe,0xc0,0xfe,0xc0,0xfe,0xc0,0xfe,0xa0,
    0xfe,0xa0,0xfe,0xa0,0xfe,0xa0,0xfe,0xa0,0xfe,0xc0,0xfe,0xc0,0xfe,0xc0,0xfe,0xa0,
    0xfe,0x17,0xa0,0xfe,0xe5,0xc0,0xfe,0xa0,0xfe,0xc0,0xfe,0xa0,0xfe,0xa0,0xfe,0xa0,
    0xfe,0xa0,0xfe,0xa0,0xfe,0xa0,0xfe,0xa0,0xfe,0xa0,0xfe,0xa0,0xfe,0xa0,0xfe,0xa0,
    0xfe,0xa0,0xfe,0xc0,0xfe,0xc0,0xfe,0xc0,0xfe,0xc0,0xfe,0xc0,0xfe,0xc0,0xfe,0xc0,
    0xfe,0xc0,0xfe,0xa0,0xfe,0xa0,0xfe,0xc0,0xfe,0xa0,0xfe,0xa0,0xfe,0xa0,0xfe,0xa0,
    0xfe,0xa0,0xfe,0xc0,0xfe,0xa0,0xfe,0xa0,0xfe,0xa0,0xfe,0xa0,0xfe,0xc0,0xfe,0xc0,
    0xfe,0xc0,0xfe,0xc0,0xfe,0xc0,0xfe,0xa0,0xfe,0xa0,0xfe,0xa0,0xfe,0xa0,0xfe,0xc0,
    0xfe,0xc0,0xfe,0xc0,0xfe,0xc0,0xfe,0xa0,0xfe,0xc0,0xfe,0xa0,0xfe,0xa0,0xfe,0xc0,
    0xfe,0xc0,0xfe,0xc0,0xfe,0xc0,0xfe,0xc0,0xfe,0xa0,0xfe,0xa0,0xfe,0xc0,0xfe,0xc0,
    0xfe,0xc0,0xfe,0xa0,0xfe,0xc0,0xfe,0xa0,0xfe,0xc0,0xfe,0xc0,0xfe,0xc0,0xfe,0xc0,
    0xfe,0xc0,0xfe,0xc0,0xfe,0xc0,0xfe,0xc0,0xfe,0xc0,0xfe,0xc0,0xfe,0xc0,0xfe,0xc0,
    0xfe,0xc0,0xfe,0xa0,0xfe,0xa0,0xfe,0xa0,0xfe,0xa0,0xfe,0xa0,0xfe,0xa0,0xfe,0xa0,
    0xfe,0xa0,0xfe,0xc0,0xfe,0xc0,0xfe,0xc0,0xfe,0xc0,0xfe,0xa0,0xfe,0xa0,0xfe,0xa0,
    0xfe,0xa0,0xfe,0xa0,0xfe,0xa0,0xfe,0xa0,0xfe,0xc0,0xfe,0xc0,0xfe,0xa0,0xfe,0x11,
    0xa0,0xfe,0xc2,0xc0,0xfe,0xc0,0xfe,0xc0,0xfe,0xc0,0xfe,0xa0,0xfe,0xa0,0xfe,0xa0,
    0xfe,0xa0,0xfe,0xc0,0xfe,0xa0,0xfe,0xc0,0xfe,0xc0,0xfe,0xc0,0xfe,0xc0,0xfe,0xc0,
    0xfe,0xa0,0xfe,0xc0,0xfe,0xc0,0xfe,0xc0,0xfe,0xc0,0xfe,0xc0,0xfe,0xc0,0xfe,0xa0,
    0xfe,0xc0,0xfe,0xa0,0xfe,0xa0,0xfe,0xa0,0xfe,0xa0,0xfe,0xa0,0xfe,0xa0,0xfe,0xa0,
    0xfe,0xa0,0xfe,0xa0,0xfe,0xa0,0xfe,0xa0,0xfe,0xa0,0xfe,0xa0,0xfe,0xc0,0xfe,0xc0,
    0xfe,0xa0,0xfe,0xa0,0xfe,0xc0,0xfe,0xa0,0xfe,0xc0,0xfe,0xa0,0xfe,0xa0,0xfe,0xc0,
    0xfe,0xa0,0xfe,0xa0,0xfe,0xa0,0xfe,0xa0,0xfe,0xc0,0xfe,0xc0,0xfe,0xc0,0xfe,0xa0,
    0xfe,0xa0,0xfe,0xa0,0xfe,0xa0,0xfe,0xc0,0xfe,0xc0,0xfe,0xa0,0xfe,0xa0,0xfe,0xa0,
    0xfe,0xa0,0xfe,0xc0,0xfe,0xa0,0xfe,0x2e,0xa0,0xfe,0x8c,0xc0,0xfe,0xc0,0xfe,0xc0,
    0xfe,0xc0,0xfe,0xc0,0xfe,0xc0,0xfe,0xc0,0xfe,0xc0,0xfe,0xa0,0xfe,0xa0,0xfe,0xa0,
    0xfe,0xa0,0xfe,

};

const lv_image_dsc_t emoji_1f60e_64 = {
  .header.magic = LV_IMAGE_HEADER_MAGIC,
  .header.cf = LV_COLOR_FORMAT_RGB565,
  .header.flags = 0 | LV_IMAGE_FLAGS_COMPRESSED,
  .header.w = 288,
  .header.h = 244,
  .header.stride = 576,
  .data_size = sizeof(emoji_1f60e_64_map),
  .data = emoji_1f60e_64_map,
};

